method,omega,seed,period,k,min_cluster_size,SW,CH,S_Dbw,AVI,AVU,MQ,MQ_next,AVI_next,MQ_mix,AVI_mix,MQ_mix_next,ARI_prev,churn_prev,size_shift_prev
temporal_leiden,0.0,1729,2023-01-01,8,6,0.071804,246.810546,,0.615535,0.452569,0.482741,0.445854,0.573039,0.530645,0.661211,0.511598,,,
temporal_leiden,0.0,1729,2023-02-01,6,5,0.090667,273.942796,1.227555,0.633033,0.460471,0.491778,0.448165,0.596647,0.54003,0.656267,0.516859,0.424511,0.429067,0.256448
temporal_leiden,0.0,1729,2023-03-01,9,5,0.07461,254.743832,,0.571982,0.428066,0.504369,0.413942,0.499944,0.544953,0.633779,0.497004,0.429632,0.391369,0.222718
temporal_leiden,0.0,1729,2023-04-01,7,4,0.132231,269.598027,,0.561138,0.354461,0.489749,0.469173,0.542367,0.513708,0.581841,0.502185,0.571167,0.251488,0.143849
temporal_leiden,0.0,1729,2023-05-01,6,13,0.116083,300.878406,,0.65112,0.462404,0.50507,0.474207,0.642487,0.527396,0.695492,0.510868,0.731581,0.125496,0.040675
temporal_leiden,0.0,1729,2023-06-01,7,3,0.110951,294.726399,,0.610073,0.425685,0.498397,0.493909,0.606836,0.539888,0.662105,0.537484,0.588683,0.22123,0.137401
temporal_leiden,0.0,1729,2023-07-01,5,59,0.13585,390.419721,0.848915,0.744007,0.533349,0.513769,0.474522,0.717412,0.542832,0.799215,0.521815,0.808531,0.106151,0.066468
temporal_leiden,0.0,1729,2023-08-01,6,5,0.115506,300.937036,,0.630761,0.441717,0.494474,0.464507,0.601871,0.534683,0.686816,0.519499,0.858927,0.051587,0.011905
temporal_leiden,0.0,1729,2023-09-01,5,224,0.105838,348.590455,0.969527,0.712675,0.523891,0.481775,0.460228,0.685977,0.543922,0.776137,0.532809,0.73265,0.18998,0.134921
temporal_leiden,0.0,1729,2023-10-01,6,39,0.109333,325.295916,0.853601,0.681461,0.495312,0.509042,0.451051,0.637928,0.542701,0.739058,0.512492,0.68118,0.185516,0.051587
temporal_leiden,0.0,1729,2023-11-01,6,32,0.087698,316.132577,,0.664014,0.472988,0.473089,0.452772,0.647016,0.529935,0.736278,0.518477,0.711448,0.133433,0.012401
temporal_leiden,0.0,1729,2023-12-01,6,58,0.102762,313.732089,,0.666621,0.484042,0.482756,0.41134,0.646097,0.53291,0.750245,0.493926,0.747434,0.119048,0.068452
temporal_leiden,0.0,1729,2024-01-01,6,6,0.106451,284.255285,,0.65076,0.431362,0.479875,0.432791,0.5988,0.513915,0.674476,0.489164,0.576204,0.21131,0.128968
temporal_leiden,0.0,1729,2024-02-01,7,5,0.083067,274.055739,,0.597041,0.423041,0.453797,0.441362,0.587395,0.52483,0.659444,0.518904,0.488782,0.25744,0.141865
temporal_leiden,0.0,1729,2024-03-01,7,4,0.088271,271.566107,,0.605343,0.420358,0.469996,0.392835,0.53614,0.525199,0.658161,0.483951,0.596835,0.183036,0.145337
temporal_leiden,0.0,1729,2024-04-01,5,60,0.097342,358.27916,0.99009,0.682268,0.515498,0.440629,0.429839,0.68589,0.480918,0.750752,0.475485,0.588652,0.214782,0.12252
temporal_leiden,0.0,1729,2024-05-01,8,3,0.091001,219.905966,,0.505273,0.338433,0.4477,0.430622,0.50575,0.49525,0.53023,0.485859,0.689716,0.15625,0.06746
temporal_leiden,0.0,1729,2024-06-01,6,21,0.101058,334.69594,1.027035,0.646773,0.460789,0.459502,0.428433,0.619206,0.500271,0.702453,0.483887,0.822141,0.073909,0.032242
temporal_leiden,0.0,1729,2024-07-01,5,58,0.105009,382.683049,0.855549,0.710959,0.521007,0.457412,0.41426,0.659967,0.503729,0.771049,0.480607,0.731081,0.134425,0.055556
temporal_leiden,0.0,1729,2024-08-01,5,40,0.091385,379.603639,0.913674,0.702534,0.517053,0.464228,0.430873,0.680186,0.508125,0.75825,0.490524,0.758559,0.09871,0.040179
temporal_leiden,0.0,1729,2024-09-01,6,59,0.086745,305.16847,,0.650369,0.470386,0.45679,0.438621,0.629239,0.52603,0.740053,0.516132,0.675941,0.180556,0.135417
temporal_leiden,0.0,1729,2024-10-01,7,3,0.083527,258.963728,,0.567904,0.409959,0.449671,0.403907,0.530787,0.511413,0.634138,0.487587,0.753605,0.108631,0.062004
temporal_leiden,0.0,1729,2024-11-01,7,12,0.093469,276.581677,,0.624665,0.402296,0.444285,0.432053,0.607515,0.508504,0.673564,0.502013,0.66974,0.168155,0.092758
temporal_leiden,0.0,1729,2024-12-01,7,10,0.092618,282.710668,,0.635496,0.404563,0.465114,,,0.514593,0.678058,,0.840001,0.06994,0.039187
temporal_leiden,0.0,2718,2023-01-01,8,6,0.071509,247.715678,,0.614227,0.455536,0.482155,0.44506,0.572268,0.530917,0.661899,0.511572,,,
temporal_leiden,0.0,2718,2023-02-01,7,29,0.070095,277.495157,,0.671739,0.489623,0.50244,0.472178,0.639597,0.53429,0.73035,0.518609,0.779083,0.102679,0.02381
temporal_leiden,0.0,2718,2023-03-01,8,5,0.05441,251.207282,,0.57996,0.434058,0.481039,0.387252,0.501541,0.530128,0.634983,0.480159,0.623207,0.178075,0.083333
temporal_leiden,0.0,2718,2023-04-01,7,4,0.135116,273.797724,,0.566284,0.356905,0.498291,0.477566,0.5474,0.516402,0.583645,0.504878,0.509385,0.286706,0.126488
temporal_leiden,0.0,2718,2023-05-01,7,13,0.116728,300.974101,,0.6447,0.416347,0.498574,0.466993,0.631282,0.528488,0.663551,0.5116,0.745466,0.125496,0.041667
temporal_leiden,0.0,2718,2023-06-01,6,3,0.120309,302.755501,,0.619441,0.450946,0.492575,0.49259,0.623819,0.533612,0.676505,0.533503,0.566275,0.249008,0.113591
temporal_leiden,0.0,2718,2023-07-01,5,59,0.138999,390.986181,0.875741,0.749767,0.529299,0.516931,0.479115,0.723505,0.541119,0.800812,0.521202,0.882173,0.043651,0.009425
temporal_leiden,0.0,2718,2023-08-01,6,5,0.112562,298.634132,0.883807,0.633325,0.439989,0.493174,0.453691,0.599731,0.546219,0.678034,0.525946,0.699634,0.220238,0.130952
temporal_leiden,0.0,2718,2023-09-01,6,30,0.107132,339.387379,,0.696175,0.483084,0.514632,0.487421,0.666057,0.549294,0.747996,0.535195,0.630575,0.21379,0.062996
temporal_leiden,0.0,2718,2023-10-01,6,40,0.109106,310.229309,0.882842,0.680398,0.470821,0.494024,0.442509,0.642048,0.531622,0.733658,0.504608,0.684403,0.16369,0.125
temporal_leiden,0.0,2718,2023-11-01,6,46,0.091481,305.369911,0.829411,0.651118,0.470541,0.46263,0.45554,0.637484,0.520779,0.727599,0.516712,0.793942,0.101687,0.047123
temporal_leiden,0.0,2718,2023-12-01,6,58,0.100407,310.821586,,0.666192,0.490591,0.485553,0.413604,0.645389,0.537974,0.749633,0.498691,0.844732,0.06746,0.018353
temporal_leiden,0.0,2718,2024-01-01,7,3,0.092647,264.386496,,0.617113,0.403839,0.483723,0.430037,0.563561,0.532897,0.664658,0.504668,0.593575,0.197917,0.152778
temporal_leiden,0.0,2718,2024-02-01,7,5,0.09403,277.376261,,0.614793,0.421971,0.464612,0.445244,0.595696,0.510242,0.645011,0.500684,0.623667,0.168651,0.03621
temporal_leiden,0.0,2718,2024-03-01,7,4,0.083793,256.201473,,0.5942,0.413539,0.455479,0.391593,0.536849,0.513932,0.657143,0.479719,0.580042,0.212302,0.147817
temporal_leiden,0.0,2718,2024-04-01,5,60,0.100846,370.016941,0.95503,0.686777,0.514494,0.443877,0.432532,0.688613,0.480933,0.753233,0.47523,0.661574,0.171131,0.094742
temporal_leiden,0.0,2718,2024-05-01,6,11,0.108579,286.854477,,0.600413,0.389694,0.42659,0.406578,0.586752,0.493176,0.623712,0.482454,0.593071,0.256448,0.128968
temporal_leiden,0.0,2718,2024-06-01,6,21,0.102128,335.423256,1.026669,0.644226,0.461425,0.466092,0.433853,0.618638,0.510786,0.708206,0.493195,0.619172,0.205357,0.051587
temporal_leiden,0.0,2718,2024-07-01,6,57,0.079735,333.379639,0.972417,0.651935,0.487661,0.461172,0.413881,0.593149,0.5107,0.716226,0.48538,0.676112,0.184524,0.091766
temporal_leiden,0.0,2718,2024-08-01,6,58,0.089838,311.069788,0.830614,0.640125,0.47583,0.447108,0.416444,0.617712,0.505135,0.72425,0.489164,0.728933,0.16369,0.020337
temporal_leiden,0.0,2718,2024-09-01,6,7,0.088898,285.337581,,0.613369,0.430366,0.444708,0.431456,0.605555,0.507492,0.678337,0.499951,0.777323,0.139385,0.09375
temporal_leiden,0.0,2718,2024-10-01,6,48,0.109539,323.199756,1.04499,0.668884,0.459595,0.463149,0.420452,0.636354,0.510753,0.723874,0.488527,0.675098,0.179563,0.044147
temporal_leiden,0.0,2718,2024-11-01,5,75,0.09873,361.168545,1.032445,0.683196,0.523569,0.458686,0.441299,0.666561,0.510979,0.750227,0.501836,0.758546,0.115575,0.041171
temporal_leiden,0.0,2718,2024-12-01,7,10,0.095838,286.431563,,0.637499,0.405856,0.4699,,,0.517976,0.679448,,0.766935,0.125992,0.044643
temporal_leiden,0.0,3141,2023-01-01,8,3,0.074129,195.504868,,0.522477,0.418875,0.489806,0.456711,0.491611,0.52883,0.589783,0.511808,,,
temporal_leiden,0.0,3141,2023-02-01,6,9,0.147808,327.042788,,0.686372,0.41042,0.522841,0.491903,0.67237,0.54037,0.705984,0.524046,0.637418,0.243056,0.133929
temporal_leiden,0.0,3141,2023-03-01,8,5,0.080879,267.968384,,0.591797,0.43505,0.499904,0.413281,0.517875,0.535806,0.635881,0.489598,0.609004,0.217262,0.150794
temporal_leiden,0.0,3141,2023-04-01,7,4,0.111648,272.471201,,0.564077,0.401305,0.480118,0.463758,0.553318,0.509711,0.611682,0.500698,0.553214,0.270833,0.123512
temporal_leiden,0.0,3141,2023-05-01,6,13,0.11731,299.928945,,0.647926,0.461455,0.502628,0.472635,0.640976,0.527581,0.697307,0.511607,0.738741,0.114087,0.057044
temporal_leiden,0.0,3141,2023-06-01,6,3,0.120173,302.062529,,0.619503,0.451443,0.493323,0.49134,0.622699,0.533898,0.676342,0.532723,0.572622,0.22371,0.097222
temporal_leiden,0.0,3141,2023-07-01,6,59,0.132409,364.913953,,0.716861,0.488405,0.527668,0.474134,0.676083,0.553976,0.765845,0.525268,0.658193,0.202381,0.156746
temporal_leiden,0.0,3141,2023-08-01,6,5,0.11393,300.174443,0.916354,0.637897,0.442318,0.493766,0.44879,0.600054,0.541631,0.679002,0.518259,0.577327,0.287202,0.101687
temporal_leiden,0.0,3141,2023-09-01,5,58,0.112599,355.613205,0.8773,0.709226,0.525166,0.487123,0.467633,0.681988,0.531484,0.786943,0.521865,0.700352,0.215278,0.155258
temporal_leiden,0.0,3141,2023-10-01,5,149,0.123734,366.460287,1.048398,0.734649,0.506742,0.489162,0.427307,0.673943,0.541286,0.789066,0.509194,0.695824,0.213294,0.121032
temporal_leiden,0.0,3141,2023-11-01,7,10,0.091849,268.915195,,0.619811,0.407851,0.468034,0.457878,0.597551,0.518821,0.665899,0.513255,0.748568,0.14881,0.081349
temporal_leiden,0.0,3141,2023-12-01,6,58,0.100407,310.821586,,0.666192,0.490591,0.485553,0.413604,0.645389,0.537974,0.749633,0.498691,0.821718,0.082341,0.02877
temporal_leiden,0.0,3141,2024-01-01,7,3,0.097991,265.939295,,0.616161,0.405039,0.48235,0.426747,0.562698,0.528737,0.66148,0.499639,0.58717,0.191468,0.120536
temporal_leiden,0.0,3141,2024-02-01,7,5,0.084024,268.978657,,0.609811,0.422241,0.453276,0.438276,0.594289,0.508925,0.645832,0.501703,0.631126,0.15873,0.083829
temporal_leiden,0.0,3141,2024-03-01,7,4,0.09498,278.606304,,0.609854,0.422607,0.480367,0.409244,0.546973,0.533276,0.661556,0.495129,0.608371,0.179563,0.109623
temporal_leiden,0.0,3141,2024-04-01,5,59,0.100804,363.049448,0.959856,0.68552,0.509705,0.443488,0.432672,0.689703,0.477764,0.748977,0.472506,0.548203,0.244544,0.162698
temporal_leiden,0.0,3141,2024-05-01,7,3,0.090008,280.649645,,0.581455,0.41154,0.450808,0.423833,0.553672,0.508656,0.628496,0.494506,0.59463,0.244048,0.173115
temporal_leiden,0.0,3141,2024-06-01,6,24,0.101037,331.021755,0.977737,0.648577,0.458026,0.455146,0.426476,0.612576,0.502637,0.711993,0.488036,0.711697,0.143849,0.097222
temporal_leiden,0.0,3141,2024-07-01,5,58,0.10441,380.487153,0.849722,0.711148,0.519927,0.456919,0.414219,0.660317,0.503879,0.771666,0.48095,0.762977,0.123512,0.047619
temporal_leiden,0.0,3141,2024-08-01,5,58,0.091769,378.190942,0.797626,0.688425,0.519666,0.459348,0.432095,0.673472,0.512165,0.76875,0.498125,0.79985,0.080357,0.045139
temporal_leiden,0.0,3141,2024-09-01,7,7,0.087683,275.487744,,0.603586,0.411359,0.46285,0.428349,0.579278,0.526782,0.66841,0.508681,0.628886,0.22619,0.19494
temporal_leiden,0.0,3141,2024-10-01,6,2,0.100722,298.340681,0.755063,0.593334,0.442279,0.461815,0.420692,0.566462,0.50891,0.643583,0.487589,0.615175,0.237103,0.193948
temporal_leiden,0.0,3141,2024-11-01,6,12,0.089306,285.079179,,0.638823,0.435046,0.428983,0.421031,0.623749,0.485082,0.690343,0.480809,0.776547,0.096726,0.05506
temporal_leiden,0.0,3141,2024-12-01,8,8,0.088838,250.357689,,0.573703,0.392941,0.465826,,,0.525804,0.618146,,0.656173,0.200397,0.140377
temporal_leiden,0.01,1729,2023-01-01,8,8,0.066859,222.477543,,0.604908,0.439361,0.480925,0.44485,0.566175,0.532122,0.674135,0.51348,,,
temporal_leiden,0.01,1729,2023-02-01,7,9,0.073523,250.071693,,0.627436,0.46913,0.484475,0.460059,0.623756,0.527036,0.684101,0.514057,0.818498,0.090774,0.032738
temporal_leiden,0.01,1729,2023-03-01,8,10,0.075244,242.273539,,0.600849,0.44999,0.485648,0.402021,0.530351,0.541325,0.685216,0.497173,0.774762,0.103175,0.051587
temporal_leiden,0.01,1729,2023-04-01,8,1,0.108013,242.889988,,0.534103,0.368736,0.490548,0.479904,0.538788,0.518766,0.578311,0.512728,0.618921,0.215278,0.109623
temporal_leiden,0.01,1729,2023-05-01,7,8,0.12038,267.047455,,0.625828,0.412792,0.500669,0.472577,0.587694,0.527713,0.650651,0.512768,0.814116,0.077381,0.020833
temporal_leiden,0.01,1729,2023-06-01,5,61,0.120984,365.369638,0.896481,0.719384,0.530765,0.494958,0.493747,0.723807,0.53568,0.793977,0.534884,0.590036,0.225198,0.09375
temporal_leiden,0.01,1729,2023-07-01,5,59,0.137958,389.548949,0.868541,0.748363,0.529244,0.515781,0.479019,0.72259,0.541459,0.800356,0.521988,0.885327,0.040675,0.009921
temporal_leiden,0.01,1729,2023-08-01,5,60,0.119899,368.581274,0.870885,0.731716,0.520091,0.497216,0.469843,0.699149,0.534961,0.79713,0.521301,0.890448,0.039187,0.008433
temporal_leiden,0.01,1729,2023-09-01,5,162,0.130194,369.670613,0.960823,0.741397,0.502081,0.499979,0.476385,0.714777,0.541386,0.78504,0.529163,0.671772,0.193452,0.081845
temporal_leiden,0.01,1729,2023-10-01,6,48,0.110759,330.535449,0.831834,0.682123,0.492636,0.506401,0.453839,0.644141,0.545203,0.749617,0.51786,0.809477,0.088294,0.033234
temporal_leiden,0.01,1729,2023-11-01,6,33,0.087167,302.998838,,0.660171,0.464613,0.467349,0.463309,0.654881,0.5218,0.732615,0.519299,0.783285,0.099702,0.054563
temporal_leiden,0.01,1729,2023-12-01,6,58,0.100463,309.862381,,0.664101,0.490787,0.482259,0.411843,0.643684,0.534362,0.746999,0.496025,0.857551,0.0625,0.017857
temporal_leiden,0.01,1729,2024-01-01,6,61,0.104462,311.836098,,0.711011,0.446929,0.485487,0.439881,0.661143,0.517527,0.747064,0.493408,0.616463,0.175595,0.090278
temporal_leiden,0.01,1729,2024-02-01,6,59,0.091751,320.930608,0.895159,0.681109,0.454395,0.4598,0.444692,0.663452,0.513608,0.735735,0.506305,0.689591,0.123512,0.066468
temporal_leiden,0.01,1729,2024-03-01,6,58,0.080719,297.631986,0.819169,0.695151,0.451468,0.459742,0.398863,0.63032,0.511273,0.749369,0.478856,0.560852,0.243056,0.192956
temporal_leiden,0.01,1729,2024-04-01,6,49,0.085854,321.088663,,0.663919,0.454493,0.447679,0.430346,0.653647,0.493552,0.732533,0.484661,0.772193,0.078373,0.051587
temporal_leiden,0.01,1729,2024-05-01,6,28,0.097496,304.052971,0.945327,0.653976,0.433623,0.431439,0.42367,0.66921,0.478282,0.706037,0.473743,0.769421,0.102183,0.077877
temporal_leiden,0.01,1729,2024-06-01,6,24,0.104399,342.489095,,0.661796,0.460113,0.467943,0.436718,0.636143,0.508612,0.715997,0.491655,0.710835,0.134425,0.097222
temporal_leiden,0.01,1729,2024-07-01,6,22,0.109376,325.169123,0.966063,0.666929,0.454156,0.4476,0.404432,0.616821,0.493737,0.70784,0.470599,0.724393,0.121528,0.080853
temporal_leiden,0.01,1729,2024-08-01,7,12,0.101704,287.185649,,0.636519,0.436323,0.457648,0.424922,0.612195,0.502014,0.659555,0.484829,0.739662,0.122024,0.068948
temporal_leiden,0.01,1729,2024-09-01,7,11,0.091858,271.241948,,0.612451,0.440586,0.459507,0.438676,0.587679,0.51994,0.664166,0.508817,0.709264,0.143849,0.092262
temporal_leiden,0.01,1729,2024-10-01,7,10,0.087991,272.54514,,0.593064,0.434006,0.448499,0.401025,0.545582,0.507393,0.648891,0.482712,0.746381,0.112103,0.058036
temporal_leiden,0.01,1729,2024-11-01,7,10,0.091337,276.893868,,0.584935,0.442391,0.440621,0.430735,0.593524,0.504402,0.632156,0.499196,0.703804,0.142857,0.070437
temporal_leiden,0.01,1729,2024-12-01,7,10,0.086745,270.042298,,0.600948,0.44316,0.439922,,,0.490676,0.63859,,0.769548,0.102679,0.075893
temporal_leiden,0.01,2718,2023-01-01,7,8,0.072448,227.244124,,0.610157,0.461687,0.482034,0.452157,0.590307,0.52687,0.670954,0.511328,,,
temporal_leiden,0.01,2718,2023-02-01,7,9,0.069633,237.302872,,0.627947,0.474486,0.493747,0.472057,0.620103,0.526422,0.678105,0.514775,0.766194,0.097222,0.024306
temporal_leiden,0.01,2718,2023-03-01,7,10,0.068424,257.470462,,0.634154,0.474845,0.493738,0.4093,0.561123,0.522471,0.680206,0.477656,0.800661,0.083333,0.027282
temporal_leiden,0.01,2718,2023-04-01,6,10,0.128673,289.640884,,0.620873,0.401996,0.499117,0.477732,0.608484,0.515484,0.63961,0.503625,0.679649,0.179067,0.075893
temporal_leiden,0.01,2718,2023-05-01,6,13,0.10217,297.134312,,0.640139,0.459251,0.494282,0.463251,0.632708,0.528134,0.696293,0.511445,0.779178,0.107639,0.026786
temporal_leiden,0.01,2718,2023-06-01,6,1,0.106077,291.730334,0.708911,0.59925,0.446566,0.490406,0.488756,0.602848,0.534516,0.664369,0.533626,0.528643,0.262897,0.106647
temporal_leiden,0.01,2718,2023-07-01,6,59,0.124058,370.368766,,0.706327,0.493628,0.513897,0.465464,0.669915,0.557444,0.770318,0.531534,0.727817,0.185516,0.163194
temporal_leiden,0.01,2718,2023-08-01,6,59,0.108496,328.625325,,0.712531,0.462615,0.49709,0.46963,0.677804,0.534272,0.761357,0.520494,0.715125,0.163194,0.133929
temporal_leiden,0.01,2718,2023-09-01,6,40,0.10651,345.752859,0.919372,0.695658,0.478021,0.506664,0.473405,0.659666,0.546147,0.758728,0.528713,0.687352,0.183532,0.142857
temporal_leiden,0.01,2718,2023-10-01,6,38,0.098517,323.476903,0.890155,0.66523,0.492467,0.490113,0.437817,0.624999,0.540956,0.740369,0.513811,0.774598,0.102679,0.071429
temporal_leiden,0.01,2718,2023-11-01,6,46,0.091574,312.397343,0.838055,0.656476,0.475846,0.469175,0.461666,0.647626,0.526672,0.733685,0.522224,0.843388,0.071429,0.035714
temporal_leiden,0.01,2718,2023-12-01,6,58,0.10031,311.864212,,0.667463,0.490884,0.485884,0.414579,0.646912,0.539037,0.750407,0.500105,0.846668,0.065972,0.018849
temporal_leiden,0.01,2718,2024-01-01,6,61,0.082939,292.710296,0.869821,0.68741,0.455658,0.463573,0.424367,0.639336,0.530454,0.760238,0.509873,0.660627,0.16121,0.119544
temporal_leiden,0.01,2718,2024-02-01,6,59,0.08492,313.962472,0.862308,0.674338,0.455567,0.456399,0.444111,0.659198,0.508501,0.73174,0.502609,0.714243,0.118056,0.054563
temporal_leiden,0.01,2718,2024-03-01,6,26,0.086901,305.942023,1.13161,0.645272,0.45662,0.465227,0.393619,0.579838,0.507414,0.705239,0.469468,0.67388,0.130952,0.069444
temporal_leiden,0.01,2718,2024-04-01,6,23,0.090334,304.819395,1.069771,0.624521,0.441731,0.428141,0.420791,0.632682,0.470334,0.680555,0.466803,0.631759,0.200893,0.164683
temporal_leiden,0.01,2718,2024-05-01,6,21,0.100231,299.862413,1.04159,0.637469,0.438589,0.432837,0.423639,0.645472,0.481901,0.693985,0.476794,0.829075,0.063492,0.021825
temporal_leiden,0.01,2718,2024-06-01,6,19,0.10223,336.228424,1.063537,0.646606,0.459606,0.467513,0.437484,0.621353,0.5097,0.702444,0.493323,0.701448,0.135913,0.099206
temporal_leiden,0.01,2718,2024-07-01,7,8,0.102886,286.996795,,0.624358,0.431604,0.453494,0.425332,0.593098,0.510042,0.658546,0.495023,0.627968,0.18998,0.105159
temporal_leiden,0.01,2718,2024-08-01,7,8,0.101753,286.562201,,0.61825,0.430502,0.460132,0.43303,0.602992,0.501726,0.640033,0.487872,0.878427,0.049603,0.014881
temporal_leiden,0.01,2718,2024-09-01,7,7,0.09836,268.920847,,0.595844,0.422569,0.451808,0.439244,0.575205,0.512602,0.649353,0.505478,0.788183,0.095238,0.059524
temporal_leiden,0.01,2718,2024-10-01,8,7,0.102267,256.429011,,0.572868,0.385357,0.458207,0.417955,0.547813,0.508994,0.600939,0.488211,0.740776,0.123016,0.076885
temporal_leiden,0.01,2718,2024-11-01,8,7,0.080299,225.082164,,0.551293,0.380054,0.414471,0.411524,0.54875,0.48092,0.59332,0.479237,0.780615,0.092262,0.06498
temporal_leiden,0.01,2718,2024-12-01,8,7,0.085489,233.345914,,0.563777,0.377839,0.431339,,,0.487667,0.596087,,0.893427,0.043651,0.016369
temporal_leiden,0.01,3141,2023-01-01,7,55,0.078137,274.166501,1.080904,0.678845,0.488099,0.493238,0.458624,0.633866,0.535121,0.743149,0.517403,,,
temporal_leiden,0.01,3141,2023-02-01,6,82,0.075396,315.892573,1.186614,0.716134,0.537874,0.511077,0.485495,0.700209,0.534627,0.760223,0.521108,0.733858,0.127976,0.044643
temporal_leiden,0.01,3141,2023-03-01,7,10,0.086153,304.448409,,0.658746,0.468896,0.513048,0.435284,0.590954,0.53284,0.69858,0.491249,0.791259,0.08879,0.045635
temporal_leiden,0.01,3141,2023-04-01,6,10,0.140438,342.521427,,0.673946,0.414067,0.502882,0.481288,0.656508,0.519369,0.688702,0.508499,0.745924,0.145833,0.084821
temporal_leiden,0.01,3141,2023-05-01,6,58,0.124634,361.387685,,0.701347,0.472408,0.506488,0.477953,0.670948,0.532156,0.738138,0.516995,0.742243,0.125,0.058532
temporal_leiden,0.01,3141,2023-06-01,6,61,0.121321,341.797078,,0.703514,0.473365,0.49532,0.494459,0.700003,0.535795,0.762589,0.535165,0.609291,0.203869,0.135417
temporal_leiden,0.01,3141,2023-07-01,6,49,0.122547,348.50716,,0.725474,0.471028,0.514377,0.478046,0.70073,0.540549,0.762271,0.521326,0.883234,0.045635,0.014881
temporal_leiden,0.01,3141,2023-08-01,6,57,0.091801,319.662308,0.852585,0.7077,0.463529,0.490998,0.446096,0.662398,0.543347,0.752121,0.520194,0.745416,0.1875,0.154762
temporal_leiden,0.01,3141,2023-09-01,5,161,0.127318,380.947637,0.969443,0.752031,0.501891,0.510673,0.482723,0.721614,0.547711,0.788031,0.533152,0.654719,0.21131,0.090278
temporal_leiden,0.01,3141,2023-10-01,6,30,0.108514,336.692355,0.931213,0.690295,0.483946,0.510939,0.453448,0.649298,0.552765,0.752019,0.522933,0.80366,0.085813,0.015377
temporal_leiden,0.01,3141,2023-11-01,6,32,0.085787,298.287171,,0.656165,0.463948,0.46491,0.461856,0.651115,0.523016,0.733485,0.521116,0.750973,0.116567,0.077381
temporal_leiden,0.01,3141,2023-12-01,6,58,0.099065,307.874962,,0.663021,0.491175,0.483686,0.411616,0.641605,0.538961,0.749613,0.499564,0.857613,0.0625,0.024802
temporal_leiden,0.01,3141,2024-01-01,6,61,0.090852,301.294914,0.866665,0.696773,0.460029,0.478249,0.429267,0.640906,0.530535,0.758357,0.504759,0.659201,0.159226,0.113591
temporal_leiden,0.01,3141,2024-02-01,6,59,0.081177,308.534965,0.923993,0.657617,0.470503,0.449846,0.442289,0.65005,0.52335,0.747618,0.520204,0.74802,0.099206,0.040675
temporal_leiden,0.01,3141,2024-03-01,6,60,0.088586,312.850981,0.918093,0.679667,0.470495,0.470886,0.398694,0.605407,0.524678,0.751544,0.486257,0.646584,0.157242,0.123016
temporal_leiden,0.01,3141,2024-04-01,6,50,0.085091,319.400427,,0.659994,0.456462,0.4441,0.427356,0.64936,0.494878,0.733204,0.486256,0.666491,0.147817,0.09127
temporal_leiden,0.01,3141,2024-05-01,6,32,0.100711,329.795524,0.983321,0.659623,0.449562,0.458359,0.444946,0.660167,0.503499,0.71129,0.49593,0.633086,0.18998,0.119048
temporal_leiden,0.01,3141,2024-06-01,6,27,0.104186,345.592889,,0.66937,0.459654,0.465942,0.435243,0.634187,0.512867,0.727174,0.496579,0.773511,0.094742,0.027778
temporal_leiden,0.01,3141,2024-07-01,6,29,0.107823,324.52562,1.111619,0.666984,0.475829,0.453738,0.410727,0.615699,0.498701,0.707048,0.475504,0.704573,0.137897,0.079861
temporal_leiden,0.01,3141,2024-08-01,6,58,0.082652,326.006481,0.850289,0.640459,0.470934,0.44251,0.415809,0.623068,0.515474,0.733397,0.501653,0.676072,0.186508,0.154762
temporal_leiden,0.01,3141,2024-09-01,6,59,0.086962,319.203628,,0.65412,0.468235,0.455492,0.428044,0.62365,0.525648,0.741863,0.511107,0.772528,0.094742,0.024306
temporal_leiden,0.01,3141,2024-10-01,6,58,0.091007,324.47442,0.921752,0.652334,0.476863,0.460761,0.415073,0.61162,0.523191,0.733915,0.499279,0.779621,0.103175,0.062004
temporal_leiden,0.01,3141,2024-11-01,6,54,0.088656,315.361681,,0.654428,0.454896,0.435836,0.429193,0.656236,0.496181,0.718777,0.492731,0.763076,0.106647,0.06498
temporal_leiden,0.01,3141,2024-12-01,6,59,0.092987,318.595287,,0.680281,0.461779,0.46509,,,0.513962,0.736638,,0.839058,0.067956,0.028274
temporal_leiden,0.03,1729,2023-01-01,8,8,0.078532,242.970043,,0.619972,0.441585,0.495868,0.462593,0.582242,0.534612,0.681731,0.517452,,,
temporal_leiden,0.03,1729,2023-02-01,8,9,0.069944,254.36912,,0.613718,0.44546,0.492174,0.472941,0.603997,0.533334,0.681892,0.523362,0.821347,0.080357,0.035714
temporal_leiden,0.03,1729,2023-03-01,8,10,0.076048,275.353263,,0.610784,0.444197,0.489122,0.414877,0.547604,0.530032,0.681768,0.490415,0.883454,0.042659,0.008929
temporal_leiden,0.03,1729,2023-04-01,7,10,0.116276,306.57364,,0.616024,0.414041,0.492729,0.489661,0.629863,0.517845,0.660893,0.515978,0.739268,0.157738,0.090278
temporal_leiden,0.03,1729,2023-05-01,7,9,0.120896,309.516136,,0.64674,0.412316,0.504136,0.479043,0.61296,0.532357,0.677014,0.519138,0.883949,0.046627,0.005952
temporal_leiden,0.03,1729,2023-06-01,7,9,0.108576,296.600004,,0.626243,0.422733,0.496672,0.49239,0.627101,0.537041,0.684894,0.534948,0.855923,0.056052,0.016865
temporal_leiden,0.03,1729,2023-07-01,7,9,0.126211,296.989707,,0.649078,0.419764,0.507534,0.474101,0.623544,0.539866,0.696367,0.522072,0.662379,0.178075,0.137897
temporal_leiden,0.03,1729,2023-08-01,7,8,0.104689,278.696056,,0.637024,0.401771,0.488173,0.46604,0.615631,0.532115,0.689737,0.521141,0.928659,0.024802,0.005456
temporal_leiden,0.03,1729,2023-09-01,7,8,0.109567,278.161433,,0.629855,0.402986,0.484964,0.474934,0.607161,0.524226,0.67575,0.519611,0.889047,0.039187,0.011409
temporal_leiden,0.03,1729,2023-10-01,7,8,0.10612,271.870363,,0.613703,0.413066,0.487238,0.441561,0.597115,0.530618,0.667918,0.506606,0.910243,0.032242,0.012897
temporal_leiden,0.03,1729,2023-11-01,7,8,0.088509,260.107717,,0.592198,0.410038,0.456011,0.459033,0.587714,0.518521,0.659351,0.519631,0.856019,0.070933,0.049603
temporal_leiden,0.03,1729,2023-12-01,7,8,0.100901,271.953285,,0.612066,0.419948,0.476275,0.413918,0.595258,0.533035,0.681568,0.49903,0.902748,0.040675,0.017857
temporal_leiden,0.03,1729,2024-01-01,7,11,0.083742,252.566804,,0.638109,0.399259,0.459733,0.422323,0.584108,0.527537,0.695237,0.5082,0.756972,0.106151,0.079365
temporal_leiden,0.03,1729,2024-02-01,7,11,0.081837,264.985247,,0.599302,0.409764,0.44203,0.446249,0.6148,0.522052,0.679334,0.524904,0.850538,0.057044,0.026786
temporal_leiden,0.03,1729,2024-03-01,7,11,0.089065,273.335674,0.809937,0.636649,0.409486,0.470354,0.400269,0.556428,0.523221,0.692203,0.486123,0.751619,0.104663,0.075893
temporal_leiden,0.03,1729,2024-04-01,7,11,0.084948,273.828401,,0.571448,0.414597,0.440918,0.424645,0.574092,0.496027,0.660644,0.487608,0.754213,0.094742,0.042659
temporal_leiden,0.03,1729,2024-05-01,7,2,0.081448,240.776422,,0.530925,0.389271,0.451471,0.442455,0.526085,0.503439,0.574505,0.498961,0.600375,0.209325,0.110615
temporal_leiden,0.03,1729,2024-06-01,6,21,0.096251,318.675238,,0.634588,0.457567,0.452402,0.428739,0.617174,0.498484,0.681826,0.485972,0.79722,0.082341,0.05754
temporal_leiden,0.03,1729,2024-07-01,6,49,0.095037,304.149811,0.892961,0.628724,0.468616,0.437312,0.397895,0.584345,0.496156,0.70028,0.475185,0.85369,0.059028,0.024802
temporal_leiden,0.03,1729,2024-08-01,6,58,0.083468,301.633201,0.832064,0.625032,0.474341,0.431565,0.418101,0.621325,0.504349,0.720744,0.497328,0.850876,0.067956,0.047123
temporal_leiden,0.03,1729,2024-09-01,6,59,0.084506,290.501019,0.827773,0.63919,0.474007,0.446378,0.434874,0.623092,0.515972,0.728168,0.509538,0.834529,0.071429,0.045139
temporal_leiden,0.03,1729,2024-10-01,6,60,0.08647,301.279233,0.967368,0.638131,0.483243,0.452909,0.410664,0.603907,0.519571,0.726608,0.497868,0.908389,0.034722,0.00496
temporal_leiden,0.03,1729,2024-11-01,6,60,0.075578,280.736907,,0.617412,0.459099,0.414431,0.415934,0.625994,0.483332,0.696447,0.484028,0.750439,0.111607,0.088294
temporal_leiden,0.03,1729,2024-12-01,6,59,0.07983,278.684412,,0.641896,0.456183,0.432018,,,0.487476,0.706387,,0.925128,0.028274,0.011409
temporal_leiden,0.03,2718,2023-01-01,8,7,0.060779,222.788828,,0.591263,0.434749,0.478171,0.449285,0.550251,0.523381,0.655338,0.508729,,,
temporal_leiden,0.03,2718,2023-02-01,8,9,0.067628,229.149823,,0.585424,0.436761,0.484327,0.466846,0.576692,0.521645,0.652513,0.512677,0.83157,0.073413,0.03373
temporal_leiden,0.03,2718,2023-03-01,8,10,0.062925,245.204969,,0.588756,0.4404,0.486583,0.411445,0.530074,0.521543,0.655816,0.481831,0.816832,0.075397,0.039187
temporal_leiden,0.03,2718,2023-04-01,7,10,0.109289,293.081756,,0.592595,0.409648,0.482461,0.477075,0.603498,0.516853,0.65409,0.513306,0.771739,0.143849,0.089782
temporal_leiden,0.03,2718,2023-05-01,7,8,0.116167,296.600689,,0.634196,0.410435,0.496303,0.472494,0.60447,0.528679,0.664546,0.51623,0.851037,0.06002,0.014881
temporal_leiden,0.03,2718,2023-06-01,6,61,0.107143,336.491885,,0.676459,0.491526,0.487433,0.48929,0.682445,0.540105,0.757042,0.540894,0.701969,0.132937,0.072421
temporal_leiden,0.03,2718,2023-07-01,6,59,0.123269,356.58408,,0.702049,0.491631,0.50949,0.472089,0.676717,0.553652,0.768434,0.533496,0.912803,0.03373,0.013889
temporal_leiden,0.03,2718,2023-08-01,6,59,0.106987,323.087933,0.764471,0.701381,0.464374,0.488218,0.468931,0.675715,0.53535,0.758394,0.525947,0.773003,0.122024,0.097222
temporal_leiden,0.03,2718,2023-09-01,6,55,0.109518,321.735057,0.83895,0.688045,0.467655,0.485257,0.472409,0.662197,0.531468,0.749547,0.525405,0.899534,0.033234,0.012897
temporal_leiden,0.03,2718,2023-10-01,6,39,0.103301,324.579671,0.881449,0.666154,0.489119,0.492581,0.446466,0.632847,0.541545,0.74195,0.517571,0.81789,0.097222,0.058532
temporal_leiden,0.03,2718,2023-11-01,6,46,0.090682,307.812253,0.822719,0.652542,0.47649,0.464569,0.46086,0.649774,0.524185,0.733615,0.521553,0.906929,0.040179,0.010913
temporal_leiden,0.03,2718,2023-12-01,6,58,0.100846,311.339542,,0.66174,0.490758,0.478813,0.414725,0.647926,0.535582,0.748019,0.500628,0.876249,0.053075,0.017857
temporal_leiden,0.03,2718,2024-01-01,6,60,0.087435,298.269806,0.854322,0.686165,0.456641,0.464141,0.421484,0.632727,0.530539,0.75806,0.508146,0.678935,0.15377,0.128968
temporal_leiden,0.03,2718,2024-02-01,6,58,0.088838,316.500334,0.895954,0.663698,0.456313,0.453631,0.440555,0.648738,0.510172,0.726676,0.503861,0.713196,0.119544,0.059524
temporal_leiden,0.03,2718,2024-03-01,7,11,0.063886,244.424501,,0.567198,0.385965,0.419626,0.367695,0.507542,0.476799,0.646459,0.449057,0.511131,0.268849,0.235615
temporal_leiden,0.03,2718,2024-04-01,7,11,0.069465,260.484415,,0.528737,0.392385,0.412059,0.405253,0.537214,0.470198,0.621398,0.467089,0.813886,0.063988,0.049603
temporal_leiden,0.03,2718,2024-05-01,7,9,0.07288,247.284106,1.000892,0.537581,0.381925,0.406548,0.405582,0.552586,0.46935,0.619003,0.468591,0.873073,0.045635,0.022817
temporal_leiden,0.03,2718,2024-06-01,7,9,0.093369,275.288544,,0.581413,0.393604,0.425891,0.413713,0.564771,0.483203,0.641105,0.476212,0.863009,0.05506,0.029266
temporal_leiden,0.03,2718,2024-07-01,7,9,0.099138,273.211184,,0.59086,0.404104,0.440516,0.402352,0.542537,0.495798,0.64034,0.475525,0.879725,0.046131,0.03125
temporal_leiden,0.03,2718,2024-08-01,7,9,0.089062,275.000776,,0.582636,0.418201,0.440063,0.425307,0.591666,0.504488,0.655238,0.496941,0.841693,0.072917,0.053075
temporal_leiden,0.03,2718,2024-09-01,7,9,0.088179,259.957515,,0.599645,0.40687,0.437675,0.426881,0.588034,0.503904,0.660721,0.497792,0.922913,0.029266,0.00248
temporal_leiden,0.03,2718,2024-10-01,7,11,0.094166,267.958585,,0.60556,0.392346,0.430078,0.398527,0.57854,0.48536,0.65152,0.469069,0.81675,0.080357,0.057044
temporal_leiden,0.03,2718,2024-11-01,7,12,0.079726,253.666532,,0.60345,0.400301,0.417725,0.418529,0.598438,0.481913,0.662878,0.482396,0.913676,0.032738,0.010417
temporal_leiden,0.03,2718,2024-12-01,7,11,0.085716,260.052558,,0.616399,0.40169,0.436285,,,0.489677,0.664344,,0.928309,0.024802,0.003968
temporal_leiden,0.03,3141,2023-01-01,7,8,0.136065,284.472432,,0.657289,0.40709,0.520768,0.499109,0.625483,0.541568,0.69281,0.530627,,,
temporal_leiden,0.03,3141,2023-02-01,7,9,0.13538,298.380334,,0.649872,0.4092,0.524015,0.504557,0.638973,0.54165,0.688954,0.53165,0.90747,0.034722,0.005456
temporal_leiden,0.03,3141,2023-03-01,7,10,0.139253,328.300017,,0.652542,0.423057,0.526762,0.466362,0.601379,0.539217,0.693048,0.507011,0.882881,0.046131,0.016369
temporal_leiden,0.03,3141,2023-04-01,7,10,0.119519,308.406308,,0.60837,0.409824,0.482585,0.481006,0.624223,0.515351,0.660948,0.514356,0.820147,0.074405,0.037698
temporal_leiden,0.03,3141,2023-05-01,7,10,0.127916,309.911517,,0.646266,0.407787,0.502646,0.485053,0.621053,0.522182,0.677729,0.512943,0.823439,0.077877,0.046627
temporal_leiden,0.03,3141,2023-06-01,6,61,0.123163,342.427104,,0.701816,0.475561,0.495017,0.495811,0.701329,0.533442,0.758611,0.5337,0.724886,0.130952,0.075893
temporal_leiden,0.03,3141,2023-07-01,6,59,0.132162,350.645923,,0.714009,0.478924,0.507162,0.476563,0.696271,0.541137,0.760931,0.524746,0.917118,0.028274,0.005952
temporal_leiden,0.03,3141,2023-08-01,6,59,0.107426,325.763648,0.759678,0.701318,0.461592,0.488185,0.467198,0.673426,0.534297,0.75828,0.523971,0.920717,0.02877,0.008433
temporal_leiden,0.03,3141,2023-09-01,6,58,0.109154,321.990337,0.828638,0.684894,0.4667,0.482605,0.4709,0.659255,0.53041,0.749908,0.524936,0.894282,0.03621,0.012401
temporal_leiden,0.03,3141,2023-10-01,6,51,0.102601,322.322021,0.870568,0.665913,0.485832,0.485508,0.439669,0.631771,0.538936,0.748459,0.51531,0.84472,0.077877,0.044643
temporal_leiden,0.03,3141,2023-11-01,6,42,0.090277,305.175151,0.833114,0.648132,0.473814,0.461042,0.459575,0.644978,0.519845,0.723234,0.518651,0.901107,0.043651,0.020833
temporal_leiden,0.03,3141,2023-12-01,6,58,0.102366,313.088278,,0.660346,0.48796,0.47702,0.414636,0.649072,0.530441,0.741279,0.49631,0.896622,0.041171,0.011409
temporal_leiden,0.03,3141,2024-01-01,6,60,0.086386,293.705306,0.861045,0.688197,0.457643,0.46672,0.425575,0.63818,0.53074,0.759622,0.509045,0.733917,0.116071,0.084325
temporal_leiden,0.03,3141,2024-02-01,6,59,0.080149,303.355835,0.932775,0.653658,0.469095,0.445017,0.445028,0.651983,0.52081,0.744904,0.521651,0.817762,0.068452,0.038194
temporal_leiden,0.03,3141,2024-03-01,6,59,0.090018,310.748805,0.954927,0.670569,0.471975,0.4673,0.403735,0.606491,0.529265,0.749322,0.495478,0.787277,0.08631,0.065476
temporal_leiden,0.03,3141,2024-04-01,6,59,0.096016,339.556067,,0.648616,0.462818,0.444678,0.445393,0.658511,0.49398,0.713549,0.494558,0.693828,0.125992,0.06746
temporal_leiden,0.03,3141,2024-05-01,6,33,0.098691,323.802928,1.012034,0.637954,0.454442,0.44491,0.437307,0.648547,0.502332,0.713699,0.498033,0.823259,0.071925,0.036706
temporal_leiden,0.03,3141,2024-06-01,6,13,0.107871,334.216548,,0.665433,0.456439,0.448438,0.429117,0.6472,0.496242,0.692073,0.486422,0.807893,0.096726,0.060516
temporal_leiden,0.03,3141,2024-07-01,6,13,0.098169,322.145236,,0.666805,0.455255,0.450842,0.420364,0.624613,0.511621,0.703112,0.495409,0.804047,0.083829,0.035714
temporal_leiden,0.03,3141,2024-08-01,6,12,0.090723,310.770764,,0.6327,0.455278,0.441541,0.42255,0.626612,0.504299,0.682927,0.49454,0.925055,0.025794,0.006448
temporal_leiden,0.03,3141,2024-09-01,6,11,0.091671,291.5435,,0.634786,0.447708,0.439446,0.430764,0.617826,0.500412,0.681701,0.495365,0.92272,0.027778,0.002976
temporal_leiden,0.03,3141,2024-10-01,6,10,0.09395,301.826196,,0.621471,0.449695,0.445548,0.410948,0.588217,0.503174,0.673483,0.485245,0.900844,0.035218,0.011905
temporal_leiden,0.03,3141,2024-11-01,6,10,0.088375,285.907794,,0.600647,0.455447,0.418446,0.420167,0.62092,0.480928,0.649807,0.48158,0.864995,0.054067,0.035714
temporal_leiden,0.03,3141,2024-12-01,6,10,0.09249,293.780452,1.045595,0.63151,0.458176,0.436715,,,0.486675,0.666627,,0.933777,0.021825,0.005456
temporal_leiden,0.06,1729,2023-01-01,5,84,0.146644,373.627026,1.436752,0.760242,0.481759,0.508417,0.491865,0.753813,0.538278,0.782596,0.529697,,,
temporal_leiden,0.06,1729,2023-02-01,5,84,0.146644,394.553064,1.315617,0.768501,0.476255,0.508457,0.492389,0.750519,0.538368,0.787932,0.530041,0.932721,0.024802,0.00496
temporal_leiden,0.06,1729,2023-03-01,5,84,0.149648,428.06422,1.254415,0.763194,0.488293,0.507384,0.448613,0.707767,0.535548,0.783267,0.50414,0.928793,0.025794,0.005952
temporal_leiden,0.06,1729,2023-04-01,5,85,0.138415,418.154525,1.091393,0.738891,0.471834,0.480142,0.474602,0.725339,0.514698,0.763421,0.511723,0.817331,0.077381,0.045635
temporal_leiden,0.06,1729,2023-05-01,5,87,0.137388,400.25139,1.004276,0.736649,0.483063,0.48553,0.470806,0.723572,0.522486,0.764778,0.514777,0.910522,0.03373,0.005456
temporal_leiden,0.06,1729,2023-06-01,5,61,0.122858,379.986897,,0.71688,0.510051,0.47671,0.481003,0.729627,0.520857,0.793645,0.522947,0.665339,0.22123,0.116071
temporal_leiden,0.06,1729,2023-07-01,5,59,0.13613,388.236702,0.866158,0.740612,0.525741,0.504752,0.474091,0.720251,0.538689,0.799391,0.522095,0.898566,0.042659,0.026786
temporal_leiden,0.06,1729,2023-08-01,5,59,0.116627,362.658511,0.867045,0.724127,0.514257,0.483628,0.465339,0.697136,0.531322,0.795245,0.522462,0.943315,0.019345,0.005952
temporal_leiden,0.06,1729,2023-09-01,5,55,0.112506,356.181379,0.883334,0.70708,0.520401,0.474784,0.471169,0.691423,0.528765,0.787098,0.527616,0.938531,0.021329,0.00496
temporal_leiden,0.06,1729,2023-10-01,5,40,0.110125,348.563379,0.910561,0.699199,0.531218,0.481822,0.440739,0.675346,0.530177,0.771781,0.508815,0.948059,0.020833,0.008929
temporal_leiden,0.06,1729,2023-11-01,5,42,0.09514,337.235971,0.854539,0.6834,0.51888,0.45486,0.460775,0.690507,0.514458,0.764484,0.517006,0.940736,0.020337,0.008929
temporal_leiden,0.06,1729,2023-12-01,5,59,0.106426,344.301135,0.913997,0.700067,0.533895,0.471242,0.415806,0.703682,0.525031,0.786071,0.494294,0.937731,0.02381,0.008433
temporal_leiden,0.06,1729,2024-01-01,5,59,0.088843,309.136492,0.840781,0.713442,0.490127,0.431316,0.40885,0.677944,0.496605,0.786772,0.484759,0.840844,0.050595,0.030258
temporal_leiden,0.06,1729,2024-02-01,5,59,0.089613,330.106092,0.917522,0.683654,0.505564,0.417848,0.43581,0.692635,0.488109,0.769857,0.498264,0.947673,0.016865,0.00248
temporal_leiden,0.06,1729,2024-03-01,5,59,0.095064,346.849411,0.912971,0.705958,0.502786,0.452813,0.407762,0.652952,0.50447,0.780241,0.480796,0.931262,0.021825,0.00248
temporal_leiden,0.06,1729,2024-04-01,5,59,0.097006,369.021958,0.986868,0.676233,0.509842,0.431144,0.435758,0.691768,0.479158,0.749836,0.482097,0.816761,0.065972,0.037202
temporal_leiden,0.06,1729,2024-05-01,5,60,0.098455,354.425401,0.888415,0.693654,0.504977,0.435728,0.435831,0.694549,0.488018,0.762511,0.487904,0.944103,0.017857,0.012897
temporal_leiden,0.06,1729,2024-06-01,5,59,0.101266,384.804771,,0.702135,0.515526,0.444518,0.433795,0.699022,0.494574,0.76934,0.488594,0.943243,0.018353,0.010417
temporal_leiden,0.06,1729,2024-07-01,5,58,0.103771,382.692746,0.821318,0.712817,0.516906,0.450284,0.412389,0.669729,0.501961,0.776576,0.48152,0.9281,0.023313,0.009921
temporal_leiden,0.06,1729,2024-08-01,5,58,0.089037,370.206366,0.78774,0.680595,0.512718,0.436376,0.42155,0.676373,0.502979,0.770028,0.495394,0.882404,0.045635,0.030754
temporal_leiden,0.06,1729,2024-09-01,5,59,0.090745,344.068234,0.802905,0.687341,0.503698,0.438807,0.432303,0.676821,0.499113,0.768961,0.495123,0.938473,0.020337,0.003472
temporal_leiden,0.06,1729,2024-10-01,5,60,0.09146,353.431191,0.845124,0.684468,0.509433,0.445671,0.413161,0.661176,0.50569,0.770068,0.488754,0.927715,0.022817,0.001984
temporal_leiden,0.06,1729,2024-11-01,5,60,0.081566,334.534071,,0.668746,0.509534,0.421072,0.427912,0.683477,0.491997,0.760174,0.495,0.953412,0.015873,0.004464
temporal_leiden,0.06,1729,2024-12-01,5,60,0.083083,336.145565,,0.689506,0.510989,0.438052,,,0.502102,0.772898,,0.95354,0.014881,0.001488
temporal_leiden,0.06,2718,2023-01-01,6,55,0.129576,315.753189,1.051968,0.721447,0.468396,0.509085,0.492346,0.688719,0.543954,0.768827,0.535688,,,
temporal_leiden,0.06,2718,2023-02-01,6,38,0.132445,332.405659,0.963422,0.716435,0.464023,0.520021,0.504512,0.691708,0.542734,0.758222,0.535124,0.905426,0.039187,0.020833
temporal_leiden,0.06,2718,2023-03-01,6,38,0.134293,357.693006,,0.709621,0.450772,0.513579,0.452632,0.647338,0.526057,0.743584,0.493926,0.801663,0.095238,0.074405
temporal_leiden,0.06,2718,2023-04-01,6,53,0.115591,339.005278,0.77855,0.670416,0.447374,0.468592,0.479064,0.704078,0.503688,0.729407,0.509256,0.872899,0.054563,0.025298
temporal_leiden,0.06,2718,2023-05-01,6,60,0.123222,338.203958,,0.705928,0.452875,0.487444,0.48183,0.696119,0.520206,0.75782,0.517242,0.893878,0.03621,0.017857
temporal_leiden,0.06,2718,2023-06-01,6,61,0.119542,337.94732,,0.698969,0.468115,0.489222,0.493412,0.700733,0.530568,0.760633,0.532757,0.902879,0.030754,0.019345
temporal_leiden,0.06,2718,2023-07-01,6,59,0.131026,348.603077,,0.709995,0.477582,0.504685,0.474976,0.695432,0.539293,0.762789,0.523173,0.951034,0.015377,0.001984
temporal_leiden,0.06,2718,2023-08-01,6,59,0.108462,325.382229,,0.7012,0.457118,0.483557,0.466148,0.677883,0.529773,0.760161,0.521292,0.952089,0.015377,0.003968
temporal_leiden,0.06,2718,2023-09-01,6,58,0.109658,322.827037,0.8605,0.683563,0.46319,0.475844,0.472659,0.665562,0.529205,0.753595,0.528323,0.918668,0.026786,0.010417
temporal_leiden,0.06,2718,2023-10-01,6,58,0.105019,313.651714,0.772404,0.671253,0.469129,0.47791,0.438806,0.639783,0.532284,0.747417,0.511987,0.962976,0.011905,0.00248
temporal_leiden,0.06,2718,2023-11-01,6,59,0.092527,300.207825,,0.659908,0.467655,0.455118,0.458784,0.66008,0.515979,0.730726,0.517298,0.940795,0.024802,0.010913
temporal_leiden,0.06,2718,2023-12-01,6,59,0.103025,320.377298,0.912846,0.677625,0.487002,0.486191,0.427062,0.663463,0.539957,0.757215,0.50745,0.842838,0.078869,0.065476
temporal_leiden,0.06,2718,2024-01-01,6,59,0.082908,289.684689,0.897119,0.682847,0.454063,0.457211,0.423403,0.639244,0.528189,0.759367,0.510625,0.804465,0.088294,0.072421
temporal_leiden,0.06,2718,2024-02-01,6,59,0.080256,304.661272,0.90363,0.649326,0.466644,0.436558,0.447959,0.65513,0.517199,0.742923,0.523817,0.938218,0.022321,0.005456
temporal_leiden,0.06,2718,2024-03-01,6,59,0.085793,316.473047,0.954877,0.662716,0.471817,0.457375,0.398595,0.600795,0.527894,0.749092,0.496442,0.913656,0.03125,0.014385
temporal_leiden,0.06,2718,2024-04-01,6,59,0.081898,328.873354,0.942927,0.621873,0.474537,0.427602,0.431493,0.630366,0.505346,0.72438,0.507487,0.862461,0.058036,0.038194
temporal_leiden,0.06,2718,2024-05-01,6,59,0.088905,320.15751,0.966256,0.638931,0.470147,0.439504,0.434573,0.631923,0.517073,0.735913,0.514818,0.897293,0.039683,0.012401
temporal_leiden,0.06,2718,2024-06-01,6,59,0.09737,344.939906,,0.663566,0.465309,0.450637,0.433298,0.642585,0.508109,0.728484,0.499125,0.882037,0.051091,0.03373
temporal_leiden,0.06,2718,2024-07-01,6,54,0.100343,325.082017,,0.65361,0.465098,0.446272,0.407842,0.615045,0.503178,0.722469,0.482616,0.890329,0.045635,0.03125
temporal_leiden,0.06,2718,2024-08-01,6,55,0.090336,308.243619,,0.62431,0.457625,0.422141,0.409926,0.629172,0.487385,0.709013,0.481191,0.943574,0.020337,0.003472
temporal_leiden,0.06,2718,2024-09-01,6,54,0.091718,297.433456,,0.638221,0.450988,0.426883,0.427177,0.641973,0.485623,0.715063,0.484767,0.932664,0.025298,0.00496
temporal_leiden,0.06,2718,2024-10-01,6,53,0.094424,313.775197,,0.648466,0.453352,0.438615,0.410257,0.626433,0.493687,0.721059,0.479228,0.918892,0.02877,0.006448
temporal_leiden,0.06,2718,2024-11-01,6,54,0.078856,290.482858,0.984371,0.631916,0.450377,0.414429,0.421837,0.646495,0.483986,0.712931,0.487621,0.934829,0.025298,0.010417
temporal_leiden,0.06,2718,2024-12-01,6,55,0.08439,297.226101,,0.65745,0.453667,0.434832,,,0.493346,0.726442,,0.956735,0.014385,0.000992
temporal_leiden,0.06,3141,2023-01-01,6,56,0.127117,312.438909,1.03354,0.717779,0.471951,0.507741,0.490213,0.685796,0.546915,0.770945,0.53804,,,
temporal_leiden,0.06,3141,2023-02-01,6,39,0.128799,328.526165,0.952959,0.709803,0.460532,0.510121,0.494647,0.686279,0.543208,0.758872,0.535642,0.928274,0.029762,0.011905
temporal_leiden,0.06,3141,2023-03-01,6,41,0.130045,360.978363,0.95569,0.702795,0.473405,0.513408,0.448778,0.640855,0.539881,0.754549,0.505566,0.905459,0.035714,0.013889
temporal_leiden,0.06,3141,2023-04-01,6,58,0.108037,348.241011,0.882089,0.649579,0.470701,0.465981,0.469681,0.664503,0.519078,0.733398,0.520985,0.86339,0.062004,0.024802
temporal_leiden,0.06,3141,2023-05-01,6,59,0.111819,339.524746,,0.674803,0.473549,0.479204,0.46946,0.659496,0.530418,0.749911,0.525441,0.912146,0.035218,0.011409
temporal_leiden,0.06,3141,2023-06-01,6,61,0.120017,338.479403,,0.699152,0.468252,0.489703,0.493223,0.700617,0.530658,0.760637,0.532458,0.821194,0.086806,0.066468
temporal_leiden,0.06,3141,2023-07-01,6,60,0.131979,348.065509,,0.707424,0.476486,0.503021,0.475511,0.696276,0.538844,0.763014,0.524009,0.945896,0.016865,0.000992
temporal_leiden,0.06,3141,2023-08-01,6,60,0.111305,325.713393,,0.701877,0.455797,0.484202,0.466339,0.676014,0.530713,0.762515,0.521984,0.952698,0.015873,0.00248
temporal_leiden,0.06,3141,2023-09-01,6,39,0.114863,328.215905,0.802782,0.6894,0.461539,0.484557,0.476888,0.668695,0.525533,0.741865,0.522081,0.899543,0.038194,0.011905
temporal_leiden,0.06,3141,2023-10-01,6,39,0.106151,318.024062,0.877424,0.658746,0.478799,0.48326,0.441337,0.631193,0.530692,0.735169,0.509135,0.896222,0.054067,0.039187
temporal_leiden,0.06,3141,2023-11-01,6,58,0.086762,296.57352,,0.637621,0.472748,0.446034,0.453108,0.640809,0.517317,0.729593,0.5206,0.894114,0.044147,0.025298
temporal_leiden,0.06,3141,2023-12-01,6,59,0.099995,307.972295,,0.655711,0.481396,0.466828,0.410404,0.646932,0.529565,0.744527,0.49821,0.957869,0.015873,0.004464
temporal_leiden,0.06,3141,2024-01-01,6,59,0.082198,276.890644,0.927601,0.674448,0.448464,0.441866,0.413627,0.631842,0.511923,0.752149,0.497564,0.874543,0.049107,0.022817
temporal_leiden,0.06,3141,2024-02-01,6,59,0.078615,291.911832,0.943755,0.644633,0.46086,0.428503,0.444272,0.649675,0.502041,0.735118,0.511081,0.88267,0.041667,0.02381
temporal_leiden,0.06,3141,2024-03-01,6,59,0.08854,308.360424,0.922025,0.661488,0.468599,0.455735,0.397332,0.60281,0.515767,0.740172,0.484817,0.946299,0.020337,0.00496
temporal_leiden,0.06,3141,2024-04-01,6,37,0.088789,328.118551,0.979329,0.612246,0.457792,0.43203,0.436819,0.633021,0.479065,0.674013,0.482083,0.767471,0.097718,0.044643
temporal_leiden,0.06,3141,2024-05-01,6,29,0.094523,320.475718,1.032492,0.639497,0.450909,0.445749,0.441723,0.646612,0.500282,0.706159,0.497803,0.863364,0.051587,0.023313
temporal_leiden,0.06,3141,2024-06-01,6,29,0.097413,337.381959,,0.651213,0.455828,0.449348,0.431168,0.623826,0.508738,0.721992,0.499228,0.896513,0.041667,0.011409
temporal_leiden,0.06,3141,2024-07-01,6,27,0.098654,317.858247,1.053456,0.635259,0.454975,0.452038,0.413178,0.597682,0.511134,0.705221,0.490553,0.879219,0.045139,0.018849
temporal_leiden,0.06,3141,2024-08-01,6,27,0.089335,301.330616,,0.606002,0.451207,0.42621,0.416964,0.605006,0.494458,0.689654,0.489864,0.949566,0.018353,0.006944
temporal_leiden,0.06,3141,2024-09-01,6,26,0.08673,283.826383,,0.609355,0.443759,0.416881,0.418009,0.609651,0.479793,0.682238,0.479502,0.872816,0.052083,0.040179
temporal_leiden,0.06,3141,2024-10-01,6,26,0.089084,301.037131,,0.615097,0.44601,0.424479,0.400638,0.602456,0.486383,0.687963,0.473936,0.9367,0.02381,0.00744
temporal_leiden,0.06,3141,2024-11-01,6,26,0.075257,282.036446,,0.605145,0.443743,0.406493,0.412247,0.628076,0.478785,0.682665,0.481727,0.958878,0.014385,0.002976
temporal_leiden,0.06,3141,2024-12-01,6,26,0.08257,292.614433,1.04588,0.647657,0.447403,0.437337,,,0.495674,0.705745,,0.9111,0.034226,0.018849
temporal_leiden,0.1,1729,2023-01-01,5,57,0.131512,313.188385,0.981674,0.745937,0.506722,0.482494,0.475313,0.714346,0.512637,0.794081,0.509385,,,
temporal_leiden,0.1,1729,2023-02-01,5,57,0.129088,324.446201,0.9682,0.719923,0.505072,0.483737,0.481433,0.7125,0.513404,0.781101,0.512505,0.966453,0.010417,0.000496
temporal_leiden,0.1,1729,2023-03-01,5,58,0.136256,363.038248,0.97547,0.718278,0.517072,0.492362,0.446736,0.678525,0.517965,0.783115,0.493577,0.960474,0.012401,0.00248
temporal_leiden,0.1,1729,2023-04-01,5,60,0.11275,356.258911,0.94576,0.682064,0.512242,0.45744,0.473986,0.712304,0.502044,0.766368,0.510996,0.949641,0.016369,0.00248
temporal_leiden,0.1,1729,2023-05-01,5,61,0.121252,359.041319,0.934746,0.716952,0.52148,0.480517,0.476701,0.710019,0.52005,0.78886,0.5183,0.94932,0.016369,0.00496
temporal_leiden,0.1,1729,2023-06-01,5,61,0.12024,364.603243,0.928519,0.71521,0.531552,0.484436,0.493692,0.728175,0.531698,0.794247,0.536647,0.913129,0.027282,0.010913
temporal_leiden,0.1,1729,2023-07-01,5,59,0.133208,378.883843,0.877262,0.734494,0.533109,0.499592,0.475737,0.720183,0.539206,0.800017,0.526248,0.970407,0.009425,0.00248
temporal_leiden,0.1,1729,2023-08-01,5,59,0.115378,356.917438,0.873018,0.723281,0.517754,0.480871,0.466223,0.699626,0.530364,0.795443,0.523304,0.977754,0.006944,0.001488
temporal_leiden,0.1,1729,2023-09-01,5,58,0.111875,353.496612,0.915606,0.70045,0.519343,0.468222,0.470148,0.68789,0.528691,0.788525,0.530496,0.965701,0.011409,0.002976
temporal_leiden,0.1,1729,2023-10-01,5,58,0.109316,346.132002,0.914179,0.691889,0.529545,0.47411,0.435562,0.670295,0.531163,0.784005,0.51115,0.973192,0.008929,0.00248
temporal_leiden,0.1,1729,2023-11-01,5,58,0.092313,332.267326,0.85954,0.679606,0.51959,0.446071,0.457241,0.692996,0.514211,0.774081,0.519583,0.960051,0.012897,0.003968
temporal_leiden,0.1,1729,2023-12-01,5,59,0.102672,339.784544,0.919944,0.693058,0.529095,0.459693,0.41269,0.701311,0.521727,0.783387,0.495378,0.98054,0.006448,0.002976
temporal_leiden,0.1,1729,2024-01-01,5,59,0.082697,302.21484,0.840548,0.7076,0.490388,0.422033,0.410093,0.677874,0.496497,0.786894,0.490467,0.957221,0.013889,0.005952
temporal_leiden,0.1,1729,2024-02-01,5,59,0.083568,321.961305,0.872287,0.682514,0.504225,0.415913,0.437537,0.694593,0.494388,0.774802,0.506502,0.970452,0.009425,0.00248
temporal_leiden,0.1,1729,2024-03-01,5,59,0.090184,339.643271,0.915459,0.69822,0.50334,0.442687,0.402841,0.649031,0.510094,0.783532,0.488774,0.959896,0.012401,0.000992
temporal_leiden,0.1,1729,2024-04-01,5,59,0.081627,357.609229,0.911849,0.654684,0.511277,0.411299,0.422399,0.669919,0.491699,0.760775,0.497986,0.968068,0.009921,0.003968
temporal_leiden,0.1,1729,2024-05-01,5,58,0.085754,342.962591,0.825756,0.673458,0.509497,0.423623,0.427948,0.67934,0.498704,0.768812,0.500866,0.972422,0.008929,0.005456
temporal_leiden,0.1,1729,2024-06-01,5,58,0.091883,377.436028,0.810942,0.68266,0.52079,0.431518,0.434837,0.690638,0.504413,0.775358,0.505632,0.973683,0.008433,0.003472
temporal_leiden,0.1,1729,2024-07-01,5,58,0.097751,380.043444,0.790384,0.698328,0.519925,0.446813,0.422377,0.673231,0.512305,0.781528,0.499021,0.968425,0.010417,0.003968
temporal_leiden,0.1,1729,2024-08-01,5,58,0.088928,368.561179,0.782376,0.680019,0.510357,0.432418,0.422261,0.679014,0.502268,0.770991,0.497095,0.950543,0.017361,0.007937
temporal_leiden,0.1,1729,2024-09-01,5,58,0.090167,345.296842,0.809855,0.686171,0.501954,0.432465,0.432303,0.679433,0.498892,0.769191,0.498523,0.972936,0.008929,0.000496
temporal_leiden,0.1,1729,2024-10-01,5,59,0.090517,353.973975,0.825982,0.685039,0.507697,0.441642,0.413517,0.664744,0.505284,0.770385,0.490652,0.948707,0.016865,0.001984
temporal_leiden,0.1,1729,2024-11-01,5,59,0.0795,335.492505,,0.666515,0.508583,0.415611,0.432477,0.687486,0.492656,0.761228,0.50096,0.984815,0.00496,0.000992
temporal_leiden,0.1,1729,2024-12-01,5,59,0.081424,335.220894,,0.689381,0.510558,0.435444,,,0.503959,0.774921,,0.983649,0.005456,0.00248
temporal_leiden,0.1,2718,2023-01-01,6,37,0.127157,302.891952,1.035858,0.700872,0.455654,0.488226,0.487886,0.695088,0.522377,0.750356,0.522163,,,
temporal_leiden,0.1,2718,2023-02-01,6,37,0.125819,317.648978,1.041208,0.698419,0.454655,0.492546,0.487386,0.679419,0.525143,0.749382,0.523172,0.974393,0.009425,0.000992
temporal_leiden,0.1,2718,2023-03-01,6,32,0.129637,350.474637,0.954681,0.680439,0.461706,0.493992,0.447228,0.638054,0.526988,0.742312,0.501958,0.9658,0.013393,0.003968
temporal_leiden,0.1,2718,2023-04-01,6,31,0.103471,339.151556,,0.645322,0.465928,0.460111,0.47373,0.672558,0.509295,0.722192,0.516841,0.943168,0.020833,0.004464
temporal_leiden,0.1,2718,2023-05-01,6,31,0.114066,336.84403,,0.676514,0.46676,0.477138,0.4777,0.665329,0.523215,0.73964,0.523891,0.959737,0.013393,0.00496
temporal_leiden,0.1,2718,2023-06-01,6,30,0.111349,332.680965,,0.67254,0.470283,0.480388,0.493394,0.691009,0.532481,0.740994,0.539172,0.927285,0.025298,0.016369
temporal_leiden,0.1,2718,2023-07-01,6,31,0.125219,339.725972,0.869057,0.692822,0.474656,0.496998,0.465405,0.668193,0.541684,0.751626,0.524743,0.976714,0.007937,0.000992
temporal_leiden,0.1,2718,2023-08-01,6,32,0.105296,320.317694,,0.675864,0.458486,0.472618,0.463854,0.661763,0.52867,0.743005,0.524659,0.972671,0.009921,0.004464
temporal_leiden,0.1,2718,2023-09-01,6,36,0.109153,324.749081,0.925553,0.653797,0.466647,0.466765,0.47157,0.649649,0.528595,0.733432,0.531554,0.964133,0.013889,0.005952
temporal_leiden,0.1,2718,2023-10-01,6,46,0.104783,319.853959,0.958989,0.652862,0.481502,0.475235,0.437146,0.628862,0.534508,0.739262,0.514992,0.966778,0.015873,0.006944
temporal_leiden,0.1,2718,2023-11-01,6,47,0.089753,302.121411,0.850099,0.636872,0.470281,0.447803,0.458,0.646675,0.517905,0.729123,0.522524,0.963395,0.014881,0.00744
temporal_leiden,0.1,2718,2023-12-01,6,58,0.099197,310.645837,,0.652685,0.479637,0.462611,0.410714,0.646935,0.528793,0.746045,0.499902,0.97077,0.013889,0.007937
temporal_leiden,0.1,2718,2024-01-01,6,59,0.076498,265.884348,,0.660053,0.443794,0.424637,0.407988,0.628683,0.505082,0.74971,0.496779,0.956381,0.015873,0.003472
temporal_leiden,0.1,2718,2024-02-01,6,59,0.07511,282.494325,1.0057,0.632178,0.456836,0.412369,0.437222,0.646548,0.501437,0.73867,0.515245,0.972466,0.009425,0.001488
temporal_leiden,0.1,2718,2024-03-01,6,59,0.08326,295.981761,1.076689,0.650234,0.460803,0.441123,0.396926,0.602274,0.516704,0.746746,0.493099,0.976894,0.007937,0.000992
temporal_leiden,0.1,2718,2024-04-01,6,59,0.076723,312.459192,,0.609256,0.466352,0.408712,0.422257,0.624314,0.497912,0.724124,0.505224,0.954522,0.016369,0.008433
temporal_leiden,0.1,2718,2024-05-01,6,58,0.083609,301.884785,0.956738,0.627655,0.463288,0.423843,0.425928,0.626517,0.506365,0.731444,0.507453,0.980007,0.00744,0.00248
temporal_leiden,0.1,2718,2024-06-01,6,58,0.090225,324.649875,0.87614,0.629479,0.476586,0.429774,0.430597,0.630044,0.510134,0.732231,0.510275,0.972938,0.009921,0.003968
temporal_leiden,0.1,2718,2024-07-01,6,58,0.093639,319.84881,0.871046,0.636439,0.478671,0.438157,0.421915,0.626495,0.513449,0.733081,0.504797,0.975055,0.009425,0.003968
temporal_leiden,0.1,2718,2024-08-01,6,58,0.087027,312.454488,0.802147,0.631603,0.465841,0.428617,0.422637,0.634144,0.507265,0.730553,0.50436,0.975986,0.008433,0.00248
temporal_leiden,0.1,2718,2024-09-01,6,58,0.086975,300.919038,,0.642159,0.458847,0.431698,0.428737,0.629704,0.506309,0.732658,0.504254,0.973276,0.009921,0.003472
temporal_leiden,0.1,2718,2024-10-01,6,58,0.086468,312.394206,0.979422,0.635062,0.468136,0.435954,0.408342,0.609948,0.511111,0.730191,0.496807,0.960197,0.014385,0.002976
temporal_leiden,0.1,2718,2024-11-01,6,59,0.07319,293.535269,1.066155,0.61282,0.467617,0.410782,0.429909,0.634292,0.499502,0.720698,0.509185,0.975383,0.010417,0.003472
temporal_leiden,0.1,2718,2024-12-01,6,59,0.077474,295.412414,0.901139,0.639531,0.470431,0.435412,,,0.512076,0.735022,,0.984208,0.005952,0.00248
temporal_leiden,0.1,3141,2023-01-01,6,57,0.12025,302.391374,1.092895,0.700253,0.465346,0.48418,0.480812,0.677142,0.529533,0.760783,0.528141,,,
temporal_leiden,0.1,3141,2023-02-01,6,57,0.119447,317.130179,1.098861,0.683084,0.465182,0.487784,0.48587,0.676699,0.530518,0.751801,0.530176,0.980839,0.006944,0.001488
temporal_leiden,0.1,3141,2023-03-01,6,57,0.125485,353.039036,0.967138,0.681075,0.471997,0.492124,0.440598,0.631747,0.533634,0.753417,0.50586,0.971609,0.009921,0.000992
temporal_leiden,0.1,3141,2023-04-01,6,59,0.105617,341.906656,1.020495,0.636512,0.46793,0.451372,0.468504,0.661891,0.514262,0.731262,0.523394,0.948154,0.018849,0.003968
temporal_leiden,0.1,3141,2023-05-01,6,59,0.11116,336.562197,,0.664832,0.47616,0.469716,0.469426,0.658271,0.529441,0.749149,0.52962,0.947701,0.018849,0.006944
temporal_leiden,0.1,3141,2023-06-01,6,60,0.11046,331.6868,,0.661997,0.482044,0.471919,0.485561,0.677898,0.536337,0.752785,0.543518,0.939536,0.020833,0.011409
temporal_leiden,0.1,3141,2023-07-01,6,59,0.125283,341.485027,,0.684076,0.486221,0.492007,0.466559,0.667631,0.544768,0.760581,0.530949,0.977193,0.008433,0.00248
temporal_leiden,0.1,3141,2023-08-01,6,59,0.107814,322.88372,,0.673118,0.471176,0.47328,0.458025,0.648694,0.53364,0.753965,0.526556,0.975181,0.009425,0.003472
temporal_leiden,0.1,3141,2023-09-01,6,58,0.107272,325.298242,0.987034,0.653878,0.473423,0.464994,0.465685,0.644611,0.529184,0.748015,0.530027,0.938113,0.022321,0.012897
temporal_leiden,0.1,3141,2023-10-01,6,58,0.10273,315.303415,0.970529,0.648339,0.482809,0.470753,0.433777,0.623319,0.531064,0.746568,0.512162,0.963516,0.014385,0.006944
temporal_leiden,0.1,3141,2023-11-01,6,58,0.085573,295.716623,,0.633728,0.472124,0.444543,0.456511,0.647116,0.514672,0.735385,0.52038,0.961142,0.015377,0.006944
temporal_leiden,0.1,3141,2023-12-01,6,59,0.099126,308.461709,,0.652457,0.478398,0.463848,0.410495,0.644481,0.523905,0.745672,0.494353,0.97888,0.00744,0.001984
temporal_leiden,0.1,3141,2024-01-01,6,59,0.07786,267.400557,,0.66062,0.441973,0.426597,0.413309,0.631592,0.495704,0.74361,0.489293,0.930179,0.02381,0.007937
temporal_leiden,0.1,3141,2024-02-01,6,59,0.079427,285.535935,0.903358,0.63885,0.449144,0.414234,0.436807,0.650043,0.481349,0.721437,0.493724,0.93866,0.024802,0.020337
temporal_leiden,0.1,3141,2024-03-01,6,59,0.089595,300.98083,,0.658737,0.45225,0.439763,0.389483,0.60944,0.492866,0.727384,0.465977,0.952101,0.017857,0.011905
temporal_leiden,0.1,3141,2024-04-01,6,59,0.081033,313.908593,,0.61777,0.453377,0.404822,0.421042,0.634402,0.472793,0.70476,0.481942,0.929854,0.024306,0.018353
temporal_leiden,0.1,3141,2024-05-01,6,60,0.091961,313.227021,,0.640213,0.451216,0.42478,0.428621,0.64076,0.488131,0.718748,0.489957,0.966987,0.013393,0.008929
temporal_leiden,0.1,3141,2024-06-01,6,59,0.096927,331.814438,,0.647057,0.460865,0.434192,0.430358,0.636562,0.493705,0.721547,0.491559,0.96727,0.012401,0.004464
temporal_leiden,0.1,3141,2024-07-01,6,58,0.097617,315.729994,0.889955,0.641181,0.46543,0.436847,0.403122,0.607771,0.497912,0.717859,0.479948,0.964883,0.011905,0.005952
temporal_leiden,0.1,3141,2024-08-01,6,58,0.086561,300.327985,,0.611603,0.455536,0.409707,0.405188,0.621404,0.483257,0.705338,0.481016,0.970385,0.010417,0.001488
temporal_leiden,0.1,3141,2024-09-01,6,57,0.087834,294.305373,,0.630624,0.450135,0.417433,0.424459,0.63841,0.485132,0.713165,0.488089,0.971567,0.010913,0.002976
temporal_leiden,0.1,3141,2024-10-01,6,56,0.091485,313.218753,,0.643159,0.452103,0.430303,0.407555,0.625406,0.493239,0.719912,0.481591,0.956763,0.015377,0.003472
temporal_leiden,0.1,3141,2024-11-01,6,57,0.077568,294.611716,0.926362,0.62919,0.450049,0.410044,0.426247,0.650695,0.483627,0.712981,0.491942,0.971372,0.010913,0.004464
temporal_leiden,0.1,3141,2024-12-01,6,57,0.0826,299.552278,,0.655083,0.45261,0.431461,,,0.493594,0.726003,,0.98919,0.003968,0.000496
kmeans4_fixed_2023,,,2023-01-01,4,153,0.196315,537.926211,1.078847,0.852574,0.525049,0.530709,0.49903,0.82366,0.394867,0.718415,0.378037,,,
kmeans4_fixed_2023,,,2023-02-01,4,139,0.200825,583.737208,1.096735,0.866293,0.516269,0.533798,0.50128,0.836316,0.3938,0.728984,0.376573,0.764607,0.082837,0.011905
kmeans4_fixed_2023,,,2023-03-01,4,139,0.211962,669.10374,0.990213,0.872607,0.52362,0.554526,0.502003,0.818513,0.410168,0.734851,0.3824,0.752812,0.085317,0.062996
kmeans4_fixed_2023,,,2023-04-01,4,155,0.233267,768.727519,1.028676,0.875323,0.535369,0.564036,0.530397,0.834019,0.416682,0.732208,0.399302,0.632151,0.137897,0.109127
kmeans4_fixed_2023,,,2023-05-01,4,134,0.232298,759.638739,0.947957,0.875187,0.533654,0.564992,0.535059,0.836252,0.411085,0.720085,0.396429,0.793722,0.078869,0.034226
kmeans4_fixed_2023,,,2023-06-01,4,111,0.240307,780.841179,0.902327,0.874419,0.52349,0.556948,0.540501,0.850688,0.406849,0.718695,0.39735,0.818086,0.06994,0.023313
kmeans4_fixed_2023,,,2023-07-01,4,105,0.24338,776.715897,0.885507,0.878822,0.528197,0.564346,0.536154,0.843189,0.411315,0.723283,0.397326,0.861884,0.052579,0.003472
kmeans4_fixed_2023,,,2023-08-01,4,95,0.242648,752.850114,0.844522,0.865065,0.528397,0.549561,0.515515,0.837279,0.403925,0.716895,0.386195,0.850004,0.05754,0.019345
kmeans4_fixed_2023,,,2023-09-01,4,99,0.238978,757.022005,0.889786,0.875608,0.529576,0.536434,0.514102,0.845701,0.388893,0.719376,0.376693,0.819458,0.068452,0.023313
kmeans4_fixed_2023,,,2023-10-01,4,93,0.243724,750.730909,1.004737,0.868328,0.53124,0.533334,0.510905,0.8348,0.388048,0.715031,0.377186,0.850844,0.054563,0.013889
kmeans4_fixed_2023,,,2023-11-01,4,69,0.247489,739.378302,1.005361,0.859452,0.530776,0.521886,0.503022,0.838656,0.378931,0.698885,0.368756,0.846452,0.060516,0.017857
kmeans4_fixed_2023,,,2023-12-01,4,73,0.252323,766.638852,0.872304,0.882707,0.519682,0.525858,0.497538,0.832968,0.385189,0.729646,0.370586,0.861196,0.05506,0.00744
kmeans4_fixed_2023,,,2024-01-01,4,57,0.247834,698.171824,1.090716,0.858695,0.527306,0.510186,0.49801,0.84034,0.370991,0.702322,0.365315,0.85491,0.058532,0.011905
kmeans4_fixed_2023,,,2024-02-01,4,48,0.255976,743.532772,0.954718,0.846348,0.523044,0.501406,0.489353,0.829894,0.367044,0.694282,0.360128,0.889082,0.044147,0.017361
kmeans4_fixed_2023,,,2024-03-01,4,45,0.257212,745.09229,1.007769,0.849111,0.525717,0.502431,0.480156,0.813068,0.366657,0.69454,0.35625,0.895302,0.039683,0.010913
kmeans4_fixed_2023,,,2024-04-01,4,37,0.260787,824.335055,0.951398,0.825564,0.526551,0.493356,0.476646,0.80272,0.359632,0.67544,0.351161,0.888078,0.046131,0.008929
kmeans4_fixed_2023,,,2024-05-01,4,37,0.25021,764.777767,0.985731,0.828678,0.526517,0.488688,0.47277,0.806428,0.354773,0.670514,0.345802,0.901934,0.037202,0.009425
kmeans4_fixed_2023,,,2024-06-01,4,28,0.251533,814.051528,0.974999,0.834714,0.517869,0.493252,0.4782,0.785739,0.356107,0.679264,0.348046,0.873356,0.051091,0.00744
kmeans4_fixed_2023,,,2024-07-01,4,18,0.259671,789.118455,0.840375,0.792297,0.517009,0.494467,0.481612,0.760435,0.35875,0.634542,0.351928,0.899767,0.040179,0.008433
kmeans4_fixed_2023,,,2024-08-01,4,18,0.257294,757.317884,0.888659,0.764215,0.520919,0.484397,0.458267,0.740957,0.353181,0.625857,0.340229,0.903202,0.037202,0.012897
kmeans4_fixed_2023,,,2024-09-01,4,17,0.247771,699.653968,0.919298,0.790143,0.514471,0.491256,0.478605,0.773555,0.355229,0.634247,0.347717,0.852423,0.059524,0.012401
kmeans4_fixed_2023,,,2024-10-01,4,25,0.248312,751.834249,0.970521,0.821609,0.520862,0.497071,0.479726,0.787013,0.358079,0.671307,0.350496,0.91017,0.036706,0.007937
kmeans4_fixed_2023,,,2024-11-01,4,25,0.248871,737.87604,0.994215,0.813784,0.523939,0.499642,0.484207,0.791811,0.362842,0.660404,0.354764,0.889207,0.044147,0.017361
kmeans4_fixed_2023,,,2024-12-01,4,25,0.257072,747.368586,1.091654,0.816763,0.517465,0.496859,,,0.361232,0.680071,,0.884739,0.043155,0.00248
kmeans4_fixed_2023_no_season,,,2023-01-01,4,124,0.194909,530.164209,1.124738,0.837047,0.522656,0.513369,0.484731,0.810071,0.376697,0.70152,0.36155,,,
kmeans4_fixed_2023_no_season,,,2023-02-01,4,119,0.203272,595.077801,1.159502,0.865607,0.516289,0.548011,0.521832,0.836605,0.400482,0.721047,0.386905,0.669654,0.123016,0.083333
kmeans4_fixed_2023_no_season,,,2023-03-01,4,138,0.212275,674.794752,1.013144,0.872553,0.525565,0.558969,0.506476,0.816731,0.414558,0.734548,0.386842,0.737419,0.094246,0.06498
kmeans4_fixed_2023_no_season,,,2023-04-01,4,165,0.232752,763.70261,1.026142,0.874441,0.540225,0.5613,0.526257,0.830056,0.417975,0.734331,0.399908,0.673707,0.124504,0.084821
kmeans4_fixed_2023_no_season,,,2023-05-01,4,176,0.235279,747.774469,0.910537,0.871836,0.538943,0.562434,0.531458,0.832882,0.415813,0.727706,0.400067,0.818024,0.071429,0.008929
kmeans4_fixed_2023_no_season,,,2023-06-01,4,184,0.24036,767.091704,0.897683,0.866305,0.534605,0.564145,0.545687,0.843706,0.421058,0.729876,0.410608,0.815322,0.070437,0.018353
kmeans4_fixed_2023_no_season,,,2023-07-01,4,153,0.24079,771.546665,0.866729,0.866988,0.534454,0.565018,0.536758,0.835809,0.416825,0.726957,0.402583,0.772889,0.085317,0.048611
kmeans4_fixed_2023_no_season,,,2023-08-01,4,122,0.236419,757.436058,0.959312,0.866268,0.527727,0.57044,0.530581,0.830777,0.411715,0.714212,0.391131,0.738037,0.102183,0.046131
kmeans4_fixed_2023_no_season,,,2023-09-01,4,96,0.236869,764.47153,0.897926,0.875145,0.519345,0.560882,0.534325,0.842463,0.405091,0.717132,0.390966,0.734529,0.099206,0.068948
kmeans4_fixed_2023_no_season,,,2023-10-01,4,71,0.238974,741.359814,1.034411,0.851687,0.522847,0.535794,0.515436,0.827171,0.3859,0.692572,0.376259,0.768036,0.087302,0.067956
kmeans4_fixed_2023_no_season,,,2023-11-01,4,46,0.244235,689.188824,1.050335,0.844383,0.521552,0.488445,0.475716,0.833357,0.356373,0.679176,0.348853,0.735908,0.104167,0.08631
kmeans4_fixed_2023_no_season,,,2023-12-01,4,70,0.25338,692.586539,0.906813,0.881218,0.527938,0.456824,0.431804,0.833496,0.339449,0.728211,0.32634,0.741314,0.137897,0.072917
kmeans4_fixed_2023_no_season,,,2024-01-01,4,48,0.240276,694.251334,1.134452,0.845281,0.523076,0.521044,0.505617,0.821996,0.375385,0.687662,0.368104,0.615287,0.194444,0.12748
kmeans4_fixed_2023_no_season,,,2024-02-01,4,40,0.252976,714.57319,0.951472,0.836397,0.525204,0.483615,0.473637,0.822821,0.3541,0.678545,0.348071,0.777832,0.088294,0.067956
kmeans4_fixed_2023_no_season,,,2024-03-01,4,43,0.25121,722.666816,1.018465,0.842758,0.535215,0.483936,0.466121,0.805433,0.354245,0.688124,0.346283,0.908132,0.03869,0.012897
kmeans4_fixed_2023_no_season,,,2024-04-01,4,38,0.258963,810.310987,0.929404,0.825909,0.531864,0.478325,0.466989,0.806301,0.350725,0.675637,0.345071,0.913326,0.035218,0.006944
kmeans4_fixed_2023_no_season,,,2024-05-01,4,48,0.264537,777.511642,0.916644,0.854401,0.529913,0.490009,0.469147,0.818407,0.356723,0.698487,0.345449,0.878705,0.055556,0.028274
kmeans4_fixed_2023_no_season,,,2024-06-01,4,46,0.266585,851.093106,0.925929,0.853308,0.522987,0.506162,0.48681,0.803398,0.367886,0.708647,0.357636,0.8247,0.069444,0.035218
kmeans4_fixed_2023_no_season,,,2024-07-01,4,27,0.266734,832.071289,0.917637,0.803103,0.515824,0.524856,0.508247,0.769982,0.378933,0.661325,0.370349,0.794732,0.083333,0.049603
kmeans4_fixed_2023_no_season,,,2024-08-01,4,21,0.256691,803.189407,0.88566,0.77714,0.517079,0.541106,0.513193,0.764674,0.388418,0.632459,0.374248,0.825175,0.070437,0.029266
kmeans4_fixed_2023_no_season,,,2024-09-01,4,16,0.239422,711.781702,0.902039,0.791351,0.514896,0.524051,0.505442,0.772986,0.372749,0.625508,0.362022,0.83383,0.06498,0.038194
kmeans4_fixed_2023_no_season,,,2024-10-01,4,21,0.239105,737.668873,0.960872,0.808185,0.518586,0.506445,0.487292,0.763645,0.360602,0.657355,0.351924,0.835237,0.06498,0.044643
kmeans4_fixed_2023_no_season,,,2024-11-01,4,13,0.236131,680.692815,0.926531,0.773075,0.520301,0.464601,0.449931,0.733263,0.336695,0.612309,0.328626,0.808145,0.078373,0.05754
kmeans4_fixed_2023_no_season,,,2024-12-01,4,24,0.253854,656.133326,1.072807,0.811255,0.53262,0.415935,,,0.313484,0.674295,,0.725652,0.139881,0.077877
kmeans4_monthly_refit,,1729,2023-01-01,4,284,0.252595,603.137699,1.120482,0.867202,0.571734,0.593451,0.551967,0.817996,0.453199,0.715756,0.43125,,,
kmeans4_monthly_refit,,1729,2023-02-01,4,119,0.23646,626.379483,1.230395,0.874137,0.544597,0.570677,0.518066,0.825154,0.426794,0.731785,0.399263,0.41156,0.378968,0.180556
kmeans4_monthly_refit,,1729,2023-03-01,4,99,0.238223,694.895825,1.149138,0.881164,0.527716,0.573754,0.528672,0.84219,0.450759,0.755043,0.426483,0.357403,0.34127,0.105159
kmeans4_monthly_refit,,1729,2023-04-01,4,101,0.237405,777.035235,1.030717,0.87625,0.517332,0.555559,0.531716,0.84688,0.404107,0.723091,0.391767,0.491871,0.204365,0.034722
kmeans4_monthly_refit,,1729,2023-05-01,4,116,0.238414,767.889265,0.991922,0.874148,0.523507,0.564108,0.538032,0.840666,0.409606,0.718145,0.396939,0.826337,0.062996,0.018353
kmeans4_monthly_refit,,1729,2023-06-01,4,100,0.242501,787.770774,0.963648,0.881774,0.513008,0.563765,0.54002,0.852412,0.407619,0.724561,0.394249,0.777937,0.079365,0.007937
kmeans4_monthly_refit,,1729,2023-07-01,4,117,0.243531,784.115848,0.895398,0.880437,0.530693,0.569757,0.540811,0.847347,0.413969,0.72929,0.399602,0.817824,0.066468,0.02629
kmeans4_monthly_refit,,1729,2023-08-01,4,152,0.237509,772.017526,0.866714,0.877895,0.539217,0.576064,0.528756,0.83364,0.420893,0.733098,0.396007,0.82003,0.068452,0.02629
kmeans4_monthly_refit,,1729,2023-09-01,4,151,0.23558,779.68135,0.844072,0.880051,0.539527,0.579151,0.540413,0.83573,0.416877,0.730323,0.396865,0.693535,0.115575,0.039187
kmeans4_monthly_refit,,1729,2023-10-01,4,135,0.240918,776.393825,0.924159,0.878784,0.537362,0.580531,0.517158,0.813863,0.420499,0.731237,0.388159,0.648086,0.13244,0.063988
kmeans4_monthly_refit,,1729,2023-11-01,4,403,0.239502,789.644754,0.775004,0.879302,0.586172,0.616927,0.54283,0.805113,0.445452,0.704342,0.406798,0.390537,0.399802,0.158234
kmeans4_monthly_refit,,1729,2023-12-01,4,85,0.251648,794.14094,0.935455,0.879082,0.517525,0.566863,0.534479,0.826954,0.410037,0.729196,0.393056,0.526012,0.256944,0.157738
kmeans4_monthly_refit,,1729,2024-01-01,4,394,0.244071,813.681439,0.803983,0.876199,0.584912,0.615123,0.569402,0.829936,0.44356,0.701791,0.42001,0.541026,0.261409,0.153274
kmeans4_monthly_refit,,1729,2024-02-01,4,386,0.248701,855.40601,0.899421,0.881641,0.582044,0.62008,0.56515,0.826573,0.444359,0.70289,0.414842,0.781267,0.086806,0.012401
kmeans4_monthly_refit,,1729,2024-03-01,4,393,0.244482,849.17452,1.023219,0.87813,0.581649,0.616754,0.556661,0.820501,0.441974,0.70169,0.410979,0.733513,0.107639,0.030258
kmeans4_monthly_refit,,1729,2024-04-01,4,376,0.24782,952.732965,0.908749,0.884947,0.57432,0.619759,0.551005,0.817937,0.440052,0.704827,0.403412,0.720409,0.110119,0.017361
kmeans4_monthly_refit,,1729,2024-05-01,4,319,0.249927,888.064126,0.783971,0.875118,0.57085,0.60332,0.548941,0.816306,0.43419,0.70427,0.405285,0.647974,0.157242,0.053571
kmeans4_monthly_refit,,1729,2024-06-01,4,381,0.243516,959.823036,0.809509,0.881749,0.578003,0.618954,0.554115,0.820793,0.441843,0.704786,0.407679,0.663651,0.144345,0.066964
kmeans4_monthly_refit,,1729,2024-07-01,4,400,0.239371,962.906962,0.994101,0.877322,0.582451,0.61813,0.542076,0.804263,0.435983,0.6963,0.396804,0.687289,0.12748,0.034226
kmeans4_monthly_refit,,1729,2024-08-01,4,390,0.23511,936.73422,0.962097,0.876162,0.585611,0.615079,0.531797,0.795395,0.439359,0.700678,0.39625,0.704687,0.121528,0.022817
kmeans4_monthly_refit,,1729,2024-09-01,4,385,0.235357,872.381007,0.82576,0.877521,0.574261,0.613683,0.547413,0.814259,0.434607,0.69734,0.398727,0.66807,0.140377,0.015377
kmeans4_monthly_refit,,1729,2024-10-01,4,375,0.242824,913.233415,0.83402,0.882216,0.57525,0.612328,0.554186,0.825554,0.433748,0.701409,0.404542,0.706673,0.119544,0.029762
kmeans4_monthly_refit,,1729,2024-11-01,4,374,0.249334,928.559079,0.903302,0.888119,0.572366,0.617509,0.560992,0.832309,0.442891,0.711594,0.413236,0.746672,0.100198,0.00744
kmeans4_monthly_refit,,1729,2024-12-01,4,384,0.244245,877.392246,0.973122,0.87769,0.571568,0.613838,,,0.435775,0.699198,,0.727353,0.109623,0.034226
