experiment,year,candidate,equal_region_mse,within_region_population_variance,between_region_bias_variance,common_equal_region_bias,common_bias_squared,fraction_mse_from_common_bias,identity_max_error,status
economic_screen,2023,controls,0.03487468883252823,0.022119187320259352,0.012739779367450353,-0.003965115990549857,1.5722144818514178e-05,0.0004508182107090189,8.578749689791554e-18,EX_POST_DIAGNOSTIC_NOT_A_FORECAST_CORRECTION
economic_screen,2023,continuous5,0.03129993104699737,0.021489898925839253,0.009807011758234785,-0.0017379191360160392,3.0203629233307365e-06,9.64974305788601e-05,1.0473562392799424e-18,EX_POST_DIAGNOSTIC_NOT_A_FORECAST_CORRECTION
economic_screen,2023,kmeans4,0.034076946570014185,0.022527018294936352,0.011535262994286907,-0.003829527489250232,1.4665280790923186e-05,0.0004303578303529054,2.558039500707987e-18,EX_POST_DIAGNOSTIC_NOT_A_FORECAST_CORRECTION
economic_screen,2023,huber75,0.03248160014732748,0.021508150521481348,0.01096036299206639,-0.003617545269895763,1.3086633779745209e-05,0.0004028937527827412,5.505714157152952e-19,EX_POST_DIAGNOSTIC_NOT_A_FORECAST_CORRECTION
economic_screen,2023,mixture4,0.031022530577689063,0.021743074769943853,0.009272813850864904,-0.002577199425793717,6.641956880311465e-06,0.0002141010664387341,5.632769099241097e-18,EX_POST_DIAGNOSTIC_NOT_A_FORECAST_CORRECTION
economic_screen,2023,continuous5_region_weighted,0.0314471194925089,0.021634255268017193,0.009811834617484385,-0.0010146955244417315,1.0296070073220804e-06,3.274090040480006e-05,3.0582124560616514e-18,EX_POST_DIAGNOSTIC_NOT_A_FORECAST_CORRECTION
economic_screen,2023,continuous5_temporal15,0.030584991823282212,0.020906622978939457,0.0096711031634281,0.0026954927035056225,7.26568091465205e-06,0.00023755706578679534,3.561773543204333e-18,EX_POST_DIAGNOSTIC_NOT_A_FORECAST_CORRECTION
economic_screen,2023,controls_geo3,0.030404563362076024,0.02106222705039337,0.00931899869427528,0.00483090233883638,2.3337617407374805e-05,0.0007675695628138536,4.3029273720518457e-19,EX_POST_DIAGNOSTIC_NOT_A_FORECAST_CORRECTION
economic_screen,2023,continuous5_geo3,0.02914868739350376,0.020427681331149503,0.00870817953162692,0.003581414626560276,1.2826530727339882e-05,0.000440038021410133,2.3005414847426797e-18,EX_POST_DIAGNOSTIC_NOT_A_FORECAST_CORRECTION
economic_screen,2023,continuous5_geo3_temporal15,0.028830024920087086,0.019978589387154914,0.008841550651646254,0.0031440231051814574,9.884881285914854e-06,0.0003428675942290859,2.5868386209146332e-18,EX_POST_DIAGNOSTIC_NOT_A_FORECAST_CORRECTION
economic_screen,2023,controls_temporal15,0.03181316835006965,0.022100393399673762,0.009711099626132492,0.0012943431783715847,1.6753242633970561e-06,5.266134592323271e-05,1.8141328147818978e-18,EX_POST_DIAGNOSTIC_NOT_A_FORECAST_CORRECTION
economic_screen,2023,continuous5_geo3_region_weighted,0.02807864954254015,0.0203984308678652,0.0076794621411146674,0.0008697893769681038,7.565335602865622e-07,2.694337415125279e-05,3.606560410290404e-18,EX_POST_DIAGNOSTIC_NOT_A_FORECAST_CORRECTION
economic_screen,2024,controls,0.062036599078170045,0.021953269312624375,0.011808631531786042,0.1681508199021332,0.028274698233759638,0.4557744727129823,1.0408340855860843e-17,EX_POST_DIAGNOSTIC_NOT_A_FORECAST_CORRECTION
economic_screen,2024,continuous5,0.058556077547149636,0.020993321795118668,0.00922717044127803,0.16833177154284612,0.028335585310752937,0.48390511280297055,3.469446951953614e-18,EX_POST_DIAGNOSTIC_NOT_A_FORECAST_CORRECTION
economic_screen,2024,kmeans4,0.061138146870595315,0.022324314924852793,0.010824119737306176,0.1673012618255951,0.027989712208436324,0.4578109354161356,2.0816681711721685e-17,EX_POST_DIAGNOSTIC_NOT_A_FORECAST_CORRECTION
economic_screen,2024,huber75,0.05957678519417168,0.021324427423431106,0.010246554200536469,0.16734934589117495,0.028005803570204112,0.47007913365798537,1.0408340855860843e-17,EX_POST_DIAGNOSTIC_NOT_A_FORECAST_CORRECTION
economic_screen,2024,mixture4,0.05784862319366372,0.021400829041381172,0.008431340131853904,0.16738116387583354,0.028016454020428645,0.4843063235340292,3.469446951953614e-18,EX_POST_DIAGNOSTIC_NOT_A_FORECAST_CORRECTION
economic_screen,2024,continuous5_region_weighted,0.05953274267700504,0.021317449676676925,0.00973185305981254,0.16877037637131576,0.028483439940515574,0.47844998667460203,0.0,EX_POST_DIAGNOSTIC_NOT_A_FORECAST_CORRECTION
economic_screen,2024,continuous5_temporal15,0.059140773857366304,0.020253258095831936,0.008827141396449734,0.1733792789380687,0.030060374365084633,0.508285103566335,0.0,EX_POST_DIAGNOSTIC_NOT_A_FORECAST_CORRECTION
economic_screen,2024,controls_geo3,0.06061935840676337,0.020900079436539057,0.00910663687924968,0.17496468812584626,0.030612642090974647,0.5049977910613973,1.3877787807814457e-17,EX_POST_DIAGNOSTIC_NOT_A_FORECAST_CORRECTION
economic_screen,2024,continuous5_geo3,0.05885153629518608,0.020158643760068155,0.0085452544755239,0.17363075205617814,0.03014763805959401,0.5122659484772026,1.734723475976807e-17,EX_POST_DIAGNOSTIC_NOT_A_FORECAST_CORRECTION
economic_screen,2024,continuous5_geo3_temporal15,0.0578749926416063,0.01947964289197251,0.008630119813629928,0.17252602683654383,0.029765229936003845,0.5143020945216611,2.42861286636753e-17,EX_POST_DIAGNOSTIC_NOT_A_FORECAST_CORRECTION
economic_screen,2024,controls_temporal15,0.059815850982531976,0.021298439276634547,0.008606264756225576,0.1729483938915648,0.029911146949671848,0.5000538562664067,0.0,EX_POST_DIAGNOSTIC_NOT_A_FORECAST_CORRECTION
economic_screen,2024,continuous5_geo3_region_weighted,0.0570448863223319,0.020197939841194806,0.00787824384779995,0.17020194662029323,0.028968702633337146,0.5078229531328997,0.0,EX_POST_DIAGNOSTIC_NOT_A_FORECAST_CORRECTION
spatial_stress,2023,controls,0.038297005493126306,0.023448820842083575,0.014787856613439378,-0.007767112565384383,6.0328037603351974e-05,0.0015752677481318971,8.673617379884035e-19,EX_POST_DIAGNOSTIC_NOT_A_FORECAST_CORRECTION
spatial_stress,2023,continuous5,0.03695572510465658,0.022707867361012775,0.014123182117778903,-0.011165824011907815,0.00012467562586489713,0.003373648481035689,2.1412992906588713e-18,EX_POST_DIAGNOSTIC_NOT_A_FORECAST_CORRECTION
spatial_stress,2023,mixture4,0.03646026349397504,0.02336895081170546,0.013042239904547205,-0.007005196479926288,4.907277772237166e-05,0.001345924933605617,5.1228552649940085e-18,EX_POST_DIAGNOSTIC_NOT_A_FORECAST_CORRECTION
spatial_stress,2023,continuous5_temporal15,0.03615975533828416,0.022728170495540826,0.013388699739413465,-0.006548671875263266,4.28851033298641e-05,0.0011859898643854893,4.3164798992079145e-18,EX_POST_DIAGNOSTIC_NOT_A_FORECAST_CORRECTION
spatial_stress,2023,controls_geo3,0.03134431713795712,0.022011057573201202,0.009315979949707846,-0.00415687563538688,1.7279615048073078e-05,0.0005512838251354958,4.0996394647108136e-19,EX_POST_DIAGNOSTIC_NOT_A_FORECAST_CORRECTION
spatial_stress,2023,continuous5_geo3,0.032691914153212695,0.022422503627472015,0.010231209855694302,-0.006180669061386305,3.8200670046377866e-05,0.00116850514984678,2.778268066994105e-19,EX_POST_DIAGNOSTIC_NOT_A_FORECAST_CORRECTION
spatial_stress,2023,continuous5_geo3_temporal15,0.0321120857538371,0.021525491519365128,0.01053123199114192,-0.007440580846281726,5.536224333005448e-05,0.001724031374182513,6.844026213814747e-19,EX_POST_DIAGNOSTIC_NOT_A_FORECAST_CORRECTION
spatial_stress,2023,continuous5_geo3_region_weighted,0.03227944542983418,0.022150007269290346,0.010026871539936817,-0.010127517988481634,0.00010256662060701908,0.003177459192412959,3.537209587733958e-18,EX_POST_DIAGNOSTIC_NOT_A_FORECAST_CORRECTION
spatial_stress,2024,controls,0.06430462032669113,0.023217160928701137,0.01388238600684623,0.16493960528370305,0.027205073391143763,0.42306560948392175,3.469446951953614e-18,EX_POST_DIAGNOSTIC_NOT_A_FORECAST_CORRECTION
spatial_stress,2024,continuous5,0.06086791172870242,0.02219057592447001,0.012595112066526365,0.16149991869256786,0.02608222373770603,0.4285053158051238,1.3877787807814457e-17,EX_POST_DIAGNOSTIC_NOT_A_FORECAST_CORRECTION
spatial_stress,2024,mixture4,0.06231126600422763,0.022926951510914152,0.011788635190951078,0.16611947297762053,0.027595679302362397,0.442868217450278,0.0,EX_POST_DIAGNOSTIC_NOT_A_FORECAST_CORRECTION
spatial_stress,2024,continuous5_temporal15,0.06133749672356356,0.022007871925650686,0.011632345055379092,0.16642499734875701,0.02769727974253378,0.45155543056085506,3.469446951953614e-18,EX_POST_DIAGNOSTIC_NOT_A_FORECAST_CORRECTION
spatial_stress,2024,controls_geo3,0.05798673286682955,0.021666395495337783,0.008486594911424944,0.1668344762333818,0.027833742460066833,0.48000190878125354,6.938893903907228e-18,EX_POST_DIAGNOSTIC_NOT_A_FORECAST_CORRECTION
spatial_stress,2024,continuous5_geo3,0.058195437749455514,0.021796698270954335,0.008887003621099834,0.16586662068481814,0.02751173585740134,0.47274729637477025,6.938893903907228e-18,EX_POST_DIAGNOSTIC_NOT_A_FORECAST_CORRECTION
spatial_stress,2024,continuous5_geo3_temporal15,0.05775610959382924,0.020974367681205638,0.009684635247585189,0.16461198821786469,0.027097106665038423,0.4691643335328376,3.469446951953614e-18,EX_POST_DIAGNOSTIC_NOT_A_FORECAST_CORRECTION
spatial_stress,2024,continuous5_geo3_region_weighted,0.05691985697941443,0.021621593090722667,0.009225197255079077,0.16147156602204826,0.026073066633612692,0.45806627102106473,6.938893903907228e-18,EX_POST_DIAGNOSTIC_NOT_A_FORECAST_CORRECTION
