year,candidate,reference,blocks,regions,delta_candidate_minus_reference,conditional_block_bootstrap_low,conditional_block_bootstrap_high,fraction_blocks_with_negative_sum,inference_status
2023,controls,continuous5,9,72,0.0013412803884697332,-0.0026269222899821974,0.004686078417962317,0.5555555555555556,DESCRIPTIVE_9_BLOCKS_FIXED_PREDICTIONS_POST_SELECTION_NOT_COVERAGE_GUARANTEE
2023,controls,controls_geo3,9,72,0.006952688355169186,0.0006945430427478276,0.01271451237412805,0.1111111111111111,DESCRIPTIVE_9_BLOCKS_FIXED_PREDICTIONS_POST_SELECTION_NOT_COVERAGE_GUARANTEE
2023,continuous5,continuous5,9,72,0.0,0.0,0.0,0.0,DESCRIPTIVE_9_BLOCKS_FIXED_PREDICTIONS_POST_SELECTION_NOT_COVERAGE_GUARANTEE
2023,continuous5,controls_geo3,9,72,0.005611407966699452,-0.0007216366356016043,0.011227052859363878,0.2222222222222222,DESCRIPTIVE_9_BLOCKS_FIXED_PREDICTIONS_POST_SELECTION_NOT_COVERAGE_GUARANTEE
2023,mixture4,continuous5,9,72,-0.0004954616106815397,-0.004432173246388793,0.002884288304323671,0.4444444444444444,DESCRIPTIVE_9_BLOCKS_FIXED_PREDICTIONS_POST_SELECTION_NOT_COVERAGE_GUARANTEE
2023,mixture4,controls_geo3,9,72,0.005115946356017913,0.0001217798891192521,0.009130422749333022,0.2222222222222222,DESCRIPTIVE_9_BLOCKS_FIXED_PREDICTIONS_POST_SELECTION_NOT_COVERAGE_GUARANTEE
2023,continuous5_temporal15,continuous5,9,72,-0.0007959697663724184,-0.002661684592141452,0.0019909735078971046,0.5555555555555556,DESCRIPTIVE_9_BLOCKS_FIXED_PREDICTIONS_POST_SELECTION_NOT_COVERAGE_GUARANTEE
2023,continuous5_temporal15,controls_geo3,9,72,0.0048154382003270345,-0.0003876781014942147,0.009574827084369802,0.3333333333333333,DESCRIPTIVE_9_BLOCKS_FIXED_PREDICTIONS_POST_SELECTION_NOT_COVERAGE_GUARANTEE
2023,controls_geo3,continuous5,9,72,-0.005611407966699452,-0.011227052859363876,0.0007216366356016068,0.7777777777777778,DESCRIPTIVE_9_BLOCKS_FIXED_PREDICTIONS_POST_SELECTION_NOT_COVERAGE_GUARANTEE
2023,controls_geo3,controls_geo3,9,72,0.0,0.0,0.0,0.0,DESCRIPTIVE_9_BLOCKS_FIXED_PREDICTIONS_POST_SELECTION_NOT_COVERAGE_GUARANTEE
2023,continuous5_geo3,continuous5,9,72,-0.004263810951443881,-0.008413682756568805,-4.5042339349051396e-05,0.6666666666666666,DESCRIPTIVE_9_BLOCKS_FIXED_PREDICTIONS_POST_SELECTION_NOT_COVERAGE_GUARANTEE
2023,continuous5_geo3,controls_geo3,9,72,0.0013475970152555723,-0.0014371040546206281,0.00451952650378903,0.3333333333333333,DESCRIPTIVE_9_BLOCKS_FIXED_PREDICTIONS_POST_SELECTION_NOT_COVERAGE_GUARANTEE
2023,continuous5_geo3_temporal15,continuous5,9,72,-0.004843639350819472,-0.008893436019484108,0.0001980796103125776,0.5555555555555556,DESCRIPTIVE_9_BLOCKS_FIXED_PREDICTIONS_POST_SELECTION_NOT_COVERAGE_GUARANTEE
2023,continuous5_geo3_temporal15,controls_geo3,9,72,0.0007677686158799812,-0.00196529505687483,0.0037534280293663102,0.4444444444444444,DESCRIPTIVE_9_BLOCKS_FIXED_PREDICTIONS_POST_SELECTION_NOT_COVERAGE_GUARANTEE
2023,continuous5_geo3_region_weighted,continuous5,9,72,-0.0046762796748223935,-0.008146417386251516,-0.0011442178896683003,0.8888888888888888,DESCRIPTIVE_9_BLOCKS_FIXED_PREDICTIONS_POST_SELECTION_NOT_COVERAGE_GUARANTEE
2023,continuous5_geo3_region_weighted,controls_geo3,9,72,0.0009351282918770591,-0.002699530142260343,0.004687695157949977,0.4444444444444444,DESCRIPTIVE_9_BLOCKS_FIXED_PREDICTIONS_POST_SELECTION_NOT_COVERAGE_GUARANTEE
2024,controls,continuous5,9,68,0.0034367085979887238,-0.004426706525815231,0.01255581364821868,0.5555555555555556,DESCRIPTIVE_9_BLOCKS_FIXED_PREDICTIONS_POST_SELECTION_NOT_COVERAGE_GUARANTEE
2024,controls,controls_geo3,9,68,0.006317887459861581,-0.008864979360088038,0.026235420709257187,0.3333333333333333,DESCRIPTIVE_9_BLOCKS_FIXED_PREDICTIONS_POST_SELECTION_NOT_COVERAGE_GUARANTEE
2024,continuous5,continuous5,9,68,0.0,0.0,0.0,0.0,DESCRIPTIVE_9_BLOCKS_FIXED_PREDICTIONS_POST_SELECTION_NOT_COVERAGE_GUARANTEE
2024,continuous5,controls_geo3,9,68,0.0028811788618728577,-0.0075200432461605595,0.017737902528620363,0.4444444444444444,DESCRIPTIVE_9_BLOCKS_FIXED_PREDICTIONS_POST_SELECTION_NOT_COVERAGE_GUARANTEE
2024,mixture4,continuous5,9,68,0.0014433542755252187,-0.004518347234805544,0.00819002112442099,0.6666666666666666,DESCRIPTIVE_9_BLOCKS_FIXED_PREDICTIONS_POST_SELECTION_NOT_COVERAGE_GUARANTEE
2024,mixture4,controls_geo3,9,68,0.004324533137398077,-0.009869358673280851,0.023081336661326505,0.4444444444444444,DESCRIPTIVE_9_BLOCKS_FIXED_PREDICTIONS_POST_SELECTION_NOT_COVERAGE_GUARANTEE
2024,continuous5_temporal15,continuous5,9,68,0.00046958499486114734,-0.0019643855068237487,0.004002878883256787,0.3333333333333333,DESCRIPTIVE_9_BLOCKS_FIXED_PREDICTIONS_POST_SELECTION_NOT_COVERAGE_GUARANTEE
2024,continuous5_temporal15,controls_geo3,9,68,0.0033507638567340046,-0.0069863471638312085,0.019113466521668836,0.4444444444444444,DESCRIPTIVE_9_BLOCKS_FIXED_PREDICTIONS_POST_SELECTION_NOT_COVERAGE_GUARANTEE
2024,controls_geo3,continuous5,9,68,-0.0028811788618728577,-0.01773790252862035,0.0075200432461605664,0.5555555555555556,DESCRIPTIVE_9_BLOCKS_FIXED_PREDICTIONS_POST_SELECTION_NOT_COVERAGE_GUARANTEE
2024,controls_geo3,controls_geo3,9,68,0.0,0.0,0.0,0.0,DESCRIPTIVE_9_BLOCKS_FIXED_PREDICTIONS_POST_SELECTION_NOT_COVERAGE_GUARANTEE
2024,continuous5_geo3,continuous5,9,68,-0.0026724739792468983,-0.01287629548276349,0.003962849100827634,0.5555555555555556,DESCRIPTIVE_9_BLOCKS_FIXED_PREDICTIONS_POST_SELECTION_NOT_COVERAGE_GUARANTEE
2024,continuous5_geo3,controls_geo3,9,68,0.00020870488262595885,-0.004399206356871726,0.005356966820253508,0.2222222222222222,DESCRIPTIVE_9_BLOCKS_FIXED_PREDICTIONS_POST_SELECTION_NOT_COVERAGE_GUARANTEE
2024,continuous5_geo3_temporal15,continuous5,9,68,-0.003111802134873169,-0.015059794099805153,0.003974951767971037,0.4444444444444444,DESCRIPTIVE_9_BLOCKS_FIXED_PREDICTIONS_POST_SELECTION_NOT_COVERAGE_GUARANTEE
2024,continuous5_geo3_temporal15,controls_geo3,9,68,-0.00023062327300031195,-0.0056981666059250455,0.007956499390795964,0.6666666666666666,DESCRIPTIVE_9_BLOCKS_FIXED_PREDICTIONS_POST_SELECTION_NOT_COVERAGE_GUARANTEE
2024,continuous5_geo3_region_weighted,continuous5,9,68,-0.003948054749287983,-0.01774102113092762,0.005255579647320134,0.5555555555555556,DESCRIPTIVE_9_BLOCKS_FIXED_PREDICTIONS_POST_SELECTION_NOT_COVERAGE_GUARANTEE
2024,continuous5_geo3_region_weighted,controls_geo3,9,68,-0.0010668758874151257,-0.0038536665575891796,0.0017723086077446693,0.4444444444444444,DESCRIPTIVE_9_BLOCKS_FIXED_PREDICTIONS_POST_SELECTION_NOT_COVERAGE_GUARANTEE
