entity_id,group,type,type_2024_rerun,group_2024_rerun,kmeans4_reference,kmeans3,spectral3_a0.75,leiden_profile_only,leiden_comovement_only,kmeans5_flat,level1_kmeans_subtypes
tid_1,1,1.1,1.1,1,2,2,1,2,1,3,3
tid_10,1,1.1,1.1,1,2,2,1,2,1,3,3
tid_1001,0,0.2,0.2,0,0,0,0,0,1,0,0
tid_1002,0,0.1,0.1,0,1,0,0,0,0,2,0
tid_1003,0,0.1,0.2,0,1,0,0,0,0,2,0
tid_1004,0,0.1,0.2,0,1,0,0,0,0,2,0
tid_1005,0,0.2,0.2,0,1,0,0,0,1,1,0
tid_1006,0,0.1,0.2,0,1,0,0,0,0,2,0
tid_1007,1,1.1,1.1,1,2,2,1,2,1,3,3
tid_1008,1,1.1,1.1,1,0,2,1,2,1,0,3
tid_1009,1,1.1,1.1,1,0,2,1,2,1,0,3
tid_1010,1,1.1,1.1,0,0,2,1,2,1,0,3
tid_1011,1,1.1,1.1,0,0,2,1,0,1,0,3
tid_1012,0,0.1,0.1,0,1,0,0,0,0,1,0
tid_1013,0,0.1,0.2,0,1,0,0,0,0,1,0
tid_1014,0,0.1,0.1,0,1,0,0,0,0,1,0
tid_1015,0,0.1,0.2,0,1,0,0,0,0,1,0
tid_1016,0,0.1,0.2,0,1,0,0,0,0,1,0
tid_1017,0,0.1,0.2,0,1,0,0,0,0,1,0
tid_1018,0,0.1,0.1,0,0,0,0,0,0,1,0
tid_1019,0,0.1,0.1,0,1,0,0,0,0,1,0
tid_1020,0,0.1,0.1,0,0,0,0,0,0,0,0
tid_1021,0,0.2,0.2,0,0,0,1,0,1,0,0
tid_1023,0,0.2,0.2,0,1,0,0,0,1,1,0
tid_1024,0,0.1,0.2,0,1,0,0,0,0,1,0
tid_1025,0,0.1,0.2,0,1,0,0,0,0,1,0
tid_1026,0,0.1,0.1,0,1,0,0,0,0,1,0
tid_1027,0,0.2,0.1,0,1,0,0,0,1,1,0
tid_1028,0,0.1,0.1,0,1,0,0,0,0,1,0
tid_1029,0,0.2,0.1,0,1,0,0,0,1,1,0
tid_1030,0,0.1,0.1,0,1,0,0,0,0,1,0
tid_1031,0,0.2,0.2,0,0,0,0,0,1,1,0
tid_1032,0,0.2,0.2,0,1,0,0,0,1,1,0
tid_1033,0,0.1,0.2,0,1,0,0,0,0,1,0
tid_1034,0,0.1,0.1,0,1,0,0,0,0,1,0
tid_1035,0,0.1,0.1,0,1,0,0,0,0,1,0
tid_1036,0,0.2,0.2,0,1,0,0,0,1,1,0
tid_1037,0,0.2,0.2,0,1,0,0,0,0,1,0
tid_1038,0,0.1,0.1,0,1,0,0,0,0,1,0
tid_1039,1,1.1,1.1,0,0,0,1,2,1,0,3
tid_1040,0,0.1,0.1,0,0,0,0,0,0,0,0
tid_1041,0,0.1,0.2,0,1,0,0,0,0,1,0
tid_1044,0,0.2,0.1,0,1,0,0,0,1,1,0
tid_1047,0,0.1,0.1,0,1,1,0,0,0,2,1
tid_1048,0,0.1,0.1,0,0,1,0,1,0,0,1
tid_1049,0,0.1,0.1,0,0,1,0,1,0,0,1
tid_1051,0,0.2,0.1,0,0,1,0,1,1,0,1
tid_1052,0,0.1,0.2,0,1,0,0,0,0,2,1
tid_1053,0,0.1,0.1,0,1,0,0,0,0,2,1
tid_1054,1,1.1,1.1,1,0,1,1,2,3,0,3
tid_1055,0,0.1,0.2,0,1,1,0,0,0,2,1
tid_1056,0,0.1,0.1,0,1,0,0,0,0,2,1
tid_1057,0,0.1,0.1,0,1,1,0,0,0,2,1
tid_1058,0,0.1,0.1,0,1,0,0,1,0,2,1
tid_1059,0,0.1,0.2,0,0,1,0,1,0,2,1
tid_1060,0,0.1,0.1,0,1,0,0,0,0,2,0
tid_1061,0,0.2,0.1,0,0,1,0,1,1,0,1
tid_1062,0,0.1,0.1,0,1,0,0,1,0,2,1
tid_1063,0,0.1,0.2,0,1,0,0,0,0,2,1
tid_1064,0,0.1,0.2,0,1,0,0,0,0,2,1
tid_1065,0,0.1,0.1,0,1,0,0,0,0,1,1
tid_1066,0,0.1,0.1,0,1,0,0,0,0,2,0
tid_1067,0,0.1,0.1,0,1,0,0,0,0,2,0
tid_1068,0,0.1,0.2,0,1,0,0,0,0,2,0
tid_1069,0,0.1,0.1,0,1,1,0,0,0,2,1
tid_1070,0,0.1,0.2,0,1,0,0,1,0,2,0
tid_1071,0,0.2,0.1,0,0,1,1,2,1,0,1
tid_1072,0,0.1,0.2,0,1,1,0,0,0,2,1
tid_11,1,1.1,1.1,0,2,2,1,1,1,3,3
tid_1107,1,1.1,1.1,1,0,2,1,2,1,0,3
tid_1108,0,0.1,0.1,0,1,0,0,0,0,2,0
tid_1109,0,0.2,0.2,0,0,0,1,1,1,0,1
tid_1110,0,0.2,0.1,0,0,0,0,1,1,2,0
tid_1111,0,0.1,0.1,0,1,0,0,0,0,2,0
tid_1112,0,0.2,0.2,0,0,0,0,1,2,0,0
tid_1113,0,0.2,0.1,0,1,0,0,0,1,2,0
tid_1115,0,0.1,0.1,0,1,0,0,0,0,2,0
tid_1116,0,0.2,0.2,0,1,0,0,0,1,1,0
tid_1117,1,1.1,1.1,1,0,2,1,2,1,0,3
tid_1118,0,0.1,0.1,0,1,0,0,0,0,2,0
tid_1119,0,0.2,0.1,0,1,0,0,0,1,2,0
tid_1120,0,0.1,0.1,0,1,0,0,0,0,2,0
tid_1121,0,0.1,0.1,0,1,0,0,0,0,2,0
tid_1122,0,0.1,0.1,0,1,0,0,0,0,2,1
tid_1123,0,0.1,0.1,0,1,0,0,0,0,2,0
tid_1124,0,0.1,0.1,0,1,0,0,0,0,2,1
tid_1125,0,0.1,0.1,0,1,0,0,0,0,2,0
tid_1126,0,0.1,0.1,0,1,0,0,0,0,1,0
tid_1127,0,0.1,0.2,0,1,0,0,0,0,2,0
tid_1128,0,0.1,0.1,0,1,0,0,0,0,2,0
tid_1129,0,0.1,0.1,0,1,0,0,0,0,2,0
tid_1130,0,0.1,0.1,0,1,0,0,0,0,2,0
tid_1131,0,0.2,0.2,0,0,1,0,1,1,0,1
tid_1132,0,0.1,0.1,0,1,0,0,0,0,2,0
tid_1133,0,0.1,0.2,0,1,0,0,0,0,2,0
tid_1134,1,1.1,1.1,1,2,2,1,2,1,3,3
tid_1135,1,1.1,1.1,1,0,2,1,2,1,0,3
tid_1136,1,1.1,1.1,1,0,1,1,2,1,0,3
tid_1137,0,0.2,0.2,0,0,0,0,1,1,0,1
tid_1138,0,0.2,0.1,0,0,0,1,1,1,0,0
tid_1139,0,0.2,0.2,0,0,0,0,1,1,0,1
tid_1140,1,1.1,1.1,1,0,2,1,2,1,0,3
tid_1141,0,0.2,0.1,0,0,1,1,1,1,0,1
tid_1142,1,1.1,1.1,0,0,1,1,2,1,0,3
tid_1143,0,0.1,0.1,0,1,0,0,0,0,2,1
tid_1144,0,0.2,0.2,0,1,0,0,0,1,2,0
tid_1146,0,0.1,0.1,0,1,0,0,0,0,2,1
tid_1147,0,0.2,0.2,0,0,1,1,2,1,0,1
tid_1148,0,0.2,0.2,0,0,0,0,1,0,0,0
tid_1149,0,0.1,0.1,0,0,1,0,1,0,0,1
tid_1150,1,1.1,1.1,1,2,2,1,3,1,3,3
tid_1151,0,0.2,0.2,0,0,1,0,1,1,0,1
tid_1152,1,1.2,1.1,0,3,1,1,1,1,4,2
tid_1153,1,1.1,1.1,0,0,2,1,2,0,0,3
tid_1154,0,0.2,0.2,0,1,0,0,1,1,2,1
tid_1155,0,0.2,0.1,0,0,1,0,1,1,0,1
tid_1157,0,0.2,0.2,0,1,0,0,0,1,2,0
tid_1158,0,0.2,0.2,0,1,0,0,1,1,2,0
tid_1159,0,0.2,0.1,0,0,1,0,1,1,0,1
tid_1160,0,0.2,0.2,0,0,0,1,1,0,0,0
tid_1161,0,0.2,0.2,0,0,1,0,1,1,0,1
tid_1163,0,0.1,0.1,0,0,0,0,1,0,0,0
tid_1164,0,0.1,0.1,0,1,0,0,0,0,2,1
tid_1165,0,0.2,0.2,0,0,0,0,1,1,2,1
tid_1166,0,0.2,0.1,0,1,0,0,0,3,1,0
tid_1167,0,0.1,0.2,0,1,0,0,1,0,0,0
tid_1168,0,0.2,0.2,0,1,0,0,0,1,2,0
tid_1169,1,1.1,1.1,1,0,2,1,2,1,0,3
tid_1170,0,0.1,0.2,0,0,1,0,1,0,0,1
tid_1171,0,0.1,0.1,0,0,2,0,1,0,0,1
tid_1172,0,0.1,0.1,0,0,1,0,1,0,0,1
tid_1173,0,0.2,0.1,0,0,1,0,2,1,0,1
tid_1174,0,0.1,0.1,0,0,1,0,2,0,0,1
tid_1175,1,1.1,1.1,0,0,1,1,2,0,0,3
tid_1176,1,1.1,1.1,1,2,2,1,2,1,3,3
tid_1178,0,0.1,0.1,0,0,1,0,2,0,0,1
tid_1179,0,0.2,0.2,0,0,1,1,1,1,0,1
tid_1180,0,0.1,0.1,0,0,1,0,1,0,2,1
tid_1181,1,1.1,1.1,0,0,1,1,2,3,0,3
tid_1184,0,0.2,0.2,0,0,1,0,1,1,0,1
tid_1185,0,0.1,0.1,0,3,1,0,1,0,2,1
tid_1186,1,1.1,1.1,1,2,2,1,2,1,3,3
tid_1187,0,0.1,0.1,0,0,1,0,1,0,0,1
tid_1188,1,1.1,1.1,1,2,2,1,2,1,3,3
tid_1189,0,0.1,0.1,0,0,1,0,1,0,2,1
tid_1190,1,1.1,1.1,1,2,2,1,2,1,3,3
tid_1191,0,0.2,0.1,0,0,1,0,1,1,0,1
tid_1192,0,0.2,0.1,0,0,1,0,1,1,0,1
tid_1193,0,0.2,0.1,0,0,1,0,1,1,0,1
tid_1194,0,0.1,0.1,0,0,1,0,2,0,0,1
tid_1195,0,0.1,0.1,0,0,0,0,1,0,1,0
tid_1196,0,0.2,0.2,0,0,1,0,1,1,0,1
tid_1197,1,1.1,1.1,1,0,1,1,2,1,0,3
tid_1198,1,1.1,1.1,1,2,2,1,2,1,3,3
tid_12,1,1.1,1.1,1,0,2,1,2,1,0,3
tid_1200,0,0.1,0.1,0,1,0,0,0,0,1,0
tid_1201,0,0.2,0.1,0,1,0,0,0,1,2,0
tid_1203,0,0.1,0.1,0,1,0,0,0,0,2,0
tid_1204,0,0.1,0.2,0,1,0,0,0,0,1,0
tid_1205,0,0.1,0.2,0,1,0,0,0,0,1,0
tid_1206,0,0.1,0.2,0,1,0,0,0,0,1,0
tid_1207,0,0.1,0.2,0,1,0,0,0,0,1,0
tid_1208,0,0.1,0.1,0,1,0,0,0,0,2,0
tid_1209,0,0.1,0.2,0,1,0,0,0,0,1,0
tid_1210,0,0.1,0.1,0,1,0,0,0,0,1,0
tid_1211,0,0.1,0.2,0,1,0,0,0,0,1,0
tid_1212,0,0.2,0.2,0,0,0,1,0,1,0,0
tid_1213,0,0.1,0.2,0,1,0,0,0,0,1,0
tid_1214,0,0.1,0.1,0,1,0,0,0,0,2,0
tid_1215,0,0.1,0.1,0,1,0,0,0,0,2,0
tid_1217,0,0.1,0.2,0,1,0,0,0,0,1,0
tid_1218,0,0.1,0.1,0,1,0,0,0,0,1,0
tid_1219,0,0.1,0.2,0,1,0,0,0,0,1,0
tid_1220,0,0.2,0.1,0,1,0,0,0,1,1,0
tid_1221,0,0.2,0.2,0,1,0,0,0,1,2,0
tid_1222,0,0.1,0.1,0,1,0,0,0,0,1,0
tid_1223,0,0.1,0.2,0,1,0,0,0,0,1,0
tid_1224,1,1.1,1.1,1,2,2,1,2,1,3,3
tid_1225,0,0.2,0.2,0,0,1,1,2,1,0,1
tid_1226,1,1.1,1.1,0,0,1,1,2,1,0,3
tid_1227,0,0.1,0.2,0,0,1,0,1,0,0,1
tid_1228,0,0.1,0.2,0,0,1,0,1,0,0,1
tid_1229,1,1.1,1.1,1,0,1,1,2,1,0,3
tid_1230,1,1.1,1.1,0,0,1,1,2,1,0,3
tid_1231,1,1.1,1.1,1,0,1,1,2,1,0,3
tid_1232,0,0.2,0.2,0,0,1,0,1,1,0,1
tid_1233,1,1.1,1.1,1,0,2,1,2,1,0,3
tid_1234,1,1.1,1.1,0,0,1,1,2,0,0,3
tid_1235,0,0.1,0.2,0,0,1,0,2,0,0,1
tid_1236,1,1.1,1.1,1,0,1,1,2,1,0,3
tid_1237,0,0.1,0.2,0,0,0,0,1,0,0,1
tid_1238,1,1.1,1.1,1,0,1,1,2,1,0,3
tid_1240,0,0.1,0.2,0,0,1,0,1,0,0,1
tid_1241,0,0.2,0.2,0,0,1,0,1,1,0,1
tid_1242,0,0.2,0.2,0,1,0,0,0,1,1,0
tid_1243,1,1.1,1.1,1,0,2,1,2,1,0,3
tid_1244,0,0.1,0.2,0,1,0,0,1,0,2,1
tid_1246,0,0.2,0.1,0,0,1,0,2,1,0,1
tid_1249,0,0.2,0.2,0,0,1,0,2,1,0,1
tid_1250,0,0.1,0.2,0,0,0,0,1,0,0,1
tid_1251,0,0.2,0.2,0,1,0,0,0,1,1,0
tid_1252,0,0.2,0.2,0,0,1,0,1,1,0,1
tid_1253,0,0.2,0.1,0,1,0,0,0,1,1,0
tid_1254,0,0.2,0.2,0,0,1,0,1,1,0,1
tid_1256,0,0.1,0.2,0,1,0,0,1,0,1,0
tid_1257,0,0.1,0.2,0,1,0,0,1,0,1,0
tid_1258,1,1.1,1.1,1,2,2,1,2,1,3,3
tid_1259,0,0.2,0.2,0,0,0,0,1,1,0,0
tid_1260,0,0.2,0.1,1,0,1,1,1,1,0,1
tid_1261,0,0.1,0.1,0,1,1,0,1,0,2,1
tid_1262,0,0.1,0.1,0,0,1,0,1,0,0,1
tid_1264,0,0.1,0.1,0,0,1,0,2,0,0,1
tid_1265,0,0.1,0.1,0,0,1,0,1,0,2,1
tid_1266,0,0.1,0.1,0,1,0,0,0,0,2,0
tid_1267,0,0.1,0.1,0,3,1,0,1,0,4,1
tid_1268,0,0.1,0.1,0,1,0,0,0,0,2,1
tid_1269,0,0.1,0.1,0,1,0,0,1,0,2,1
tid_1270,0,0.1,0.1,0,1,0,0,0,0,2,0
tid_1271,0,0.1,0.1,0,1,0,0,1,0,1,0
tid_1272,0,0.1,0.1,0,1,0,0,1,0,2,0
tid_1273,0,0.2,0.1,0,1,0,0,1,1,1,0
tid_1274,0,0.1,0.1,0,0,1,0,1,0,0,1
tid_1275,0,0.1,0.1,0,0,1,0,1,0,0,1
tid_1276,0,0.1,0.1,0,1,1,0,1,0,2,1
tid_1277,0,0.1,0.1,0,1,0,0,1,0,2,1
tid_1278,0,0.1,0.1,0,1,1,0,1,0,2,1
tid_1279,0,0.1,0.1,0,1,0,0,0,0,2,1
tid_1280,0,0.1,0.1,0,1,0,0,1,0,2,0
tid_1281,0,0.1,0.1,0,1,0,0,0,0,2,0
tid_1282,0,0.1,0.1,0,3,1,0,1,0,4,1
tid_1284,0,0.1,0.1,0,1,1,0,1,0,2,1
tid_1285,0,0.1,0.1,0,1,0,0,0,0,2,1
tid_1286,0,0.1,0.1,0,1,0,0,0,0,2,0
tid_1287,0,0.1,0.1,0,1,0,0,0,0,2,1
tid_1288,0,0.1,0.1,0,1,0,0,0,0,2,0
tid_1289,0,0.1,0.1,0,0,1,0,1,0,0,1
tid_1290,0,0.1,0.1,0,1,1,0,0,0,2,1
tid_1291,0,0.1,0.1,0,1,1,0,1,0,1,1
tid_1292,0,0.1,0.1,0,1,0,0,1,0,2,0
tid_1293,0,0.1,0.1,0,1,1,0,1,0,2,1
tid_1294,0,0.1,0.1,0,0,1,0,1,0,2,1
tid_1295,0,0.1,0.1,0,1,0,0,1,0,2,0
tid_1296,0,0.1,0.1,0,1,0,0,1,1,1,1
tid_1297,0,0.1,0.2,0,3,1,0,1,0,4,1
tid_1298,0,0.1,0.1,0,1,1,0,1,0,2,1
tid_1299,0,0.1,0.1,0,1,0,0,1,0,2,1
tid_13,0,0.2,0.2,0,0,1,1,1,1,0,1
tid_1300,0,0.1,0.1,0,1,1,0,1,0,1,1
tid_1301,0,0.1,0.1,0,1,0,0,0,0,2,0
tid_1302,0,0.1,0.1,0,0,1,0,1,0,0,1
tid_1303,1,1.1,1.1,1,0,2,1,2,1,0,3
tid_1304,0,0.1,0.1,0,1,0,0,0,0,2,0
tid_1305,0,0.1,0.1,0,1,0,0,0,0,2,0
tid_1306,0,0.1,0.1,0,1,0,0,0,0,2,0
tid_1308,0,0.1,0.1,0,1,0,0,0,0,2,0
tid_1309,0,0.2,0.1,0,1,0,0,0,1,2,0
tid_1310,0,0.1,0.1,0,1,0,0,0,1,2,0
tid_1311,0,0.2,0.1,0,1,0,0,1,1,1,0
tid_1312,0,0.2,0.2,0,1,0,0,0,1,2,0
tid_1313,0,0.1,0.2,0,1,0,0,0,0,1,0
tid_1314,0,0.2,0.2,0,1,0,0,0,1,2,0
tid_1315,1,1.1,1.1,1,0,1,1,2,1,0,3
tid_1316,0,0.1,0.1,0,1,0,0,0,0,2,0
tid_1317,0,0.1,0.1,0,1,0,0,0,0,1,0
tid_1319,0,0.2,0.2,0,1,1,0,1,1,1,1
tid_1320,0,0.1,0.1,0,1,0,0,0,0,1,0
tid_1321,0,0.1,0.1,0,1,0,0,0,0,2,0
tid_1322,0,0.1,0.1,0,1,0,0,0,1,1,0
tid_1323,0,0.1,0.1,0,1,0,0,0,0,1,0
tid_1324,0,0.2,0.2,0,1,1,0,1,1,1,1
tid_1325,0,0.1,0.1,0,1,0,0,0,0,2,0
tid_1326,0,0.2,0.2,0,3,1,0,1,1,2,1
tid_1327,0,0.2,0.1,0,1,1,0,1,1,1,1
tid_1328,0,0.1,0.2,0,1,0,0,0,0,2,0
tid_1329,0,0.1,0.1,0,1,0,0,0,0,2,0
tid_1330,0,0.1,0.1,0,1,0,0,0,0,2,0
tid_1331,0,0.2,0.2,0,1,0,0,0,1,1,0
tid_1333,1,1.1,1.1,1,0,1,1,2,1,0,3
tid_1334,0,0.2,0.2,0,0,1,1,1,1,0,1
tid_1335,0,0.2,0.1,0,1,1,0,1,1,1,1
tid_1336,0,0.1,0.1,0,1,0,0,1,0,1,0
tid_1337,0,0.1,0.2,0,1,0,0,1,0,2,1
tid_1338,0,0.1,0.1,0,1,0,0,1,0,2,0
tid_1339,0,0.1,0.1,0,1,1,0,1,0,1,1
tid_1340,0,0.1,0.1,0,1,0,0,1,0,2,0
tid_1341,0,0.1,0.1,0,1,0,0,1,0,1,1
tid_1343,0,0.1,0.1,0,1,0,0,1,0,1,1
tid_1344,0,0.1,0.1,0,1,0,0,0,0,1,0
tid_1345,0,0.1,0.1,0,1,0,0,1,0,1,1
tid_1346,0,0.1,0.1,0,1,0,0,0,0,1,0
tid_1347,0,0.1,0.1,0,1,0,0,0,0,2,0
tid_1348,0,0.1,0.1,0,1,0,0,0,0,1,0
tid_1349,0,0.1,0.1,0,1,0,0,0,0,1,0
tid_1350,0,0.1,0.1,0,1,0,0,1,0,1,0
tid_1351,0,0.1,0.2,0,0,1,0,2,0,0,1
tid_1352,0,0.1,0.1,0,1,1,0,1,0,1,1
tid_1353,0,0.1,0.1,0,0,0,0,0,0,1,0
tid_1355,0,0.1,0.1,0,1,0,0,1,0,1,0
tid_1356,0,0.1,0.2,0,1,0,0,1,0,2,1
tid_1357,0,0.1,0.2,0,1,1,0,1,0,2,1
tid_1358,0,0.1,0.1,0,1,1,0,1,0,1,1
tid_1392,0,0.1,0.1,0,1,0,0,0,0,2,0
tid_1393,0,0.1,0.2,0,1,0,0,0,0,2,0
tid_1394,0,0.2,0.2,0,0,0,0,0,1,2,0
tid_1395,2,2,2,1,2,2,1,3,3,3,4
tid_1396,1,1.1,1.1,1,0,2,1,2,1,0,3
tid_1397,1,1.1,1.1,1,2,2,1,2,1,3,3
tid_1398,1,1.1,1.1,0,0,2,1,1,1,0,3
tid_1399,0,0.2,0.1,0,0,0,0,1,1,0,0
tid_14,0,0.2,0.2,0,0,0,0,1,3,0,0
tid_1400,1,1.1,1.1,1,0,2,1,2,1,0,3
tid_1401,0,0.1,0.2,0,1,0,0,0,0,2,0
tid_1402,1,1.1,1.1,1,2,2,1,2,1,3,3
tid_1403,1,1.1,1.1,1,0,2,1,2,1,0,3
tid_1404,0,0.2,0.2,0,1,0,0,0,1,2,0
tid_1405,0,0.2,0.2,0,0,0,0,0,1,0,0
tid_1406,0,0.2,0.2,0,1,0,0,0,1,2,0
tid_1407,0,0.2,0.2,0,0,0,1,1,1,0,1
tid_1408,1,1.1,1.1,1,0,2,1,2,1,0,3
tid_1409,1,1.1,1.1,1,2,2,1,2,1,3,3
tid_1410,1,1.1,1.1,1,2,2,1,2,1,3,3
tid_1411,1,1.1,1.1,1,0,2,1,2,1,0,3
tid_1412,0,0.1,0.1,0,1,0,0,0,0,1,0
tid_1413,0,0.2,0.2,0,0,0,1,0,1,0,0
tid_1414,0,0.1,0.1,0,1,0,0,0,0,1,0
tid_1415,0,0.1,0.1,0,1,0,0,0,0,1,0
tid_1416,0,0.1,0.2,0,1,0,0,0,0,1,0
tid_1417,0,0.1,0.1,0,1,0,0,0,0,1,0
tid_1419,0,0.1,0.2,0,1,0,0,0,0,1,0
tid_1420,0,0.1,0.1,0,1,0,0,0,0,1,0
tid_1421,0,0.1,0.1,0,1,0,0,0,0,1,0
tid_1422,0,0.1,0.1,0,1,0,0,0,0,1,0
tid_1423,0,0.1,0.1,0,1,0,0,0,0,1,0
tid_1425,0,0.1,0.2,0,1,0,0,0,0,2,0
tid_1426,0,0.1,0.1,0,1,0,0,0,0,1,0
tid_1427,0,0.1,0.2,0,1,0,0,0,0,1,0
tid_1428,0,0.1,0.1,0,1,0,0,0,0,1,0
tid_1429,0,0.1,0.2,0,1,0,0,0,0,1,0
tid_1430,0,0.2,0.1,1,0,1,1,1,1,0,1
tid_1431,0,0.2,0.1,0,3,1,0,1,1,2,1
tid_1438,1,1.2,1.1,0,3,0,1,1,1,2,2
tid_1439,2,2,2,1,2,2,1,3,2,3,4
tid_1440,1,1.1,1.1,1,0,2,1,2,1,0,3
tid_1443,2,2,2,1,2,2,1,3,2,3,4
tid_1444,2,2,2,1,2,2,1,3,2,3,4
tid_1445,1,1.1,1.1,1,2,2,1,2,1,3,3
tid_1446,1,1.1,1.1,1,2,2,1,2,1,3,3
tid_1447,1,1.1,1.1,1,0,2,1,2,1,0,3
tid_1448,2,2,2,1,2,2,1,3,2,3,4
tid_1449,0,0.2,0.2,0,0,0,0,1,0,0,0
tid_1453,1,1.1,1.1,1,2,2,1,2,1,3,3
tid_1454,1,1.1,1.1,1,0,2,1,2,1,0,3
tid_1456,2,2,2,1,2,2,1,3,2,3,4
tid_1457,2,2,2,1,2,2,1,3,2,3,4
tid_1459,2,2,2,1,2,2,1,3,1,3,4
tid_1461,1,1.1,1.1,1,2,2,1,2,1,3,3
tid_1463,1,1.1,1.1,1,0,0,1,2,1,0,3
tid_1464,1,1.1,1.1,1,2,2,1,2,1,3,3
tid_1465,2,2,2,1,2,2,1,3,2,3,4
tid_1467,2,2,2,1,2,2,1,3,2,3,4
tid_1468,1,1.1,1.1,1,2,2,1,2,1,3,3
tid_1472,1,1.1,1.1,1,2,2,1,2,1,3,3
tid_1473,0,0.2,0.1,0,0,0,0,0,0,0,0
tid_1474,0,0.1,0.1,0,0,0,0,0,0,1,0
tid_1475,2,2,2,1,2,2,2,3,2,3,4
tid_1477,1,1.1,1.1,0,0,0,1,2,1,0,3
tid_1478,0,0.1,0.2,0,1,0,0,0,0,1,0
tid_1480,1,1.1,1.1,1,2,2,1,2,1,3,3
tid_1481,1,1.1,1.1,1,2,2,1,2,1,3,3
tid_1483,0,0.1,0.2,0,0,0,0,0,0,1,0
tid_1484,1,1.1,1.1,1,2,2,1,2,1,3,3
tid_1486,0,0.2,0.2,0,0,0,0,0,1,0,0
tid_1488,1,1.1,1.1,1,2,2,1,2,1,3,3
tid_1489,1,1.1,1.1,0,0,0,1,2,1,0,3
tid_1490,1,1.1,1.1,1,0,2,1,2,1,0,3
tid_1491,1,1.1,1.1,1,2,2,1,2,1,3,3
tid_1492,1,1.1,1.1,1,0,2,1,2,1,0,3
tid_1493,2,2,2,1,2,2,1,3,1,3,4
tid_1494,0,0.1,0.1,0,1,0,0,0,0,1,0
tid_1495,1,1.1,1.1,1,0,0,1,2,1,0,3
tid_1496,1,1.1,1.1,1,0,2,1,2,1,0,3
tid_15,0,0.2,0.2,0,0,2,0,1,1,0,0
tid_1500,1,1.1,1.1,1,2,2,1,2,1,3,3
tid_1501,1,1.1,1.1,1,2,2,1,2,1,3,3
tid_1504,0,0.2,0.2,0,0,0,0,0,1,0,0
tid_1506,1,1.1,1.1,1,2,2,1,2,1,3,3
tid_1507,0,0.2,0.1,0,0,2,1,1,1,0,1
tid_1508,0,0.1,0.1,0,0,1,0,1,0,0,1
tid_1509,0,0.1,0.1,0,0,0,0,1,0,2,0
tid_1510,0,0.1,0.1,0,1,0,0,1,0,2,0
tid_1511,0,0.1,0.1,0,0,0,0,1,0,0,0
tid_1512,0,0.1,0.1,0,1,0,0,1,0,2,0
tid_1518,0,0.2,0.1,0,0,0,0,1,1,2,0
tid_1519,0,0.1,0.1,0,0,0,0,1,0,2,0
tid_1520,0,0.1,0.1,0,1,0,0,0,0,2,0
tid_1521,0,0.1,0.1,0,0,0,0,1,0,0,0
tid_1522,0,0.1,0.1,0,1,0,0,0,0,2,0
tid_1523,1,1.1,1.1,1,2,2,1,2,1,3,3
tid_1525,1,1.1,1.1,1,0,2,1,2,1,0,3
tid_1526,0,0.2,0.2,0,0,0,1,0,1,0,0
tid_1527,1,1.1,1.1,1,0,2,1,2,1,0,3
tid_1528,0,0.2,0.2,0,1,0,0,0,1,1,0
tid_1529,0,0.1,0.1,0,1,0,0,0,0,2,0
tid_1530,0,0.1,0.1,0,1,0,0,0,0,1,0
tid_1532,0,0.2,0.2,0,0,0,0,0,1,1,0
tid_1533,0,0.1,0.1,0,1,0,0,1,0,2,0
tid_1534,0,0.1,0.1,0,1,0,0,0,0,1,0
tid_1535,0,0.1,0.1,0,1,0,0,0,0,2,0
tid_1536,0,0.1,0.2,0,1,0,0,0,0,1,0
tid_1537,0,0.1,0.1,0,1,0,0,0,0,1,0
tid_1539,0,0.2,0.2,0,0,0,1,0,1,0,0
tid_1540,0,0.2,0.2,0,0,0,1,0,1,0,0
tid_1541,0,0.2,0.2,0,1,0,0,0,1,1,0
tid_1542,0,0.1,0.1,0,1,0,0,0,0,1,0
tid_1543,0,0.2,0.1,0,1,0,0,0,0,1,0
tid_1544,0,0.1,0.1,0,1,0,0,0,0,1,0
tid_1545,0,0.2,0.1,0,1,0,0,0,1,1,0
tid_1546,0,0.1,0.1,0,1,0,0,0,0,1,0
tid_1547,0,0.2,0.2,0,1,0,0,0,1,1,0
tid_1548,0,0.2,0.1,0,1,0,0,0,1,1,0
tid_1549,0,0.1,0.1,0,1,0,0,0,0,2,0
tid_1550,0,0.1,0.1,0,1,0,0,0,0,1,0
tid_1551,0,0.1,0.1,0,1,0,0,0,0,1,0
tid_1552,0,0.1,0.2,0,1,0,0,0,0,1,0
tid_1553,0,0.2,0.2,0,0,0,1,0,1,0,0
tid_1554,0,0.1,0.2,0,1,0,0,0,0,1,0
tid_1555,0,0.2,0.2,0,1,0,0,0,1,1,0
tid_1556,0,0.1,0.1,0,1,0,0,0,0,1,0
tid_1557,0,0.1,0.2,0,1,0,0,1,0,2,0
tid_1558,0,0.1,0.1,0,0,0,0,1,0,0,1
tid_1559,0,0.1,0.2,0,1,0,0,0,0,1,0
tid_1560,1,1.1,1.1,1,2,2,1,2,1,3,3
tid_1561,0,0.1,0.2,0,1,0,0,0,0,1,0
tid_1562,0,0.2,0.2,0,1,0,0,0,1,1,0
tid_1563,0,0.2,0.2,0,0,0,1,0,1,0,0
tid_1564,0,0.2,0.1,0,1,0,0,0,1,1,0
tid_1565,0,0.2,0.2,0,0,0,0,0,1,1,0
tid_1566,0,0.2,0.2,0,1,0,0,0,1,1,0
tid_1567,0,0.2,0.2,0,1,0,0,0,1,1,0
tid_1568,0,0.1,0.1,0,1,0,0,0,0,1,0
tid_1569,0,0.1,0.1,0,1,0,0,0,0,1,0
tid_1570,0,0.2,0.1,0,1,0,0,0,1,1,0
tid_1571,0,0.2,0.2,0,1,0,0,0,1,1,0
tid_1572,0,0.1,0.2,0,0,0,0,1,0,0,1
tid_1573,0,0.2,0.2,0,1,0,0,0,0,1,0
tid_1574,0,0.1,0.1,0,1,0,0,0,0,2,0
tid_1575,1,1.1,1.1,1,0,2,1,2,3,0,3
tid_1577,0,0.2,0.2,0,0,0,1,0,1,0,0
tid_1578,0,0.1,0.2,0,1,0,0,0,0,2,0
tid_1579,0,0.1,0.2,0,1,0,0,0,0,2,0
tid_1580,0,0.1,0.1,0,1,0,0,0,0,1,0
tid_1581,0,0.1,0.1,0,1,0,0,0,0,2,0
tid_1582,0,0.1,0.1,0,1,0,0,0,0,2,0
tid_1583,0,0.1,0.2,0,1,0,0,0,0,2,0
tid_1584,0,0.1,0.2,0,1,0,0,0,0,2,0
tid_1585,0,0.2,0.1,0,1,0,0,0,1,2,0
tid_1586,1,1.1,1.1,1,0,1,1,2,1,0,3
tid_1587,0,0.1,0.1,0,1,0,0,0,0,1,0
tid_1588,0,0.1,0.2,0,1,0,0,0,0,2,0
tid_1589,0,0.1,0.2,0,1,0,0,0,0,1,0
tid_1590,0,0.2,0.1,0,1,0,0,0,1,2,0
tid_1591,0,0.1,0.1,0,1,0,0,0,0,1,0
tid_1592,0,0.1,0.2,0,0,0,0,0,0,0,0
tid_1593,0,0.2,0.1,0,1,0,0,0,0,1,0
tid_1594,0,0.1,0.1,0,1,0,0,0,0,1,0
tid_1595,0,0.1,0.1,0,1,0,0,0,0,2,0
tid_1596,0,0.1,0.1,0,1,0,0,0,0,2,0
tid_1597,1,1.1,1.1,1,2,2,1,2,1,3,3
tid_1598,1,1.1,1.1,1,2,2,1,2,1,3,3
tid_1599,1,1.1,1.1,1,0,1,1,2,1,0,3
tid_16,0,0.2,0.2,0,0,1,1,1,1,0,1
tid_1600,1,1.1,1.1,1,0,1,1,2,1,0,3
tid_1601,1,1.1,1.1,1,2,2,1,3,1,3,3
tid_1602,0,0.2,0.2,0,1,0,0,0,1,2,1
tid_1603,0,0.2,0.2,0,0,1,0,1,1,0,1
tid_1604,0,0.2,0.2,0,0,0,0,1,1,0,0
tid_1605,0,0.2,0.1,0,1,0,0,0,1,1,0
tid_1606,0,0.2,0.2,0,1,0,0,1,1,1,0
tid_1607,0,0.2,0.2,0,1,0,0,0,1,1,0
tid_1608,0,0.1,0.1,0,0,0,0,1,0,0,1
tid_1609,0,0.2,0.2,0,0,1,0,1,1,0,1
tid_1610,0,0.1,0.1,0,1,0,0,0,1,2,0
tid_1611,0,0.1,0.2,0,1,0,0,1,0,2,0
tid_1612,0,0.1,0.2,0,1,0,0,0,0,2,0
tid_1613,0,0.2,0.2,0,1,0,0,0,1,2,0
tid_1614,0,0.2,0.2,0,1,0,0,0,1,1,0
tid_1615,1,1.1,1.1,0,0,1,1,2,1,0,3
tid_1616,0,0.2,0.2,0,1,0,0,0,1,1,0
tid_1617,0,0.2,0.2,0,1,0,0,0,1,1,0
tid_1618,0,0.2,0.1,0,1,0,0,0,1,1,0
tid_1619,0,0.2,0.2,0,1,0,0,0,1,2,1
tid_1620,1,1.1,1.1,1,2,2,1,2,1,3,3
tid_1621,0,0.2,0.2,0,0,0,0,1,1,0,1
tid_1622,0,0.2,0.1,0,1,0,0,0,1,1,0
tid_1623,0,0.2,0.2,0,0,1,0,0,1,2,1
tid_1624,0,0.1,0.1,0,1,0,0,1,1,2,1
tid_1625,0,0.1,0.2,0,0,1,0,1,0,0,1
tid_1626,0,0.2,0.1,0,1,0,0,0,1,1,0
tid_1627,0,0.2,0.1,0,1,0,0,0,1,2,0
tid_1628,0,0.2,0.2,0,1,0,0,1,1,1,0
tid_1629,0,0.2,0.1,0,1,0,0,1,0,1,0
tid_1630,0,0.2,0.1,0,0,0,0,1,1,0,1
tid_1631,0,0.1,0.1,0,1,0,0,0,0,2,0
tid_1632,1,1.1,1.1,1,2,2,1,2,1,3,3
tid_1633,0,0.1,0.1,0,0,1,0,1,0,0,1
tid_1634,0,0.1,0.2,0,1,0,0,1,0,2,0
tid_1635,0,0.1,0.1,0,0,1,0,1,0,1,1
tid_1636,0,0.1,0.2,0,1,1,0,1,0,2,1
tid_1637,0,0.2,0.1,0,1,0,0,1,1,1,0
tid_1638,0,0.1,0.1,0,0,0,0,1,0,0,1
tid_1639,0,0.1,0.1,0,1,0,0,1,0,1,0
tid_1640,0,0.2,0.1,0,1,1,0,1,1,1,1
tid_1641,0,0.1,0.1,0,1,0,0,1,0,2,0
tid_1642,0,0.1,0.1,0,1,0,0,0,0,1,0
tid_1643,0,0.1,0.2,0,1,0,0,1,0,2,0
tid_1644,0,0.1,0.1,0,1,0,0,1,0,2,1
tid_1645,0,0.1,0.1,0,0,1,0,1,0,0,1
tid_1646,0,0.1,0.1,0,1,0,0,0,0,2,1
tid_1647,0,0.1,0.1,0,1,0,0,1,0,2,1
tid_1648,0,0.1,0.1,0,1,0,0,0,0,1,0
tid_1649,0,0.1,0.1,0,1,1,0,1,0,2,1
tid_1650,0,0.1,0.1,0,1,0,0,0,0,2,1
tid_1651,0,0.1,0.2,0,1,0,0,1,0,1,1
tid_1652,1,1.1,1.1,1,0,2,1,2,1,0,3
tid_1653,0,0.1,0.2,0,1,1,0,0,0,2,1
tid_1654,0,0.1,0.2,0,0,1,0,1,0,0,1
tid_1655,0,0.1,0.1,0,1,0,0,0,0,2,0
tid_1656,0,0.1,0.1,0,1,0,0,1,0,2,1
tid_1657,0,0.1,0.2,0,1,0,0,0,0,2,1
tid_1658,0,0.1,0.1,0,0,0,0,1,0,0,0
tid_1659,0,0.2,0.1,0,0,1,0,1,1,0,1
tid_1660,0,0.2,0.1,0,1,0,0,0,1,2,0
tid_1661,0,0.1,0.1,0,1,1,0,1,0,0,1
tid_1662,0,0.1,0.1,0,3,1,0,1,0,4,1
tid_1663,0,0.1,0.1,0,1,0,0,0,0,1,0
tid_1664,0,0.1,0.1,0,1,0,0,1,0,2,1
tid_1665,1,1.1,1.1,1,2,2,1,2,1,3,3
tid_1666,0,0.1,0.1,0,0,0,0,0,0,0,0
tid_1667,1,1.1,1.1,1,0,0,1,2,1,0,3
tid_1668,1,1.1,1.1,1,0,2,1,2,1,0,3
tid_1669,0,0.2,0.1,0,1,0,0,0,1,2,0
tid_167,2,2,2,1,2,2,1,3,1,3,4
tid_1670,0,0.2,0.1,0,0,0,1,1,1,1,0
tid_1671,0,0.2,0.1,0,1,0,0,0,1,2,0
tid_1672,0,0.2,0.2,0,0,1,0,1,1,2,1
tid_1673,0,0.2,0.2,0,0,1,1,1,1,0,1
tid_1674,0,0.2,0.2,0,0,1,0,1,1,0,1
tid_1675,0,0.2,0.1,0,0,1,1,1,1,0,1
tid_1676,0,0.1,0.1,0,1,0,0,0,0,2,0
tid_1678,0,0.2,0.1,0,1,0,0,0,1,1,0
tid_1679,0,0.2,0.1,0,1,0,0,1,1,2,0
tid_168,0,0.2,0.1,0,2,2,1,3,1,3,0
tid_1680,0,0.1,0.1,0,1,0,0,0,0,1,0
tid_1681,0,0.1,0.1,0,1,0,0,0,1,1,0
tid_1682,0,0.1,0.1,0,0,1,0,1,0,2,1
tid_1683,1,1.1,1.1,0,0,2,1,2,1,0,3
tid_1685,0,0.1,0.1,0,1,0,0,0,0,1,0
tid_1686,0,0.2,0.1,0,1,0,0,0,1,2,0
tid_1687,0,0.1,0.1,0,1,0,0,1,0,2,1
tid_1688,0,0.1,0.1,0,1,0,0,0,0,2,0
tid_1689,0,0.2,0.1,0,1,0,0,0,1,1,0
tid_169,1,1.1,1.1,0,2,2,1,2,1,3,3
tid_1690,0,0.2,0.1,0,1,0,0,0,1,1,0
tid_1691,0,0.1,0.1,0,0,0,0,0,0,1,0
tid_1692,0,0.1,0.1,0,1,0,0,0,0,2,0
tid_1693,0,0.1,0.1,0,0,1,0,1,0,0,1
tid_1694,0,0.1,0.1,0,0,0,0,1,0,0,0
tid_1696,0,0.1,0.1,0,1,0,0,1,0,1,0
tid_1697,0,0.1,0.1,0,0,1,0,1,0,0,1
tid_1698,0,0.1,0.1,0,1,0,0,0,0,1,0
tid_1699,0,0.1,0.1,0,1,0,0,0,0,2,0
tid_17,0,0.2,0.2,0,0,1,1,1,1,0,1
tid_1700,0,0.1,0.1,0,0,0,0,1,0,0,1
tid_1701,0,0.2,0.2,0,1,0,0,0,1,2,0
tid_1702,0,0.1,0.1,0,1,0,0,0,0,1,0
tid_1703,0,0.2,0.1,0,0,0,0,1,0,0,1
tid_1704,0,0.2,0.2,0,0,0,1,1,1,0,0
tid_1705,0,0.1,0.1,0,1,0,0,0,0,1,0
tid_1706,0,0.2,0.1,0,0,0,0,0,0,1,0
tid_1707,1,1.1,1.1,1,0,2,1,2,1,0,3
tid_1708,0,0.2,0.2,0,1,0,0,0,0,1,0
tid_1709,0,0.2,0.2,0,0,0,0,0,1,0,0
tid_1710,0,0.1,0.1,0,1,0,0,0,0,1,0
tid_1711,0,0.1,0.1,0,1,0,0,0,0,1,0
tid_1712,0,0.1,0.1,0,1,0,0,0,0,1,0
tid_1714,0,0.1,0.1,0,1,0,0,0,0,1,0
tid_1715,0,0.1,0.1,0,1,0,0,0,0,2,0
tid_1717,0,0.1,0.1,0,1,0,0,0,0,1,0
tid_1718,0,0.2,0.2,0,1,0,0,0,1,2,0
tid_1719,1,1.1,1.1,0,0,0,1,0,1,0,3
tid_1722,0,0.1,0.1,0,1,0,0,0,0,1,0
tid_1724,0,0.1,0.1,0,1,0,0,0,0,1,0
tid_1725,0,0.1,0.1,0,1,0,0,0,0,1,0
tid_1726,1,1.1,1.1,1,0,2,1,2,1,0,3
tid_1727,0,0.1,0.1,0,1,0,0,0,0,1,0
tid_1728,0,0.1,0.1,0,1,0,0,0,0,1,0
tid_173,0,0.2,0.1,0,1,0,0,0,1,1,0
tid_1730,0,0.1,0.2,0,1,0,0,1,0,1,1
tid_1731,0,0.1,0.1,0,1,0,0,0,0,2,0
tid_1732,0,0.1,0.1,0,1,0,0,0,0,1,0
tid_1733,0,0.1,0.1,0,1,0,0,0,0,2,0
tid_1737,0,0.1,0.1,0,1,0,0,0,0,1,0
tid_1738,0,0.2,0.1,0,1,0,0,0,1,1,0
tid_1739,0,0.1,0.1,0,1,0,0,0,0,1,0
tid_1740,1,1.1,1.1,0,0,0,1,2,1,0,3
tid_1741,0,0.1,0.2,0,1,0,0,0,0,1,0
tid_1742,0,0.1,0.1,0,0,0,0,0,0,1,0
tid_1743,0,0.1,0.2,0,1,0,0,0,0,1,0
tid_1744,0,0.1,0.1,0,1,0,0,0,0,1,0
tid_1745,0,0.1,0.2,0,1,0,0,0,0,1,0
tid_1746,0,0.1,0.1,0,1,0,0,0,0,1,0
tid_1747,0,0.1,0.1,0,1,0,0,0,0,1,0
tid_1749,0,0.1,0.1,0,1,0,0,0,0,1,0
tid_1750,0,0.1,0.1,0,1,0,0,0,0,1,0
tid_1751,0,0.1,0.1,0,1,0,0,0,0,1,0
tid_1752,0,0.1,0.1,0,0,0,0,0,0,1,0
tid_1753,0,0.2,0.1,0,1,0,0,0,1,1,0
tid_1754,0,0.1,0.1,0,0,0,0,0,0,1,0
tid_1755,0,0.1,0.1,0,1,0,0,0,0,1,0
tid_1756,0,0.1,0.1,0,1,0,0,0,0,1,0
tid_1757,0,0.1,0.1,0,1,0,0,0,0,1,0
tid_1758,1,1.1,1.1,1,2,2,1,2,1,3,3
tid_1759,0,0.2,0.1,0,1,0,0,0,1,1,0
tid_1760,0,0.2,0.1,0,0,0,1,0,1,0,0
tid_1761,0,0.2,0.2,0,1,0,0,0,1,1,0
tid_1762,0,0.1,0.1,0,1,0,0,0,0,1,0
tid_1764,1,1.1,1.1,1,0,2,1,2,1,0,3
tid_1765,1,1.1,1.1,1,0,0,1,2,1,0,3
tid_1766,0,0.1,0.2,0,1,0,0,0,0,2,0
tid_1768,0,0.1,0.1,0,1,0,0,0,0,2,0
tid_1769,0,0.1,0.1,0,1,0,0,0,1,2,0
tid_1770,0,0.1,0.1,0,1,0,0,0,0,2,0
tid_1771,0,0.2,0.1,0,1,0,0,0,1,1,0
tid_1773,0,0.1,0.1,0,1,0,0,0,0,1,0
tid_1774,0,0.1,0.1,0,1,0,0,0,0,1,0
tid_1775,0,0.1,0.1,0,1,0,0,0,0,2,0
tid_1776,0,0.1,0.1,0,1,0,0,0,0,2,0
tid_1777,0,0.1,0.2,0,1,0,0,0,0,1,0
tid_1778,0,0.1,0.2,0,0,0,0,0,0,2,0
tid_1780,0,0.1,0.1,0,1,0,0,0,0,1,0
tid_1781,0,0.1,0.2,0,1,0,0,0,0,2,0
tid_1782,0,0.1,0.1,0,1,0,0,0,0,2,0
tid_1783,1,1.1,1.1,1,2,2,1,2,1,3,3
tid_1784,0,0.1,0.1,0,1,0,0,0,0,1,0
tid_1785,0,0.1,0.2,0,1,0,0,0,0,2,0
tid_1786,0,0.1,0.1,0,1,0,0,0,0,2,0
tid_1787,0,0.1,0.1,0,1,0,0,0,0,1,0
tid_1788,0,0.1,0.2,0,1,0,0,0,0,2,0
tid_18,0,0.2,0.2,0,0,0,0,1,1,0,0
tid_181,0,0.2,0.1,0,1,0,0,0,1,1,0
tid_184,0,0.2,0.1,0,1,0,0,0,1,1,0
tid_1845,1,1.1,1.1,1,2,2,1,2,1,3,3
tid_1846,0,0.2,0.2,0,1,0,0,0,1,1,0
tid_1848,0,0.1,0.2,0,1,0,0,0,0,1,0
tid_1849,0,0.1,0.1,0,1,0,0,0,0,1,0
tid_185,0,0.1,0.1,0,2,2,0,2,1,3,0
tid_1850,0,0.1,0.1,0,1,0,0,0,0,2,0
tid_1851,0,0.2,0.1,0,1,0,0,0,1,1,0
tid_1852,0,0.1,0.1,0,1,0,0,0,0,1,0
tid_1853,0,0.1,0.2,0,1,0,0,0,0,1,0
tid_1854,0,0.1,0.2,0,1,0,0,0,0,1,0
tid_1855,0,0.1,0.1,0,1,0,0,0,0,1,0
tid_1856,0,0.1,0.1,0,1,0,0,0,0,1,0
tid_1857,0,0.1,0.2,0,1,0,0,0,0,2,0
tid_1858,0,0.1,0.2,0,1,0,0,0,0,1,0
tid_1859,0,0.1,0.1,0,1,0,0,0,0,1,0
tid_1860,0,0.1,0.1,0,1,0,0,0,0,1,0
tid_1861,0,0.2,0.2,0,1,0,0,0,1,2,0
tid_1862,0,0.1,0.2,0,1,0,0,0,0,1,0
tid_1863,1,1.1,1.1,0,0,2,1,2,1,0,3
tid_1864,0,0.1,0.1,0,1,0,0,0,0,1,0
tid_1865,0,0.1,0.2,0,1,0,0,0,0,1,0
tid_1868,0,0.1,0.2,0,1,0,0,0,0,1,0
tid_1869,0,0.1,0.1,0,1,0,0,0,0,2,0
tid_1870,0,0.1,0.2,0,1,0,0,0,1,1,0
tid_1871,0,0.1,0.1,0,1,0,0,0,0,1,0
tid_1872,0,0.1,0.2,0,1,0,0,0,0,1,0
tid_1873,0,0.1,0.1,0,1,0,0,0,0,1,0
tid_1874,1,1.1,1.1,1,2,2,1,2,1,3,3
tid_1875,0,0.2,0.2,0,0,0,1,1,1,0,0
tid_1876,0,0.2,0.2,0,0,0,1,0,1,0,0
tid_1877,1,1.1,1.1,1,0,2,1,2,1,0,3
tid_1878,0,0.1,0.1,0,1,0,0,0,0,2,0
tid_1879,0,0.2,0.1,0,0,0,1,0,1,0,0
tid_188,0,0.2,0.1,0,0,0,0,0,3,1,0
tid_1880,0,0.2,0.2,0,1,0,0,0,1,1,0
tid_1881,1,1.1,1.1,1,0,2,1,2,1,0,3
tid_1883,0,0.2,0.2,0,0,0,1,0,1,0,0
tid_1884,0,0.1,0.1,0,1,0,0,0,0,1,0
tid_1885,0,0.1,0.1,0,1,0,0,0,0,2,0
tid_1886,0,0.1,0.1,0,1,0,0,0,0,1,0
tid_1887,0,0.1,0.1,0,1,0,0,0,0,1,0
tid_1888,0,0.1,0.1,0,1,0,0,0,0,1,0
tid_1889,0,0.2,0.1,0,1,0,0,0,1,1,0
tid_1890,1,1.1,1.1,1,0,2,1,2,1,0,3
tid_1891,0,0.2,0.1,0,1,0,0,0,1,1,0
tid_1892,0,0.1,0.1,0,1,0,0,0,0,1,0
tid_1893,0,0.2,0.1,0,0,0,0,0,0,0,0
tid_1894,0,0.1,0.1,0,1,0,0,0,0,2,0
tid_1895,0,0.1,0.1,0,1,0,0,0,0,1,0
tid_1896,0,0.1,0.1,0,1,0,0,0,0,1,0
tid_1897,0,0.2,0.1,0,1,0,0,1,1,1,0
tid_1898,0,0.1,0.1,0,1,0,0,0,0,1,0
tid_1899,0,0.1,0.2,0,0,0,0,0,0,1,0
tid_19,0,0.1,0.2,0,1,0,0,0,0,2,1
tid_1900,0,0.1,0.1,0,1,0,0,0,0,1,0
tid_1901,0,0.2,0.1,0,1,0,0,0,1,1,0
tid_1902,0,0.1,0.1,0,1,0,0,0,1,1,0
tid_1903,0,0.1,0.1,0,1,0,0,0,0,2,0
tid_1904,0,0.1,0.1,0,0,0,0,1,0,0,0
tid_1905,1,1.1,1.1,1,0,1,1,1,1,0,3
tid_1906,1,1.1,1.1,0,0,0,1,2,1,0,3
tid_1907,0,0.1,0.1,0,1,0,0,0,0,1,0
tid_1908,0,0.1,0.1,0,1,0,0,0,0,1,0
tid_1909,0,0.2,0.1,0,1,0,0,0,1,1,0
tid_191,0,0.2,0.1,0,0,2,0,2,1,0,0
tid_1910,0,0.1,0.2,0,1,0,0,0,0,1,0
tid_1912,0,0.2,0.1,0,1,0,0,0,1,1,0
tid_1915,0,0.1,0.1,0,1,0,0,0,0,1,0
tid_1916,0,0.2,0.2,0,1,0,0,0,0,1,0
tid_1917,0,0.1,0.1,0,1,0,0,0,0,1,0
tid_1918,0,0.1,0.1,0,1,0,0,0,0,1,0
tid_1919,1,1.1,1.1,1,0,1,1,2,1,0,3
tid_1920,1,1.1,1.1,0,0,2,1,0,1,0,3
tid_1921,0,0.1,0.2,0,1,0,0,0,0,1,0
tid_1922,0,0.2,0.2,0,0,0,1,0,1,0,0
tid_1923,0,0.1,0.2,0,1,0,0,0,0,2,0
tid_1924,0,0.1,0.1,0,0,0,0,0,0,1,0
tid_1925,0,0.1,0.1,0,1,0,0,0,0,1,0
tid_1926,0,0.1,0.2,0,1,0,0,0,0,1,0
tid_1927,0,0.1,0.1,0,0,0,0,0,0,1,0
tid_1928,0,0.1,0.1,0,1,0,0,0,1,1,0
tid_1929,0,0.1,0.1,0,1,0,0,0,0,1,0
tid_1930,0,0.1,0.1,0,1,0,0,0,0,1,0
tid_1931,0,0.1,0.1,0,1,0,0,0,0,1,0
tid_1932,0,0.2,0.1,0,1,0,0,0,1,1,0
tid_1933,0,0.1,0.1,0,1,0,0,0,0,1,0
tid_1934,0,0.2,0.2,0,0,0,0,0,1,1,0
tid_1935,0,0.1,0.1,0,1,0,0,0,0,1,0
tid_1936,1,1.1,1.1,0,0,2,1,2,0,0,3
tid_1937,0,0.2,0.1,0,1,0,0,0,2,1,0
tid_1938,0,0.1,0.1,0,1,0,0,0,0,1,0
tid_1939,0,0.1,0.1,0,1,0,0,0,0,1,0
tid_194,2,2,2,1,2,2,1,3,1,3,4
tid_1940,0,0.2,0.2,0,1,0,0,0,1,1,0
tid_1941,0,0.2,0.2,0,1,0,0,0,1,1,0
tid_1942,0,0.1,0.1,0,1,0,0,0,0,1,0
tid_1943,0,0.1,0.2,0,1,0,0,0,0,1,0
tid_1944,0,0.2,0.2,0,1,0,0,0,1,1,0
tid_1945,0,0.1,0.1,0,1,0,0,0,0,1,0
tid_1947,0,0.1,0.1,0,1,0,0,0,0,2,0
tid_1948,0,0.1,0.1,0,1,0,0,1,0,2,0
tid_1949,0,0.2,0.2,0,1,0,0,0,1,1,0
tid_195,1,1.1,1.1,0,2,2,1,2,1,3,3
tid_1950,0,0.2,0.1,0,1,0,0,0,1,1,0
tid_1951,0,0.1,0.1,0,1,0,0,0,0,1,0
tid_1952,1,1.1,1.1,1,2,2,1,2,1,3,3
tid_1954,0,0.1,0.1,0,3,1,0,1,0,4,1
tid_1955,0,0.2,0.1,0,3,1,1,1,1,4,1
tid_1956,0,0.1,0.1,0,3,1,0,1,0,4,1
tid_1957,0,0.1,0.1,0,3,1,0,1,0,4,1
tid_1958,0,0.2,0.2,0,3,1,1,1,1,4,1
tid_1959,0,0.1,0.1,0,3,1,0,1,0,4,1
tid_196,2,2,2,1,2,2,1,3,1,3,4
tid_1960,0,0.1,0.1,0,3,1,0,1,0,4,1
tid_1961,1,1.1,1.1,0,0,1,1,1,1,0,3
tid_1962,0,0.2,0.1,0,3,1,0,1,1,4,1
tid_1963,0,0.1,0.2,0,3,1,0,1,0,4,1
tid_1965,0,0.1,0.1,0,3,1,0,1,0,4,1
tid_1966,0,0.1,0.1,0,3,1,0,1,0,4,1
tid_1967,0,0.1,0.1,0,3,1,0,1,0,4,1
tid_1968,0,0.1,0.1,0,3,1,0,1,0,4,1
tid_1969,0,0.1,0.1,0,3,1,0,1,0,4,1
tid_1970,0,0.2,0.2,0,3,1,1,1,1,4,1
tid_1971,1,1.1,1.1,1,2,2,1,2,1,3,3
tid_1972,0,0.2,0.2,0,0,1,0,1,1,0,1
tid_1973,0,0.1,0.2,0,1,0,0,1,0,2,1
tid_1974,1,1.1,1.1,1,0,1,1,2,1,0,3
tid_1975,0,0.1,0.1,0,1,0,0,0,0,2,0
tid_1976,0,0.1,0.1,0,1,0,0,0,0,2,0
tid_1977,1,1.1,1.1,1,2,2,1,2,1,3,3
tid_1978,0,0.2,0.2,0,0,1,0,1,1,0,1
tid_1979,1,1.1,1.1,1,2,2,1,2,1,3,3
tid_198,0,0.1,0.1,0,2,2,0,2,0,3,0
tid_1980,1,1.1,1.1,0,0,0,1,2,0,0,3
tid_1981,0,0.2,0.1,0,0,1,0,1,0,0,1
tid_1982,0,0.1,0.1,0,0,0,0,0,0,0,0
tid_1983,0,0.1,0.1,0,1,0,0,0,0,2,0
tid_1984,0,0.1,0.1,0,1,0,0,0,0,2,0
tid_1985,0,0.2,0.2,0,0,1,1,1,1,0,1
tid_1986,1,1.1,1.1,1,0,2,1,2,1,0,3
tid_1987,0,0.1,0.1,0,0,1,0,1,0,0,1
tid_1988,0,0.1,0.1,0,1,0,0,1,0,2,0
tid_1989,0,0.1,0.2,0,1,0,0,0,0,2,0
tid_1990,0,0.2,0.1,0,0,1,1,1,0,0,1
tid_1991,0,0.1,0.1,0,0,0,0,1,0,0,0
tid_1992,0,0.1,0.1,0,1,0,0,1,0,2,0
tid_1993,1,1.1,1.1,1,0,1,1,1,1,0,3
tid_1994,0,0.1,0.1,0,1,0,0,0,0,2,0
tid_1995,1,1.1,1.1,1,0,1,1,2,1,0,3
tid_1996,0,0.1,0.1,0,0,0,0,1,0,2,0
tid_1997,0,0.1,0.1,0,1,0,0,0,0,2,0
tid_1999,1,1.1,1.1,0,0,1,1,1,1,0,3
tid_2,1,1.1,1.1,0,2,2,1,2,0,3,3
tid_20,0,0.2,0.2,0,0,1,0,1,1,0,1
tid_2000,1,1.1,1.1,1,0,2,1,2,1,0,3
tid_2001,0,0.1,0.1,0,1,0,0,1,0,2,0
tid_2002,0,0.1,0.1,0,0,0,0,1,0,0,0
tid_2004,1,1.1,1.1,1,0,2,1,2,1,0,3
tid_2005,0,0.2,0.2,1,0,1,1,1,1,0,1
tid_2006,1,1.1,1.1,1,0,1,1,2,1,0,3
tid_2007,0,0.1,0.1,0,1,0,0,0,0,2,0
tid_2008,0,0.2,0.2,0,0,1,0,1,1,0,1
tid_2009,0,0.1,0.1,0,1,0,0,1,0,1,0
tid_201,1,1.1,1.1,1,2,2,1,3,1,3,3
tid_2010,1,1.1,1.1,0,0,1,1,1,1,0,3
tid_2011,0,0.2,0.1,0,0,1,0,1,1,0,1
tid_2012,0,0.1,0.1,0,0,0,0,1,0,0,1
tid_2015,0,0.1,0.1,0,1,0,0,1,0,2,1
tid_2017,0,0.1,0.1,0,0,1,0,1,0,0,1
tid_2018,0,0.1,0.1,0,1,1,0,0,0,2,1
tid_2019,0,0.2,0.2,0,0,1,0,1,1,0,1
tid_2021,0,0.1,0.1,0,0,0,0,1,0,0,1
tid_2022,0,0.1,0.2,0,1,1,0,1,0,2,1
tid_2023,0,0.1,0.2,0,1,0,0,0,0,2,1
tid_2024,1,1.1,1.1,0,0,1,1,2,1,0,3
tid_2025,0,0.2,0.2,0,3,1,0,1,1,0,1
tid_2027,0,0.1,0.1,0,1,0,0,0,0,2,1
tid_2028,0,0.1,0.2,0,1,0,0,0,0,1,0
tid_203,0,0.1,0.1,0,1,0,0,0,0,1,0
tid_2030,0,0.1,0.1,0,0,1,0,1,0,0,1
tid_2031,0,0.1,0.2,0,1,0,0,0,0,2,0
tid_2032,1,1.1,1.1,1,0,2,1,2,1,0,3
tid_2033,1,1.1,1.1,1,0,2,1,2,1,0,3
tid_2034,0,0.2,0.1,0,0,1,0,1,0,0,1
tid_2035,0,0.1,0.1,0,1,0,0,0,0,2,0
tid_2036,0,0.1,0.1,0,1,0,0,1,0,2,1
tid_2037,0,0.1,0.1,0,1,0,0,1,0,2,1
tid_2039,0,0.1,0.1,0,1,0,0,0,0,2,0
tid_204,0,0.2,0.1,0,2,2,1,3,1,3,0
tid_2040,0,0.2,0.1,0,0,1,1,1,1,0,1
tid_2041,0,0.1,0.1,0,1,0,0,1,0,2,0
tid_2042,0,0.1,0.1,0,1,0,0,1,0,2,0
tid_2043,0,0.1,0.2,0,1,0,0,1,1,1,1
tid_2044,1,1.1,1.1,1,2,2,1,2,1,3,3
tid_2045,0,0.2,0.2,0,1,0,0,0,0,2,0
tid_2046,0,0.1,0.1,0,1,0,0,0,0,1,0
tid_2047,0,0.2,0.2,0,0,0,1,0,1,0,0
tid_2048,0,0.2,0.2,0,0,0,0,0,1,0,0
tid_2049,0,0.2,0.1,0,1,0,0,0,1,1,0
tid_205,1,1.1,1.1,1,2,2,1,3,1,3,3
tid_2050,0,0.1,0.1,0,1,0,0,0,0,1,0
tid_2051,0,0.1,0.2,0,1,0,0,0,0,2,0
tid_2052,0,0.1,0.1,0,1,0,0,0,0,1,0
tid_2053,0,0.1,0.2,0,1,0,0,0,0,1,0
tid_2054,0,0.1,0.1,0,1,0,0,1,3,2,0
tid_2055,0,0.1,0.1,0,1,0,0,0,0,2,0
tid_2056,0,0.1,0.1,0,1,0,0,0,0,1,0
tid_2057,0,0.1,0.1,0,1,0,0,1,0,1,0
tid_2058,0,0.1,0.1,0,1,0,0,0,0,2,0
tid_2059,0,0.1,0.2,0,1,0,0,0,0,2,0
tid_206,1,1.1,1.1,1,2,2,1,2,3,3,3
tid_2060,0,0.2,0.2,0,0,0,0,1,0,0,1
tid_2061,0,0.1,0.1,0,0,0,0,0,0,1,0
tid_2062,0,0.2,0.1,0,0,0,0,0,0,0,0
tid_2063,1,1.1,1.1,1,0,2,1,2,1,0,3
tid_2064,0,0.1,0.1,0,1,0,0,0,0,2,0
tid_2065,0,0.2,0.2,0,1,0,0,0,1,1,0
tid_2066,0,0.1,0.2,0,1,0,0,0,0,2,0
tid_2067,0,0.1,0.1,0,1,0,0,0,1,1,0
tid_2068,0,0.2,0.1,0,1,0,0,0,1,1,0
tid_2069,0,0.1,0.2,0,1,0,0,1,0,1,0
tid_207,0,0.1,0.1,0,0,0,0,1,0,0,0
tid_2070,0,0.2,0.2,0,1,0,0,1,1,2,0
tid_2072,0,0.1,0.1,0,1,0,0,0,0,1,0
tid_2073,0,0.1,0.2,0,1,0,0,0,0,1,0
tid_2074,1,1.1,1.1,0,0,2,1,2,1,0,3
tid_2075,0,0.2,0.1,0,1,0,0,0,1,1,0
tid_2076,0,0.2,0.2,0,0,0,0,0,1,1,0
tid_2077,0,0.1,0.2,0,1,0,0,0,0,1,0
tid_2078,0,0.1,0.1,0,1,0,0,0,0,1,0
tid_2079,0,0.2,0.2,0,1,0,0,0,1,1,0
tid_208,0,0.1,0.1,0,1,0,0,0,0,2,0
tid_2080,0,0.1,0.1,0,1,0,0,0,0,1,0
tid_2081,0,0.1,0.1,0,1,0,0,0,0,1,0
tid_2082,0,0.1,0.1,0,1,0,0,0,0,1,0
tid_2085,0,0.1,0.1,0,1,0,0,0,0,1,0
tid_2087,0,0.1,0.2,0,1,0,0,0,0,1,0
tid_2088,0,0.1,0.2,0,1,0,0,0,0,1,0
tid_2089,0,0.1,0.1,0,1,0,0,0,0,1,0
tid_209,0,0.2,0.2,0,1,0,0,1,1,0,0
tid_2090,0,0.1,0.1,0,1,0,0,0,0,1,0
tid_2091,0,0.1,0.2,0,1,0,0,0,0,1,0
tid_2093,0,0.2,0.1,0,0,0,0,0,1,1,0
tid_2094,0,0.1,0.1,0,1,0,0,0,0,1,0
tid_2095,0,0.1,0.2,0,1,0,0,0,0,1,0
tid_2096,0,0.1,0.1,0,1,0,0,0,0,1,0
tid_2098,0,0.1,0.2,0,1,0,0,0,0,1,0
tid_21,1,1.1,1.1,1,2,2,1,2,1,3,3
tid_210,0,0.1,0.1,0,1,0,0,0,0,2,0
tid_2100,0,0.2,0.1,0,1,0,0,0,1,1,0
tid_2101,1,1.1,1.1,1,2,2,1,2,1,3,3
tid_2105,0,0.2,0.2,0,1,0,0,0,1,2,0
tid_2108,0,0.2,0.2,0,0,0,0,0,1,0,0
tid_2109,0,0.1,0.1,0,1,0,0,0,0,2,0
tid_211,0,0.1,0.1,0,0,1,0,1,0,2,1
tid_2110,0,0.1,0.1,0,1,0,0,0,0,1,0
tid_2111,0,0.2,0.2,0,1,0,0,0,1,2,0
tid_2112,0,0.2,0.1,0,1,0,0,0,1,2,0
tid_2113,0,0.1,0.1,0,1,0,0,0,0,1,0
tid_2114,0,0.1,0.1,0,1,0,0,0,0,2,0
tid_2116,0,0.2,0.2,0,1,0,0,0,1,1,0
tid_2117,0,0.2,0.2,0,1,0,0,0,1,1,0
tid_2118,0,0.1,0.2,0,1,0,0,0,0,2,0
tid_2119,1,1.1,1.1,1,0,2,1,2,1,0,3
tid_212,0,0.1,0.2,0,1,0,0,0,0,2,0
tid_2120,0,0.1,0.2,0,1,0,0,0,0,2,0
tid_2121,0,0.1,0.2,0,1,0,0,0,0,1,0
tid_2122,0,0.2,0.2,0,1,0,0,0,0,1,0
tid_2124,0,0.2,0.2,0,0,0,0,0,1,1,0
tid_2125,0,0.1,0.1,0,1,0,0,0,0,1,0
tid_2126,0,0.1,0.1,0,1,0,0,0,0,2,0
tid_2127,0,0.1,0.2,0,1,0,0,1,0,1,0
tid_2128,0,0.1,0.2,0,1,0,0,0,0,2,0
tid_2129,0,0.1,0.1,0,1,0,0,0,0,1,0
tid_213,0,0.2,0.1,0,1,0,0,0,1,2,0
tid_2130,0,0.2,0.2,0,1,0,0,0,1,2,0
tid_2131,0,0.2,0.1,0,1,0,0,0,1,2,0
tid_2132,0,0.2,0.2,0,1,0,0,0,1,2,0
tid_2133,0,0.2,0.2,0,1,0,0,0,1,1,0
tid_2134,0,0.1,0.1,0,1,0,0,0,0,2,0
tid_2136,0,0.2,0.2,0,1,0,0,0,1,2,0
tid_2137,0,0.1,0.1,0,1,0,0,0,0,1,0
tid_2138,0,0.2,0.1,0,1,0,0,0,1,2,0
tid_2139,0,0.1,0.1,0,1,0,0,0,1,1,0
tid_214,0,0.1,0.1,0,1,0,0,0,0,2,0
tid_2140,0,0.1,0.1,0,1,0,0,0,0,1,0
tid_2142,0,0.2,0.1,0,1,0,0,0,1,1,0
tid_2143,0,0.1,0.2,0,1,0,0,0,0,1,0
tid_2144,1,1.1,1.1,1,2,2,1,2,1,3,3
tid_2145,0,0.1,0.1,0,1,0,0,0,0,2,0
tid_2146,0,0.1,0.1,0,0,1,0,1,0,0,1
tid_2148,0,0.2,0.1,0,3,1,0,1,1,2,1
tid_2149,0,0.1,0.1,0,1,1,0,1,0,2,1
tid_215,0,0.2,0.1,0,1,0,0,0,1,2,0
tid_2150,0,0.1,0.1,0,1,0,0,0,0,1,0
tid_2151,0,0.1,0.2,0,1,0,0,0,2,2,1
tid_2152,0,0.1,0.1,0,1,0,0,0,0,2,0
tid_2153,1,1.1,1.1,0,1,0,1,0,1,1,3
tid_2154,0,0.1,0.1,0,1,0,0,1,3,2,1
tid_2155,0,0.1,0.1,0,1,0,0,1,0,2,0
tid_2156,0,0.1,0.1,0,1,0,0,0,0,1,0
tid_2157,0,0.1,0.1,0,1,0,0,1,0,2,0
tid_2158,0,0.1,0.1,0,1,0,0,0,0,2,0
tid_2159,0,0.1,0.1,0,1,0,0,1,0,1,1
tid_216,0,0.1,0.1,0,1,0,0,0,0,2,0
tid_2160,0,0.1,0.1,0,1,0,0,0,0,2,0
tid_2161,1,1.1,1.1,1,2,2,1,2,1,3,3
tid_2162,0,0.1,0.2,0,1,0,0,0,0,1,0
tid_2163,0,0.1,0.1,0,1,1,0,1,0,2,1
tid_2164,1,1.1,1.1,1,2,2,1,2,1,3,3
tid_2165,0,0.2,0.2,0,0,0,1,0,1,0,0
tid_2167,0,0.2,0.2,0,0,0,1,0,1,0,0
tid_2168,0,0.2,0.2,0,0,0,1,0,1,1,0
tid_2169,1,1.1,1.1,1,0,2,1,2,1,0,3
tid_217,0,0.1,0.2,0,1,0,0,0,0,2,0
tid_2171,0,0.1,0.1,0,1,0,0,0,0,1,0
tid_2172,0,0.2,0.2,0,1,0,0,0,1,1,0
tid_2173,0,0.2,0.2,0,1,0,1,0,1,1,0
tid_2174,0,0.1,0.1,0,1,0,0,0,0,1,0
tid_2175,0,0.2,0.2,0,1,0,0,0,1,1,0
tid_2176,0,0.1,0.1,0,1,0,0,0,0,2,0
tid_2177,0,0.2,0.2,0,0,0,0,0,1,1,0
tid_2178,0,0.1,0.2,0,1,0,0,0,0,2,0
tid_2179,0,0.1,0.2,0,1,0,0,0,0,1,0
tid_218,1,1.1,1.1,0,0,1,1,2,0,0,3
tid_2180,0,0.1,0.1,0,1,0,0,0,0,2,0
tid_2181,0,0.1,0.2,0,1,0,0,0,0,1,0
tid_2182,0,0.1,0.2,0,1,0,0,0,0,1,0
tid_2183,0,0.2,0.2,0,1,0,0,0,1,2,0
tid_2184,0,0.1,0.2,0,1,0,0,0,0,1,0
tid_2185,0,0.1,0.1,0,1,0,0,0,0,1,0
tid_2186,0,0.2,0.2,0,0,0,1,0,1,0,0
tid_2187,0,0.2,0.2,0,1,0,0,0,3,2,0
tid_2188,0,0.2,0.2,0,0,0,1,0,1,0,0
tid_2189,0,0.1,0.2,0,1,0,0,0,0,2,0
tid_219,0,0.1,0.1,0,1,0,0,0,0,2,0
tid_2190,1,1.1,1.1,1,2,2,1,3,1,3,3
tid_2191,1,1.1,1.1,0,0,1,1,2,1,0,3
tid_2192,1,1.1,1.1,0,0,1,1,2,1,0,3
tid_2193,1,1.1,1.1,1,0,2,1,2,1,0,3
tid_2194,1,1.1,1.1,0,0,1,1,2,1,0,3
tid_2195,0,0.2,0.1,0,0,0,0,1,0,0,0
tid_2196,0,0.2,0.1,0,1,0,0,0,1,1,0
tid_2197,0,0.2,0.1,0,1,0,0,0,1,1,0
tid_2198,0,0.2,0.1,0,1,0,0,0,1,1,0
tid_2199,0,0.1,0.1,0,0,1,0,1,0,0,1
tid_22,0,0.1,0.1,0,0,1,0,1,0,0,1
tid_220,0,0.1,0.1,0,1,0,0,0,0,2,1
tid_2200,0,0.1,0.2,0,1,0,0,0,0,1,1
tid_2201,0,0.2,0.1,0,0,1,0,1,1,0,1
tid_2202,0,0.1,0.1,0,0,1,0,1,0,0,1
tid_2203,0,0.2,0.2,0,0,1,0,1,1,0,1
tid_2204,0,0.1,0.1,0,1,0,0,0,0,2,0
tid_2205,0,0.1,0.1,0,1,0,0,0,0,2,1
tid_2206,0,0.2,0.1,0,0,0,0,1,0,0,0
tid_2207,0,0.1,0.1,0,1,0,0,0,0,1,0
tid_2208,0,0.2,0.1,0,1,0,0,1,1,2,1
tid_221,0,0.1,0.1,0,1,0,0,0,0,2,0
tid_2210,1,1.1,1.1,1,2,2,1,2,1,3,3
tid_2211,0,0.1,0.1,0,1,0,0,0,0,2,0
tid_2212,0,0.2,0.2,0,1,1,0,1,1,2,1
tid_2213,0,0.1,0.1,0,1,0,0,0,0,1,0
tid_2215,0,0.1,0.1,0,0,1,0,1,0,0,1
tid_2216,1,1.1,1.1,1,2,2,1,2,1,3,3
tid_2217,1,1.1,1.1,0,0,2,1,1,1,0,3
tid_2218,0,0.1,0.1,0,0,0,0,1,0,2,1
tid_2219,0,0.2,0.1,0,0,1,1,1,1,0,1
tid_222,0,0.2,0.2,0,0,0,0,1,1,0,0
tid_2220,1,1.1,1.1,1,0,2,1,2,1,0,3
tid_2221,1,1.1,1.1,1,2,2,1,2,1,3,3
tid_2222,0,0.2,0.1,0,0,1,1,1,1,0,1
tid_2223,0,0.1,0.1,0,1,0,0,1,0,2,0
tid_2224,0,0.2,0.2,0,0,1,0,1,1,0,1
tid_2225,0,0.1,0.1,0,0,0,0,1,0,2,1
tid_2226,1,1.1,1.1,1,2,2,1,2,1,3,3
tid_2227,1,1.1,1.1,0,0,2,1,1,1,0,3
tid_2228,1,1.1,1.1,1,0,2,1,2,1,0,3
tid_2229,0,0.2,0.1,0,0,1,0,1,1,0,1
tid_223,0,0.1,0.1,0,1,0,0,0,0,2,0
tid_2230,0,0.2,0.1,0,0,0,0,1,1,2,1
tid_2231,0,0.2,0.1,0,0,0,0,1,1,0,1
tid_2232,0,0.2,0.1,0,0,0,0,1,0,0,1
tid_2233,0,0.1,0.1,0,1,0,0,1,0,2,0
tid_2234,0,0.2,0.1,0,1,0,0,0,1,2,0
tid_2235,0,0.1,0.1,0,0,1,0,1,0,0,1
tid_2236,0,0.2,0.1,0,0,1,0,1,1,0,1
tid_2237,0,0.1,0.1,0,0,1,0,1,0,0,1
tid_2238,1,1.1,1.1,1,0,2,1,2,0,0,3
tid_224,1,1.1,1.1,1,0,1,1,2,1,0,3
tid_2241,0,0.1,0.1,0,0,0,0,1,0,2,0
tid_2242,0,0.1,0.1,0,2,2,1,2,0,3,1
tid_2243,0,0.1,0.1,0,0,2,0,1,0,0,1
tid_2244,1,1.2,1.1,0,3,1,1,1,1,2,2
tid_2245,0,0.1,0.1,0,0,1,0,1,0,0,1
tid_2248,0,0.2,0.2,0,0,1,0,1,1,2,1
tid_2249,0,0.1,0.2,0,3,1,0,1,3,4,1
tid_225,0,0.1,0.1,0,1,1,0,1,0,2,1
tid_2250,0,0.2,0.2,0,3,1,1,1,1,4,1
tid_2251,1,1.1,1.1,1,2,2,1,2,1,3,3
tid_2252,1,1.1,1.1,1,0,1,1,2,1,0,3
tid_2253,0,0.1,0.1,0,1,0,0,0,0,1,0
tid_2254,0,0.2,0.1,0,1,0,0,0,1,1,0
tid_2255,0,0.1,0.1,0,1,0,0,0,0,1,0
tid_2256,0,0.1,0.1,0,1,0,0,0,0,1,0
tid_2257,0,0.2,0.1,0,1,0,0,0,1,1,0
tid_2258,0,0.1,0.1,0,1,0,0,0,0,1,0
tid_2259,0,0.1,0.1,0,1,0,0,0,0,1,0
tid_226,0,0.1,0.1,0,1,0,0,0,0,2,1
tid_2260,0,0.1,0.1,0,1,0,0,1,0,1,0
tid_2262,0,0.1,0.1,0,0,0,0,0,1,1,0
tid_2264,0,0.1,0.1,0,1,0,0,0,0,2,0
tid_2265,0,0.1,0.1,0,1,0,0,0,0,1,0
tid_2266,0,0.2,0.1,0,1,0,0,0,1,1,0
tid_2267,0,0.1,0.1,0,1,0,0,0,0,1,0
tid_2268,0,0.2,0.1,0,1,0,0,0,1,1,0
tid_2269,0,0.1,0.1,0,1,0,0,0,0,2,0
tid_227,0,0.1,0.2,0,1,0,0,0,0,2,0
tid_2270,0,0.1,0.1,0,1,0,0,0,0,1,0
tid_2271,0,0.1,0.1,0,1,0,0,0,0,1,0
tid_2272,0,0.1,0.1,0,1,0,0,1,0,2,0
tid_2274,0,0.1,0.2,0,0,0,0,1,0,0,0
tid_2275,1,1.1,1.1,1,2,2,1,2,1,3,3
tid_2276,0,0.2,0.1,0,1,0,0,1,1,2,0
tid_2278,0,0.1,0.1,0,1,0,0,0,0,2,0
tid_2279,1,1.1,1.1,1,0,1,1,2,1,0,3
tid_228,0,0.1,0.1,0,0,1,0,1,0,0,1
tid_2280,1,1.1,1.1,1,0,0,1,2,1,0,3
tid_2281,1,1.1,1.1,1,2,2,1,2,1,3,3
tid_2282,1,1.1,1.1,1,0,2,1,2,1,0,3
tid_2286,1,1.1,1.1,1,0,1,1,2,1,0,3
tid_2287,0,0.2,0.1,0,1,0,0,1,1,0,0
tid_2288,0,0.2,0.2,1,0,0,1,1,1,0,1
tid_2289,1,1.1,1.1,1,0,1,1,2,1,0,3
tid_229,0,0.2,0.1,0,0,1,1,1,1,0,1
tid_2292,0,0.1,0.1,0,1,1,0,1,0,2,1
tid_2293,0,0.1,0.1,0,1,0,0,0,0,2,0
tid_2294,0,0.1,0.2,0,1,0,0,0,0,1,0
tid_2295,0,0.2,0.1,0,0,0,0,1,1,0,1
tid_2296,0,0.1,0.1,0,0,0,0,1,0,0,0
tid_2297,0,0.1,0.2,0,1,0,0,0,0,2,0
tid_2298,0,0.1,0.1,0,1,0,0,1,0,1,0
tid_2299,0,0.1,0.1,0,1,0,0,1,0,1,0
tid_23,1,1.1,1.1,1,0,2,1,2,1,0,3
tid_230,0,0.1,0.1,0,1,1,0,0,0,2,1
tid_2300,0,0.1,0.1,0,1,0,0,1,0,1,0
tid_2301,0,0.2,0.1,0,1,0,0,1,1,1,0
tid_2302,0,0.1,0.2,0,1,0,0,1,0,2,1
tid_2303,0,0.2,0.2,0,1,0,0,1,1,2,0
tid_2304,0,0.1,0.1,0,1,0,0,0,0,2,1
tid_2305,0,0.1,0.1,0,0,1,0,1,0,0,1
tid_2307,0,0.1,0.1,0,1,0,0,1,0,1,1
tid_2308,0,0.1,0.1,0,1,0,0,0,1,1,0
tid_2309,0,0.1,0.1,0,1,0,0,0,0,1,0
tid_231,0,0.1,0.1,0,1,0,0,0,0,2,1
tid_2310,0,0.1,0.2,0,1,0,0,1,0,0,0
tid_2311,0,0.2,0.2,0,0,0,0,1,1,0,1
tid_2312,1,1.1,1.1,1,2,2,1,2,1,3,3
tid_2314,0,0.1,0.1,0,1,1,0,1,0,2,1
tid_2315,0,0.1,0.1,0,1,0,0,1,0,2,0
tid_2316,0,0.1,0.2,0,1,0,0,0,0,2,0
tid_2317,0,0.1,0.1,0,0,1,0,1,0,0,1
tid_2318,1,1.1,1.1,1,0,2,1,2,1,0,3
tid_232,0,0.1,0.2,0,1,1,0,0,0,2,1
tid_2320,1,1.1,1.1,1,0,2,1,1,1,0,3
tid_2321,0,0.1,0.2,0,1,0,0,0,0,2,0
tid_2322,0,0.1,0.2,0,1,0,0,0,0,2,0
tid_2323,0,0.1,0.2,0,1,0,0,0,0,1,0
tid_2324,0,0.1,0.1,0,1,0,0,0,0,2,0
tid_2325,0,0.1,0.2,0,1,0,0,0,0,2,0
tid_2326,0,0.1,0.2,0,1,0,0,0,0,2,0
tid_2327,0,0.1,0.2,0,1,0,0,0,0,2,0
tid_2328,0,0.1,0.2,0,1,0,0,0,0,2,0
tid_2329,0,0.1,0.2,0,1,0,0,0,0,2,0
tid_233,0,0.1,0.1,0,1,0,0,0,0,2,1
tid_2330,0,0.1,0.1,0,1,0,0,0,0,2,0
tid_2332,0,0.1,0.2,0,1,0,0,0,0,2,0
tid_2333,0,0.2,0.1,0,0,0,0,0,1,0,0
tid_2334,0,0.1,0.2,0,1,0,0,0,0,2,1
tid_2335,0,0.2,0.2,0,1,0,0,1,1,2,0
tid_2336,0,0.2,0.2,0,1,0,0,0,1,2,0
tid_2337,1,1.1,1.1,1,0,2,1,2,1,0,3
tid_2338,1,1.1,1.1,1,0,1,1,2,1,0,3
tid_2339,0,0.2,0.2,0,3,1,0,1,1,4,1
tid_234,0,0.1,0.1,0,0,1,0,1,0,2,1
tid_2340,0,0.2,0.1,0,0,1,0,0,1,2,1
tid_2341,0,0.2,0.1,0,3,1,0,1,1,4,1
tid_2342,1,1.2,1.1,0,3,1,1,1,1,4,2
tid_2343,0,0.2,0.1,0,3,1,1,1,1,4,1
tid_2344,0,0.2,0.2,0,2,2,1,2,1,3,1
tid_2345,0,0.2,0.2,0,3,1,1,1,1,4,1
tid_2348,0,0.2,0.2,0,3,1,1,1,1,4,1
tid_2349,0,0.2,0.2,0,3,1,1,1,1,4,1
tid_235,0,0.1,0.1,0,1,1,0,0,0,2,1
tid_2351,2,2,2,1,2,2,2,3,3,3,4
tid_2352,2,2,2,1,2,2,2,3,3,3,4
tid_2353,2,2,2,1,2,2,2,3,3,3,4
tid_2354,2,2,2,1,2,2,2,3,3,3,4
tid_2355,2,2,2,1,2,2,2,3,3,3,4
tid_2356,2,2,2,1,2,2,2,3,3,3,4
tid_2357,2,2,2,1,2,2,2,3,3,3,4
tid_2358,2,2,2,1,2,2,2,3,3,3,4
tid_2359,2,2,2,1,2,2,2,3,3,3,4
tid_236,0,0.1,0.1,0,1,1,0,1,0,2,1
tid_2360,2,2,2,1,2,2,2,3,3,3,4
tid_2361,2,2,2,1,2,2,2,3,3,3,4
tid_2362,2,2,2,1,2,2,1,3,1,3,4
tid_2363,2,2,2,1,2,2,2,3,3,3,4
tid_2364,2,2,2,1,2,2,2,3,3,3,4
tid_2365,2,2,2,1,2,2,2,3,3,3,4
tid_2366,2,2,2,1,2,2,2,3,3,3,4
tid_2367,2,2,2,1,2,2,2,3,3,3,4
tid_2368,2,2,2,1,2,2,2,3,3,3,4
tid_2369,2,2,2,1,2,2,2,3,3,3,4
tid_237,0,0.2,0.1,0,0,1,0,1,1,0,1
tid_2370,2,2,2,1,2,2,1,3,1,3,4
tid_2371,2,2,2,1,2,2,2,3,3,3,4
tid_2372,2,2,2,1,2,2,2,3,3,3,4
tid_2373,2,2,2,1,2,2,2,3,3,3,4
tid_2374,2,2,2,1,2,2,2,3,3,3,4
tid_2375,2,2,2,1,2,2,2,3,3,3,4
tid_2376,2,2,2,1,2,2,2,3,3,3,4
tid_2377,2,2,2,1,2,2,2,3,3,3,4
tid_2378,2,2,2,1,2,2,2,3,3,3,4
tid_2379,2,2,2,1,2,2,2,3,3,3,4
tid_238,0,0.1,0.2,0,1,1,0,0,0,2,1
tid_2380,2,2,2,1,2,2,2,3,3,3,4
tid_2381,2,2,2,1,2,2,2,3,3,3,4
tid_2382,2,2,2,1,2,2,2,3,3,3,4
tid_2383,2,2,2,1,2,2,2,3,3,3,4
tid_2384,2,2,2,1,2,2,2,3,3,3,4
tid_2385,2,2,2,1,2,2,2,3,3,3,4
tid_2386,2,2,2,1,2,2,1,3,3,3,4
tid_2387,2,2,2,1,2,2,2,3,3,3,4
tid_2388,2,2,2,1,2,2,2,3,3,3,4
tid_2389,2,2,2,1,2,2,2,3,3,3,4
tid_239,0,0.1,0.1,0,1,0,0,0,0,2,0
tid_2390,2,2,2,1,2,2,2,3,3,3,4
tid_2391,2,2,2,1,2,2,1,3,3,3,4
tid_2392,2,2,2,1,2,2,1,2,3,3,4
tid_2393,1,1.1,1.1,1,2,2,1,2,3,3,3
tid_2395,1,1.1,1.1,1,0,2,1,2,1,0,3
tid_2398,2,2,2,1,2,2,2,3,3,3,4
tid_2399,2,2,2,1,2,2,2,3,3,3,4
tid_240,0,0.1,0.1,0,1,0,0,0,0,2,1
tid_2400,2,2,2,1,2,2,2,3,3,3,4
tid_2401,2,2,2,1,2,2,2,3,3,3,4
tid_2402,2,2,2,1,2,2,2,3,3,3,4
tid_2403,1,1.1,1.1,1,2,2,1,2,3,3,3
tid_2404,2,2,2,1,2,2,2,3,3,3,4
tid_2405,2,2,2,1,2,2,2,3,3,3,4
tid_2406,2,2,2,1,2,2,2,3,3,3,4
tid_2407,2,2,2,1,2,2,1,3,3,3,4
tid_2408,2,2,2,1,2,2,1,3,3,3,4
tid_2409,2,2,2,1,2,2,1,3,3,3,4
tid_241,0,0.1,0.1,0,1,0,0,0,0,2,1
tid_2410,1,1.1,1.1,1,2,2,1,2,2,3,3
tid_2411,2,2,2,1,2,2,1,3,1,3,4
tid_2412,2,2,2,1,2,2,1,3,1,3,4
tid_2416,2,2,2,1,2,2,1,3,3,3,4
tid_242,0,0.1,0.1,0,1,1,0,1,0,2,1
tid_2422,1,1.1,1.1,1,2,2,1,2,1,3,3
tid_2423,2,2,2,1,2,2,2,3,3,3,4
tid_2424,2,2,2,1,2,2,2,3,3,3,4
tid_2425,2,2,2,1,2,2,2,3,3,3,4
tid_2426,2,2,2,1,2,2,2,3,3,3,4
tid_2427,2,2,2,1,2,2,2,3,3,3,4
tid_2428,2,2,2,1,2,2,2,3,3,3,4
tid_2429,2,2,2,1,2,2,2,3,3,3,4
tid_243,0,0.1,0.1,0,1,1,0,1,0,2,1
tid_2430,2,2,2,1,2,2,2,3,3,3,4
tid_2431,2,2,2,1,2,2,1,3,3,3,4
tid_2432,2,2,2,1,2,2,2,3,3,3,4
tid_2433,2,2,2,1,2,2,2,3,3,3,4
tid_2434,2,2,2,1,2,2,2,3,3,3,4
tid_2435,2,2,2,1,2,2,2,3,3,3,4
tid_2436,2,2,2,1,2,2,2,3,3,3,4
tid_2437,2,2,2,1,2,2,1,3,1,3,4
tid_2439,2,2,2,1,2,2,2,3,3,3,4
tid_2440,2,2,2,1,2,2,2,3,3,3,4
tid_2441,2,2,2,1,2,2,2,3,3,3,4
tid_2442,2,2,2,1,2,2,2,3,3,3,4
tid_2443,2,2,2,1,2,2,2,3,3,3,4
tid_2444,2,2,2,1,2,2,2,3,3,3,4
tid_2445,2,2,2,1,2,2,1,3,3,3,4
tid_2446,2,2,2,1,2,2,1,3,3,3,4
tid_2447,2,2,2,1,2,2,2,3,3,3,4
tid_2449,2,2,2,1,2,2,1,3,3,3,4
tid_2450,2,2,2,1,2,2,2,3,3,3,4
tid_2451,2,2,2,1,2,2,2,3,3,3,4
tid_2452,2,2,2,1,2,2,2,3,3,3,4
tid_2453,2,2,2,1,2,2,2,3,3,3,4
tid_2454,2,2,2,1,2,2,2,3,3,3,4
tid_2455,2,2,2,1,2,2,2,3,3,3,4
tid_2456,2,2,2,1,2,2,2,3,3,3,4
tid_2457,2,2,2,1,2,2,2,3,3,3,4
tid_2458,2,2,2,1,2,2,2,3,3,3,4
tid_2459,2,2,2,1,2,2,2,3,3,3,4
tid_2460,2,2,2,1,2,2,2,3,1,3,4
tid_2461,2,2,2,1,2,2,2,3,3,3,4
tid_2462,2,2,2,1,2,2,2,3,2,3,4
tid_2463,2,2,2,1,2,2,1,3,2,3,4
tid_2464,2,2,2,1,2,2,2,3,2,3,4
tid_2465,1,1.1,1.1,1,2,2,1,2,2,3,3
tid_2466,2,2,2,1,2,2,1,3,2,3,4
tid_2467,2,2,2,1,2,2,1,3,2,3,4
tid_2468,2,2,2,1,2,2,2,3,2,3,4
tid_2469,2,2,2,1,2,2,1,3,2,3,4
tid_2470,2,2,2,1,2,2,1,3,2,3,4
tid_2471,2,2,2,1,2,2,1,3,2,3,4
tid_2472,2,2,2,1,2,2,1,3,2,3,4
tid_2473,2,2,2,1,2,2,1,3,2,3,4
tid_2474,2,2,2,1,2,2,1,3,2,3,4
tid_2475,2,2,2,1,2,2,2,3,2,3,4
tid_2476,2,2,2,1,2,2,2,3,2,3,4
tid_2477,2,2,2,1,2,2,2,3,2,3,4
tid_2478,1,1.1,1.1,1,2,2,1,2,2,3,3
tid_2479,2,2,2,1,2,2,2,3,2,3,4
tid_2480,2,2,2,1,2,2,2,3,2,3,4
tid_2481,2,2,2,1,2,2,2,3,2,3,4
tid_2482,2,2,2,1,2,2,2,3,2,3,4
tid_2483,2,2,2,1,2,2,1,3,2,3,4
tid_2484,2,2,2,1,2,2,2,3,2,3,4
tid_2485,2,2,2,1,2,2,2,3,2,3,4
tid_2486,2,2,2,1,2,2,2,3,2,3,4
tid_2487,2,2,2,1,2,2,2,3,2,3,4
tid_2488,2,2,2,1,2,2,2,3,2,3,4
tid_2489,2,2,2,1,2,2,2,3,2,3,4
tid_2490,2,2,2,1,2,2,2,3,2,3,4
tid_2491,2,2,2,1,2,2,1,3,2,3,4
tid_2492,2,2,2,1,2,2,1,3,2,3,4
tid_2493,2,2,2,1,2,2,1,3,2,3,4
tid_2494,2,2,2,1,2,2,2,3,2,3,4
tid_2495,2,2,2,1,2,2,2,3,2,3,4
tid_2496,2,2,2,1,2,2,1,3,2,3,4
tid_2497,2,2,2,1,2,2,2,3,2,3,4
tid_2498,2,2,2,1,2,2,1,3,2,3,4
tid_2499,2,2,2,1,2,2,2,3,2,3,4
tid_25,1,1.1,1.1,1,2,2,1,2,1,3,3
tid_2500,2,2,2,1,2,2,1,3,2,3,4
tid_2501,2,2,2,1,2,2,1,3,2,3,4
tid_2502,2,2,2,1,2,2,2,3,2,3,4
tid_2503,2,2,2,1,2,2,2,3,2,3,4
tid_2504,1,1.1,1.1,1,2,2,1,2,2,3,3
tid_2505,2,2,2,1,2,2,2,3,2,3,4
tid_2506,2,2,2,1,2,2,2,3,2,3,4
tid_2507,2,2,2,1,2,2,2,3,2,3,4
tid_2508,2,2,2,1,2,2,2,3,2,3,4
tid_2509,2,2,2,1,2,2,2,3,2,3,4
tid_2510,2,2,2,1,2,2,2,3,2,3,4
tid_2511,2,2,2,1,2,2,1,3,2,3,4
tid_2512,2,2,2,1,2,2,2,3,2,3,4
tid_2513,2,2,2,1,2,2,1,3,2,3,4
tid_2514,2,2,2,1,2,2,2,3,2,3,4
tid_2515,2,2,2,1,2,2,1,3,2,3,4
tid_2516,2,2,2,1,2,2,1,3,2,3,4
tid_2517,2,2,2,1,2,2,2,3,2,3,4
tid_2518,2,2,2,1,2,2,2,3,2,3,4
tid_2519,2,2,2,1,2,2,2,3,2,3,4
tid_2520,2,2,2,1,2,2,2,3,2,3,4
tid_2521,2,2,2,1,2,2,2,3,2,3,4
tid_2522,2,2,2,1,2,2,2,3,2,3,4
tid_2523,2,2,2,1,2,2,1,3,2,3,4
tid_2524,2,2,2,1,2,2,1,3,2,3,4
tid_2525,2,2,2,1,2,2,1,3,2,3,4
tid_2526,2,2,2,1,2,2,1,3,2,3,4
tid_2527,2,2,2,1,2,2,2,3,2,3,4
tid_2528,2,2,2,1,2,2,2,3,2,3,4
tid_2529,2,2,2,1,2,2,2,3,2,3,4
tid_2530,2,2,2,1,2,2,1,3,2,3,4
tid_2531,2,2,2,1,2,2,2,3,2,3,4
tid_2532,2,2,2,1,2,2,2,3,2,3,4
tid_2533,2,2,2,1,2,2,2,3,2,3,4
tid_2534,2,2,2,1,2,2,1,3,2,3,4
tid_2535,2,2,2,1,2,2,2,3,2,3,4
tid_2536,2,2,2,1,2,2,2,3,2,3,4
tid_2537,2,2,2,1,2,2,2,3,2,3,4
tid_2538,2,2,2,1,2,2,2,3,2,3,4
tid_2539,2,2,2,1,2,2,2,3,2,3,4
tid_2540,2,2,2,1,2,2,2,3,2,3,4
tid_2541,2,2,2,1,2,2,2,3,2,3,4
tid_2542,2,2,2,1,2,2,2,3,2,3,4
tid_2543,2,2,2,1,2,2,2,3,2,3,4
tid_2544,2,2,2,1,2,2,2,3,2,3,4
tid_2545,2,2,2,1,2,2,2,3,2,3,4
tid_2546,2,2,2,1,2,2,1,3,2,3,4
tid_2547,1,1.1,1.1,1,2,2,1,2,1,3,3
tid_2548,2,2,2,1,2,2,1,3,2,3,4
tid_2549,2,2,2,1,2,2,2,3,2,3,4
tid_2550,2,2,2,1,2,2,1,3,2,3,4
tid_2551,2,2,2,1,2,2,1,3,2,3,4
tid_2552,2,2,2,1,2,2,1,3,2,3,4
tid_2553,2,2,2,1,2,2,1,3,2,3,4
tid_2554,2,2,2,1,2,2,1,3,2,3,4
tid_2555,2,2,2,1,2,2,1,3,2,3,4
tid_2556,2,2,2,1,2,2,1,3,2,3,4
tid_2557,2,2,2,1,2,2,2,3,2,3,4
tid_2558,2,2,2,1,2,2,2,3,2,3,4
tid_2559,2,2,2,1,2,2,2,3,2,3,4
tid_2560,2,2,2,1,2,2,2,3,2,3,4
tid_2561,2,2,2,1,2,2,2,3,2,3,4
tid_2562,2,2,2,1,2,2,2,3,2,3,4
tid_2563,2,2,2,1,2,2,2,3,2,3,4
tid_2564,2,2,2,1,2,2,2,3,2,3,4
tid_2565,2,2,2,1,2,2,2,3,2,3,4
tid_2566,2,2,2,1,2,2,2,3,2,3,4
tid_2567,2,2,2,1,2,2,2,3,2,3,4
tid_2568,2,2,2,1,2,2,1,3,2,3,4
tid_2569,2,2,2,1,2,2,1,3,2,3,4
tid_2570,2,2,2,1,2,2,1,3,2,3,4
tid_2571,1,1.1,1.1,1,2,2,1,2,2,3,3
tid_2572,2,2,2,1,2,2,1,3,2,3,4
tid_2573,2,2,2,1,2,2,2,3,2,3,4
tid_2574,2,2,2,1,2,2,2,3,2,3,4
tid_2575,2,2,2,1,2,2,1,3,2,3,4
tid_2576,2,2,2,1,2,2,1,3,2,3,4
tid_2577,2,2,2,1,2,2,2,3,2,3,4
tid_2578,2,2,2,1,2,2,2,3,2,3,4
tid_2579,2,2,2,1,2,2,2,3,2,3,4
tid_2580,2,2,2,1,2,2,1,3,2,3,4
tid_2581,2,2,2,1,2,2,1,3,2,3,4
tid_2582,2,2,2,1,2,2,1,3,2,3,4
tid_2583,2,2,2,1,2,2,2,3,2,3,4
tid_2584,2,2,2,1,2,2,2,3,2,3,4
tid_2585,2,2,2,1,2,2,1,3,2,3,4
tid_2586,2,2,2,1,2,2,1,3,2,3,4
tid_2587,2,2,2,1,2,2,1,3,1,3,4
tid_2588,1,1.1,1.1,1,2,2,1,2,1,3,3
tid_2589,2,2,2,1,2,2,2,3,2,3,4
tid_2590,2,2,2,1,2,2,1,3,2,3,4
tid_2591,1,1.1,1.1,1,0,2,1,2,1,0,3
tid_2592,2,2,2,1,2,2,1,3,1,3,4
tid_2593,0,0.1,0.2,0,1,0,0,0,0,1,0
tid_2595,0,0.1,0.2,0,0,0,0,0,0,0,0
tid_2596,1,1.1,1.1,1,2,2,1,2,1,3,3
tid_2597,1,1.1,1.1,1,2,2,1,2,1,3,3
tid_2598,0,0.1,0.2,0,0,0,0,2,0,0,0
tid_2599,2,2,2,1,2,2,2,3,2,3,4
tid_26,1,1.1,1.1,1,0,2,1,2,1,0,3
tid_2600,2,2,2,1,2,2,1,3,1,3,4
tid_2601,2,2,2,1,2,2,2,2,2,3,4
tid_2602,2,2,2,1,2,2,1,3,1,3,4
tid_2604,2,2,2,1,2,2,1,3,1,3,4
tid_2605,2,2,2,1,2,2,2,3,2,3,4
tid_2606,2,2,2,1,2,2,1,2,2,3,4
tid_2607,1,1.1,1.1,1,0,0,1,2,0,0,3
tid_2618,0,0.2,0.1,0,1,0,0,0,1,2,0
tid_2619,0,0.2,0.2,0,0,0,1,0,1,0,0
tid_2620,1,1.1,1.1,1,0,1,1,2,1,0,3
tid_2621,1,1.1,1.1,1,0,1,1,2,1,0,3
tid_2644,1,1.1,1.1,1,2,2,1,2,1,3,3
tid_2646,1,1.1,1.1,1,2,2,1,3,1,3,3
tid_2647,1,1.1,1.1,0,0,2,1,2,1,0,3
tid_2648,1,1.1,1.1,1,0,2,1,2,1,0,3
tid_2649,1,1.1,1.1,1,2,2,1,2,1,3,3
tid_2651,2,2,2,1,2,2,1,3,1,3,4
tid_2652,1,1.1,1.1,1,0,2,1,2,1,0,3
tid_269,1,1.1,1.1,1,2,2,1,2,1,3,3
tid_27,1,1.1,1.1,1,2,2,1,2,1,3,3
tid_270,0,0.1,0.1,0,0,0,0,1,0,2,0
tid_271,0,0.1,0.1,0,1,0,0,0,0,2,0
tid_2710,0,0.2,0.2,0,0,0,1,0,1,0,0
tid_272,0,0.1,0.1,0,0,1,0,1,0,0,1
tid_273,0,0.2,0.1,0,0,1,0,2,1,0,1
tid_274,0,0.1,0.1,0,0,0,0,1,0,0,0
tid_275,0,0.2,0.1,0,1,0,0,0,1,2,1
tid_276,0,0.1,0.1,0,3,1,0,1,0,2,1
tid_277,0,0.1,0.1,0,1,1,0,1,0,2,1
tid_278,1,1.1,1.1,1,0,2,1,2,1,0,3
tid_279,0,0.1,0.1,0,1,1,0,0,0,2,1
tid_28,1,1.1,1.1,1,2,2,1,2,1,0,3
tid_280,0,0.1,0.1,0,1,0,0,0,0,2,0
tid_2808,1,1.1,1.1,1,2,2,1,2,1,3,3
tid_2809,1,1.1,1.1,1,0,1,1,2,1,0,3
tid_281,0,0.1,0.1,0,1,1,0,0,0,2,1
tid_2813,0,0.2,0.2,0,0,0,0,0,1,0,0
tid_2814,1,1.1,1.1,1,2,2,1,2,1,3,3
tid_282,0,0.1,0.1,0,1,1,0,1,0,2,1
tid_283,0,0.1,0.1,0,0,1,0,1,0,0,1
tid_284,0,0.1,0.1,0,0,1,0,0,0,2,1
tid_285,0,0.1,0.1,0,1,0,0,0,0,1,0
tid_287,0,0.1,0.1,0,1,0,0,0,0,1,0
tid_2872,0,0.1,0.2,0,3,1,0,0,0,2,1
tid_2876,2,2,2,1,2,2,1,3,1,3,4
tid_2879,0,0.1,0.1,0,0,2,0,1,0,0,1
tid_288,0,0.2,0.1,0,1,0,0,0,0,1,0
tid_2880,0,0.1,0.2,0,0,1,0,1,0,0,1
tid_2881,2,2,2,1,2,2,1,3,1,3,4
tid_2882,0,0.1,0.1,0,0,2,0,1,0,0,0
tid_2883,0,0.2,0.2,0,0,0,0,0,1,0,0
tid_2884,1,1.1,1.1,0,0,0,1,2,1,0,3
tid_2885,0,0.2,0.2,0,0,1,1,2,1,0,1
tid_2886,0,0.1,0.1,0,0,1,0,1,0,2,1
tid_2887,1,1.1,1.1,1,2,2,1,2,1,3,3
tid_289,0,0.1,0.1,0,1,0,0,0,0,1,0
tid_29,1,1.1,1.1,1,2,2,1,2,1,3,3
tid_290,0,0.1,0.1,0,1,0,0,0,0,1,0
tid_292,0,0.1,0.1,0,1,0,0,0,0,1,0
tid_293,0,0.2,0.1,0,1,0,0,0,1,1,0
tid_294,0,0.1,0.1,0,1,0,0,0,0,1,0
tid_295,0,0.1,0.1,0,1,0,0,0,0,1,0
tid_296,0,0.1,0.2,0,1,0,0,0,0,1,0
tid_297,0,0.2,0.2,0,1,0,0,0,1,1,0
tid_298,0,0.1,0.1,0,1,0,0,0,0,1,0
tid_3,0,0.2,0.1,0,1,0,0,0,0,2,0
tid_30,0,0.1,0.1,0,3,1,0,1,0,4,1
tid_300,0,0.1,0.2,0,1,0,0,0,0,1,0
tid_3005,1,1.1,1.1,0,0,0,1,2,1,0,3
tid_3007,0,0.2,0.2,0,0,0,0,0,1,0,0
tid_3009,1,1.1,1.1,1,2,2,1,2,1,3,3
tid_301,1,1.1,1.1,0,0,1,1,2,1,0,3
tid_3011,1,1.1,1.1,1,0,1,1,2,1,0,3
tid_3012,0,0.1,0.1,0,1,0,0,1,0,1,0
tid_3013,1,1.1,1.1,1,2,2,1,2,1,3,3
tid_302,0,0.1,0.1,0,1,0,0,0,0,1,0
tid_303,0,0.2,0.2,0,0,0,0,0,1,0,0
tid_304,0,0.1,0.1,0,1,0,0,0,0,1,0
tid_305,0,0.1,0.1,0,1,0,0,0,0,1,0
tid_306,0,0.1,0.2,0,1,0,0,0,0,1,0
tid_307,0,0.1,0.1,0,1,0,0,0,1,1,0
tid_308,0,0.1,0.1,0,1,0,0,0,0,1,0
tid_309,1,1.1,1.1,0,3,1,1,2,1,4,2
tid_31,0,0.1,0.1,0,0,1,0,2,0,0,1
tid_312,0,0.2,0.2,0,0,1,1,1,1,0,1
tid_314,1,1.2,1.1,0,3,1,1,1,1,4,2
tid_316,1,1.2,1.1,0,3,1,1,1,1,4,2
tid_317,1,1.2,1.1,0,3,1,1,1,1,4,2
tid_318,1,1.2,1.1,0,3,1,1,1,1,4,2
tid_319,1,1.2,1.1,0,3,1,1,1,1,4,2
tid_32,0,0.1,0.1,0,0,1,0,1,0,0,1
tid_320,1,1.1,1.1,0,3,1,1,1,1,4,2
tid_321,0,0.1,0.1,0,3,1,0,1,0,4,1
tid_323,0,0.1,0.2,0,3,1,0,1,0,4,1
tid_324,1,1.1,1.1,0,3,1,1,1,1,4,2
tid_325,0,0.2,0.2,0,3,1,1,1,1,0,1
tid_326,1,1.2,1.1,0,3,1,1,1,1,4,2
tid_327,0,0.2,0.1,0,0,1,0,1,1,2,1
tid_329,1,1.2,1.1,0,3,1,1,1,1,4,2
tid_33,0,0.1,0.1,0,0,1,0,2,0,0,1
tid_330,0,0.2,0.1,0,3,1,1,1,1,4,1
tid_331,1,1.2,1.1,0,3,1,1,1,1,4,2
tid_332,0,0.2,0.2,0,3,1,1,1,1,4,1
tid_333,0,0.2,0.2,0,0,1,0,1,1,0,1
tid_334,1,1.2,1.1,0,3,1,1,1,1,4,2
tid_335,1,1.2,1.1,0,3,1,1,1,1,4,2
tid_336,1,1.2,1.1,0,3,1,1,1,1,4,2
tid_337,1,1.2,1.1,0,3,1,1,1,1,4,2
tid_338,1,1.2,1.1,0,3,1,1,1,1,4,2
tid_339,1,1.2,1.1,0,3,1,1,1,1,4,2
tid_34,0,0.1,0.1,0,0,1,0,2,0,0,1
tid_340,1,1.2,1.1,0,3,1,1,1,1,4,2
tid_341,1,1.2,1.1,0,3,1,1,1,1,4,2
tid_342,0,0.2,0.1,0,3,1,0,1,1,4,1
tid_343,1,1.2,1.1,0,3,1,1,1,1,4,2
tid_345,1,1.1,1.1,1,2,2,1,3,1,3,3
tid_346,1,1.1,1.1,1,2,2,1,3,1,3,3
tid_347,1,1.1,1.1,0,2,2,1,3,1,3,3
tid_348,1,1.1,1.1,0,2,2,1,3,1,3,3
tid_349,1,1.1,1.1,0,2,2,1,2,1,3,3
tid_35,1,1.1,1.1,1,0,2,1,2,0,0,3
tid_351,1,1.1,1.1,1,2,2,1,2,1,3,3
tid_352,1,1.1,1.1,0,2,2,1,3,1,3,3
tid_354,1,1.1,1.1,1,2,2,1,3,1,3,3
tid_355,1,1.1,1.1,1,2,2,1,2,1,3,3
tid_356,0,0.1,0.2,0,0,1,0,2,0,0,1
tid_357,1,1.1,1.1,0,0,1,1,2,0,0,3
tid_358,0,0.1,0.1,0,0,1,0,1,0,0,1
tid_359,0,0.1,0.1,0,0,1,0,1,0,0,1
tid_36,0,0.1,0.1,0,0,1,0,2,0,0,1
tid_360,0,0.1,0.1,0,1,0,0,1,0,2,0
tid_361,0,0.1,0.1,0,0,1,0,2,0,0,1
tid_362,1,1.1,1.1,1,2,2,1,2,1,3,3
tid_363,0,0.1,0.1,0,0,1,0,2,0,0,1
tid_364,0,0.1,0.1,0,0,1,0,2,0,0,1
tid_365,0,0.1,0.1,0,0,1,0,1,0,0,1
tid_366,0,0.1,0.1,0,0,1,0,2,0,0,1
tid_367,0,0.1,0.1,0,0,1,0,2,0,0,1
tid_368,1,1.1,1.1,1,0,1,1,2,1,0,3
tid_369,0,0.1,0.2,0,0,1,0,2,0,0,1
tid_37,0,0.1,0.1,0,0,1,0,2,0,0,1
tid_370,1,1.1,1.1,0,0,2,1,1,0,0,3
tid_371,1,1.1,1.1,1,0,2,1,2,1,0,3
tid_372,0,0.1,0.1,0,0,1,0,2,0,0,1
tid_373,1,1.1,1.1,1,2,2,1,2,1,3,3
tid_374,1,1.1,1.1,0,0,1,1,2,1,0,3
tid_375,1,1.1,1.1,1,0,2,1,2,1,0,3
tid_376,0,0.1,0.1,0,1,1,0,1,0,2,1
tid_377,0,0.1,0.1,0,1,0,0,0,0,1,0
tid_378,0,0.1,0.1,0,0,1,0,2,0,0,1
tid_379,1,1.1,1.1,1,2,2,1,2,1,3,3
tid_38,1,1.1,1.1,1,0,2,1,2,1,0,3
tid_380,1,1.1,1.1,1,0,1,1,2,1,0,3
tid_381,0,0.1,0.1,0,0,1,0,2,0,0,1
tid_382,0,0.1,0.1,0,0,1,0,1,0,0,1
tid_383,0,0.1,0.1,0,0,1,0,2,0,0,1
tid_384,0,0.1,0.1,0,0,1,0,2,0,0,1
tid_385,1,1.1,1.1,1,2,2,1,2,1,3,3
tid_386,0,0.1,0.1,0,0,1,0,1,0,0,1
tid_387,0,0.2,0.2,0,0,1,0,2,1,0,1
tid_388,1,1.1,1.1,1,0,2,1,2,2,0,3
tid_39,1,1.1,1.1,0,0,2,1,2,0,0,3
tid_390,0,0.1,0.1,0,0,1,0,2,0,0,1
tid_391,0,0.1,0.1,0,0,1,0,1,0,0,1
tid_392,0,0.1,0.2,0,1,0,0,0,0,1,0
tid_393,0,0.1,0.1,0,0,0,0,1,0,0,0
tid_395,0,0.1,0.1,0,0,1,0,2,0,0,1
tid_396,0,0.1,0.1,0,0,1,0,2,0,0,1
tid_397,1,1.1,1.1,0,0,1,1,2,1,0,3
tid_398,0,0.1,0.1,0,0,1,0,1,0,2,1
tid_4,1,1.1,1.1,1,0,2,1,2,1,0,3
tid_40,1,1.1,1.1,1,0,1,1,2,1,0,3
tid_401,2,2,2,0,0,1,2,1,2,0,4
tid_402,0,0.2,0.1,0,0,1,1,1,1,0,1
tid_403,0,0.2,0.1,0,0,1,1,1,1,0,1
tid_404,0,0.2,0.2,0,0,0,1,1,2,0,0
tid_405,0,0.2,0.2,0,0,2,1,1,1,0,1
tid_408,0,0.1,0.2,0,1,0,0,0,0,2,1
tid_41,0,0.1,0.1,0,0,1,0,2,0,0,1
tid_410,0,0.2,0.2,0,0,1,0,1,1,0,1
tid_413,0,0.2,0.2,0,0,1,1,1,1,2,1
tid_414,1,1.1,1.1,0,0,2,1,2,1,0,3
tid_416,0,0.2,0.2,0,0,1,1,1,1,0,1
tid_418,1,1.1,1.1,1,2,2,1,2,1,3,3
tid_419,1,1.1,1.1,1,0,2,1,2,1,0,3
tid_42,1,1.1,1.1,1,0,2,1,2,1,0,3
tid_420,1,1.1,1.1,1,0,1,1,2,1,0,3
tid_421,1,1.1,1.1,0,0,1,1,2,1,0,3
tid_422,1,1.1,1.1,1,0,1,1,2,1,0,3
tid_423,0,0.1,0.2,0,0,1,0,2,0,0,1
tid_424,0,0.1,0.1,0,0,1,0,1,0,0,1
tid_425,0,0.1,0.1,0,0,1,0,1,0,0,1
tid_428,0,0.1,0.1,0,1,0,0,1,0,1,0
tid_429,0,0.1,0.1,0,1,1,0,1,0,0,1
tid_43,0,0.1,0.1,0,0,1,0,1,0,0,1
tid_430,1,1.1,1.1,1,2,2,1,2,1,3,3
tid_431,0,0.1,0.1,0,0,1,0,1,0,0,1
tid_432,0,0.1,0.1,0,1,0,0,1,0,2,0
tid_433,0,0.1,0.1,0,1,1,0,1,0,1,1
tid_434,0,0.1,0.2,0,0,1,0,1,0,0,1
tid_435,0,0.1,0.2,0,0,1,0,1,0,0,1
tid_436,0,0.1,0.1,0,0,1,0,1,0,0,1
tid_437,0,0.1,0.1,0,1,1,0,1,0,2,1
tid_438,0,0.1,0.2,0,0,1,0,1,0,0,1
tid_44,1,1.1,1.1,1,0,1,1,2,1,0,3
tid_440,0,0.2,0.2,0,0,1,0,1,1,0,1
tid_441,0,0.1,0.2,0,1,1,0,1,0,1,1
tid_442,0,0.1,0.2,0,0,1,0,1,0,0,1
tid_443,0,0.1,0.2,0,0,1,0,1,0,0,1
tid_444,0,0.1,0.1,0,0,1,0,1,0,0,1
tid_445,0,0.1,0.2,0,1,1,0,1,0,2,1
tid_446,0,0.1,0.2,0,0,1,0,1,0,0,1
tid_447,0,0.1,0.1,0,1,0,0,1,0,1,1
tid_448,1,1.1,1.1,1,0,2,1,2,1,0,3
tid_449,0,0.1,0.1,0,1,0,0,0,0,2,0
tid_45,0,0.1,0.1,0,0,1,0,2,0,0,1
tid_450,0,0.2,0.1,0,0,0,0,1,0,0,1
tid_451,0,0.1,0.1,0,1,0,0,0,0,2,0
tid_452,1,1.1,1.1,0,0,1,1,2,1,0,3
tid_453,0,0.2,0.1,0,0,1,0,1,1,0,1
tid_455,0,0.2,0.2,0,0,1,0,1,1,0,1
tid_456,0,0.1,0.2,0,1,0,0,0,0,2,1
tid_457,0,0.1,0.2,0,1,0,0,0,0,2,1
tid_458,0,0.2,0.2,0,0,1,0,1,0,0,1
tid_459,0,0.2,0.1,0,0,1,1,1,1,0,1
tid_46,0,0.1,0.1,0,0,1,0,2,0,0,1
tid_460,0,0.2,0.1,0,0,0,0,1,1,0,1
tid_47,0,0.2,0.1,0,0,1,0,2,1,0,1
tid_478,1,1.1,1.1,1,2,2,1,2,1,3,3
tid_479,0,0.2,0.1,0,1,0,0,0,1,1,0
tid_48,0,0.1,0.1,0,0,1,0,2,0,0,1
tid_480,1,1.1,1.1,0,0,1,1,2,1,0,3
tid_481,1,1.1,1.1,1,0,2,1,2,1,0,3
tid_482,0,0.2,0.2,0,1,0,0,1,1,1,0
tid_484,0,0.1,0.1,0,0,1,0,2,0,0,1
tid_485,0,0.1,0.1,0,0,2,0,2,0,0,1
tid_486,0,0.1,0.1,0,0,1,0,2,0,0,1
tid_487,0,0.1,0.1,0,0,1,0,2,0,0,1
tid_489,0,0.1,0.1,0,1,0,0,1,0,2,0
tid_49,1,1.1,1.1,0,0,1,1,2,0,0,3
tid_490,0,0.1,0.1,0,0,1,0,2,0,0,1
tid_491,0,0.1,0.1,0,0,1,0,2,0,0,1
tid_492,1,1.1,1.1,1,0,1,1,2,0,0,3
tid_493,0,0.1,0.1,0,1,0,0,1,0,2,0
tid_494,0,0.1,0.1,0,0,1,0,1,0,0,1
tid_495,0,0.1,0.1,0,1,0,0,0,0,1,0
tid_496,0,0.1,0.1,0,0,1,0,1,0,0,1
tid_497,0,0.1,0.2,0,0,1,0,1,0,0,1
tid_498,1,1.1,1.1,1,0,1,1,2,1,0,3
tid_499,0,0.1,0.1,0,0,1,0,2,0,0,1
tid_5,0,0.1,0.2,0,0,0,0,0,0,1,0
tid_50,1,1.1,1.1,0,0,2,1,2,0,0,3
tid_501,0,0.1,0.1,0,0,1,0,1,0,0,1
tid_502,0,0.1,0.1,0,0,1,0,2,0,0,1
tid_503,0,0.1,0.1,0,0,1,0,1,0,0,1
tid_504,1,1.1,1.1,1,2,2,1,2,1,3,3
tid_505,0,0.2,0.2,0,0,1,0,1,1,0,1
tid_506,1,1.1,1.1,0,0,2,1,2,1,0,3
tid_507,1,1.1,1.1,1,0,2,1,2,1,0,3
tid_508,1,1.1,1.1,0,0,1,1,1,1,0,3
tid_509,1,1.1,1.1,1,0,1,1,2,1,0,3
tid_51,1,1.1,1.1,1,0,1,1,2,1,0,3
tid_510,1,1.1,1.1,1,0,1,1,2,1,0,3
tid_511,0,0.2,0.2,0,0,0,0,1,1,0,1
tid_512,0,0.2,0.2,0,1,0,0,0,1,1,0
tid_515,0,0.2,0.2,0,0,1,1,1,1,0,1
tid_516,0,0.2,0.1,0,1,0,0,0,1,1,0
tid_517,0,0.2,0.2,0,0,1,0,2,1,0,1
tid_518,0,0.2,0.2,0,1,0,0,1,1,2,0
tid_519,0,0.2,0.1,0,1,1,0,1,1,1,1
tid_52,0,0.1,0.1,0,0,1,0,1,0,0,1
tid_520,0,0.1,0.2,0,1,0,0,0,0,1,0
tid_521,0,0.1,0.2,0,1,0,0,0,3,1,0
tid_522,0,0.1,0.2,0,1,0,0,0,1,2,0
tid_523,0,0.2,0.2,0,1,0,0,0,1,1,0
tid_524,0,0.2,0.1,0,0,1,0,1,0,0,1
tid_525,0,0.2,0.1,0,1,0,0,1,1,1,1
tid_527,0,0.1,0.2,0,1,0,0,1,0,2,1
tid_528,0,0.1,0.2,0,1,1,0,1,0,2,1
tid_529,0,0.2,0.2,0,0,1,0,2,1,0,1
tid_53,1,1.1,1.1,0,0,2,1,2,0,0,3
tid_530,0,0.2,0.2,0,0,0,0,1,1,0,1
tid_531,0,0.1,0.2,0,1,1,0,1,0,2,1
tid_532,0,0.2,0.1,0,1,1,0,1,1,2,1
tid_533,0,0.2,0.2,0,1,0,0,1,1,1,1
tid_534,0,0.2,0.1,0,1,0,0,1,1,1,0
tid_535,0,0.2,0.1,0,0,1,0,1,1,0,1
tid_536,0,0.2,0.2,0,1,0,0,1,1,1,1
tid_537,0,0.1,0.2,0,1,1,0,1,0,2,1
tid_538,0,0.1,0.1,0,1,0,0,0,0,2,0
tid_539,0,0.1,0.2,0,0,1,0,1,0,0,1
tid_54,1,1.1,1.1,0,0,1,1,2,1,0,3
tid_540,0,0.2,0.2,0,1,0,0,1,1,0,0
tid_541,0,0.2,0.2,0,1,0,0,1,1,1,0
tid_542,0,0.1,0.1,0,3,1,0,1,0,2,1
tid_543,0,0.1,0.2,0,0,1,0,1,0,0,1
tid_544,0,0.2,0.1,0,1,0,0,0,1,2,0
tid_545,0,0.2,0.1,0,0,1,0,1,1,0,1
tid_546,0,0.1,0.2,0,1,0,0,0,0,1,0
tid_547,0,0.2,0.2,0,1,0,0,0,1,1,0
tid_548,0,0.1,0.1,0,1,0,0,1,0,1,1
tid_549,0,0.2,0.2,0,1,0,0,1,1,1,1
tid_55,1,1.1,1.1,0,0,1,1,2,1,0,3
tid_550,0,0.2,0.2,0,0,1,0,1,1,0,1
tid_552,0,0.1,0.2,0,1,0,0,1,0,1,1
tid_553,0,0.2,0.1,0,1,0,0,0,1,1,0
tid_554,0,0.2,0.2,0,1,1,0,1,1,2,1
tid_555,0,0.2,0.2,0,1,0,0,0,1,1,0
tid_556,0,0.1,0.2,0,3,1,0,1,0,4,1
tid_557,0,0.2,0.1,0,1,1,0,1,1,2,1
tid_558,0,0.2,0.1,0,1,0,0,1,1,1,1
tid_559,0,0.2,0.2,0,0,1,0,1,1,0,1
tid_56,0,0.1,0.1,0,0,1,0,2,0,0,1
tid_560,0,0.1,0.1,0,1,1,0,1,3,1,1
tid_561,0,0.1,0.2,0,1,1,0,1,1,0,1
tid_562,0,0.2,0.1,0,1,0,0,0,1,1,0
tid_563,0,0.1,0.1,0,1,0,0,0,0,1,0
tid_564,0,0.2,0.1,0,1,0,0,1,1,1,1
tid_565,0,0.1,0.1,0,1,0,0,0,0,1,0
tid_566,0,0.2,0.1,0,1,0,0,1,1,1,0
tid_567,0,0.2,0.1,0,1,0,0,1,1,2,1
tid_568,0,0.2,0.2,0,0,1,0,1,1,0,1
tid_569,0,0.1,0.1,0,1,0,0,0,2,1,0
tid_57,1,1.1,1.1,1,0,2,1,2,1,0,3
tid_570,0,0.2,0.1,0,1,0,0,0,1,1,0
tid_571,0,0.2,0.2,0,1,0,0,1,2,1,0
tid_572,0,0.1,0.1,0,1,0,0,0,0,2,0
tid_574,0,0.2,0.1,0,0,0,0,1,0,0,0
tid_578,1,1.1,1.1,0,0,2,1,2,1,0,3
tid_579,1,1.1,1.1,0,0,1,1,2,1,0,3
tid_58,0,0.1,0.1,0,0,1,0,1,0,0,1
tid_580,0,0.1,0.2,0,3,1,0,1,0,4,1
tid_581,1,1.1,1.1,0,0,1,1,2,0,0,3
tid_582,1,1.1,1.1,0,3,1,1,1,1,4,2
tid_583,0,0.2,0.1,0,3,1,0,1,1,4,1
tid_584,0,0.1,0.1,0,0,1,0,1,0,0,1
tid_585,0,0.2,0.1,0,1,1,0,1,1,2,1
tid_586,0,0.2,0.1,0,0,1,0,2,1,0,1
tid_587,1,1.1,1.1,0,2,2,1,2,1,3,3
tid_588,0,0.2,0.1,0,3,1,0,1,1,4,1
tid_589,0,0.2,0.2,0,0,1,0,2,1,0,1
tid_59,1,1.1,1.1,0,0,1,1,2,0,0,3
tid_591,0,0.2,0.1,0,0,1,0,1,1,0,1
tid_592,0,0.1,0.2,0,0,1,0,2,0,0,1
tid_593,0,0.2,0.2,0,0,1,0,2,1,0,1
tid_594,0,0.2,0.2,0,0,1,0,1,1,0,1
tid_595,0,0.2,0.1,0,0,1,0,1,1,0,1
tid_598,0,0.1,0.1,0,0,1,0,2,0,0,1
tid_599,0,0.2,0.1,0,0,1,0,1,1,0,1
tid_6,1,1.1,1.1,1,0,2,1,2,1,0,3
tid_60,1,1.1,1.1,0,0,1,1,2,0,0,3
tid_600,0,0.2,0.1,0,0,1,0,1,0,0,1
tid_601,0,0.1,0.1,0,0,1,0,2,0,0,1
tid_602,0,0.2,0.1,0,3,1,0,1,1,4,1
tid_603,0,0.1,0.1,0,0,1,0,1,0,0,1
tid_604,0,0.2,0.2,0,0,1,0,2,0,0,1
tid_605,0,0.2,0.2,0,0,1,0,2,0,0,1
tid_606,0,0.2,0.2,0,0,1,0,2,0,0,1
tid_607,0,0.2,0.2,0,0,1,0,2,1,0,1
tid_608,1,1.1,1.1,1,2,2,1,2,1,3,3
tid_61,0,0.1,0.1,0,0,1,0,2,0,0,1
tid_612,1,1.1,1.1,1,0,1,1,2,1,0,3
tid_613,0,0.1,0.2,0,0,1,0,0,1,2,1
tid_614,0,0.2,0.2,0,3,1,1,1,1,4,1
tid_615,0,0.2,0.2,0,3,1,1,1,1,4,1
tid_616,0,0.2,0.2,0,3,1,1,1,1,4,1
tid_618,0,0.2,0.2,0,3,1,1,1,1,4,1
tid_619,0,0.2,0.2,0,3,1,1,1,1,4,1
tid_62,1,1.1,1.1,0,0,1,1,2,1,0,3
tid_621,2,2,2,0,3,1,2,1,3,4,4
tid_63,0,0.1,0.1,0,0,1,0,2,0,0,1
tid_65,0,0.1,0.1,0,0,1,0,1,0,0,1
tid_66,1,1.1,1.1,1,2,2,1,2,1,3,3
tid_666,1,1.1,1.1,1,2,2,1,2,1,3,3
tid_667,1,1.1,1.1,0,0,1,1,1,1,0,3
tid_668,0,0.1,0.1,0,1,0,0,0,0,1,0
tid_669,0,0.1,0.1,0,1,0,0,1,0,2,0
tid_67,1,1.1,1.1,0,0,1,1,2,1,0,3
tid_670,0,0.2,0.2,0,0,0,1,1,1,0,0
tid_671,0,0.1,0.1,0,0,0,0,1,0,0,0
tid_674,1,1.1,1.1,0,0,1,1,1,1,0,3
tid_675,0,0.2,0.2,0,0,0,0,1,1,0,1
tid_676,1,1.1,1.1,1,0,2,1,2,1,0,3
tid_677,0,0.2,0.2,0,0,0,0,1,1,0,1
tid_678,0,0.1,0.1,0,0,1,0,1,0,0,1
tid_679,1,1.1,1.1,1,0,1,1,2,1,0,3
tid_68,0,0.1,0.1,0,0,1,0,2,0,0,1
tid_680,0,0.2,0.2,0,0,0,1,1,1,0,0
tid_683,0,0.1,0.1,0,1,0,0,0,0,1,0
tid_685,0,0.2,0.1,0,0,0,0,0,1,0,0
tid_686,1,1.1,1.1,1,0,1,1,2,1,0,3
tid_687,0,0.1,0.1,0,1,0,0,0,0,1,0
tid_689,0,0.1,0.2,0,0,0,0,1,0,0,0
tid_69,0,0.1,0.1,0,2,2,0,2,0,3,1
tid_690,0,0.1,0.2,0,1,1,0,1,0,1,1
tid_691,0,0.1,0.1,0,1,0,0,0,0,1,0
tid_692,0,0.2,0.1,0,0,0,0,0,0,1,0
tid_693,1,1.1,1.1,1,0,2,1,2,1,0,3
tid_694,0,0.1,0.1,0,1,0,0,0,1,2,0
tid_695,0,0.2,0.2,0,1,0,0,0,1,1,0
tid_696,0,0.1,0.1,0,0,1,0,2,0,0,1
tid_697,0,0.1,0.1,0,1,0,0,0,0,2,0
tid_698,0,0.1,0.1,0,1,0,0,0,0,1,0
tid_699,0,0.1,0.1,0,1,0,0,0,0,1,0
tid_7,1,1.1,1.1,1,2,2,1,2,1,3,3
tid_70,0,0.1,0.1,0,1,0,0,1,0,2,1
tid_701,0,0.2,0.1,0,1,0,0,0,1,1,0
tid_702,0,0.2,0.2,0,1,0,0,0,1,2,0
tid_703,0,0.1,0.1,0,1,0,0,0,0,2,0
tid_704,0,0.1,0.2,0,1,0,0,1,0,2,1
tid_705,0,0.2,0.1,0,1,0,0,0,1,1,0
tid_706,0,0.1,0.1,0,1,0,0,0,0,1,0
tid_708,2,2,2,0,3,1,2,1,3,4,4
tid_71,1,1.1,1.1,0,0,1,1,2,0,0,3
tid_710,0,0.2,0.1,0,1,0,0,0,1,2,0
tid_711,0,0.2,0.2,0,1,0,0,1,1,1,1
tid_712,0,0.1,0.1,0,1,0,0,0,0,1,0
tid_713,0,0.1,0.1,0,1,0,0,0,0,1,0
tid_714,0,0.1,0.1,0,1,0,0,1,0,2,0
tid_715,0,0.1,0.1,0,1,0,0,0,0,2,0
tid_716,0,0.2,0.2,0,0,2,1,1,1,0,1
tid_717,0,0.1,0.2,0,1,0,0,1,0,2,1
tid_718,0,0.1,0.1,0,3,1,0,1,0,2,1
tid_719,0,0.2,0.1,0,1,0,0,0,1,1,0
tid_72,0,0.1,0.1,0,0,1,0,2,0,0,1
tid_720,0,0.2,0.2,0,3,1,1,1,1,4,1
tid_721,0,0.2,0.2,0,1,0,0,0,1,1,0
tid_722,0,0.2,0.2,0,0,0,0,1,1,0,1
tid_723,0,0.1,0.1,0,1,0,0,0,1,2,0
tid_725,0,0.2,0.2,0,0,1,0,1,1,0,1
tid_726,1,1.2,1.1,0,3,1,1,1,1,4,2
tid_727,1,1.1,1.1,1,2,2,1,2,1,3,3
tid_73,1,1.1,1.1,1,2,2,1,2,1,3,3
tid_731,1,1.1,1.1,1,0,1,1,2,1,0,3
tid_734,0,0.1,0.2,0,1,0,0,0,0,2,0
tid_735,1,1.1,1.1,0,0,1,0,2,0,0,3
tid_736,0,0.1,0.1,0,3,1,0,0,0,2,1
tid_737,0,0.1,0.1,0,0,1,0,1,0,0,1
tid_738,0,0.1,0.2,0,0,1,0,1,0,0,1
tid_739,0,0.1,0.1,0,1,0,0,0,0,2,1
tid_74,0,0.1,0.1,0,0,1,0,2,1,0,1
tid_741,0,0.1,0.2,0,0,1,0,1,0,0,1
tid_742,0,0.1,0.2,0,0,1,0,1,0,0,1
tid_743,0,0.1,0.1,0,1,0,0,0,0,2,0
tid_744,0,0.1,0.1,0,0,1,0,1,0,0,1
tid_745,0,0.1,0.1,0,1,0,0,0,0,2,0
tid_746,0,0.1,0.1,0,1,1,0,1,0,2,1
tid_747,0,0.1,0.2,0,1,0,0,1,0,2,0
tid_748,1,1.1,1.1,1,0,1,1,2,1,0,3
tid_749,0,0.1,0.2,0,1,1,0,1,0,0,1
tid_75,1,1.1,1.1,1,0,1,1,2,1,0,3
tid_751,0,0.1,0.2,0,1,0,0,1,0,2,0
tid_752,0,0.1,0.2,0,1,1,0,1,0,2,1
tid_753,0,0.1,0.1,0,1,1,0,1,0,2,1
tid_754,1,1.1,1.1,0,0,1,1,2,0,0,3
tid_755,0,0.1,0.2,0,1,0,0,0,0,2,1
tid_756,0,0.1,0.1,0,0,1,0,1,0,0,1
tid_757,1,1.1,1.1,1,0,2,1,2,1,0,3
tid_758,0,0.1,0.1,0,0,1,0,1,0,0,1
tid_76,1,1.1,1.1,1,2,2,1,2,1,3,3
tid_760,0,0.1,0.1,0,1,0,0,0,0,1,0
tid_761,0,0.1,0.1,0,1,1,0,1,0,1,1
tid_763,1,1.1,1.1,1,0,1,1,2,1,0,3
tid_764,0,0.1,0.1,0,1,1,0,0,0,2,1
tid_765,0,0.1,0.1,0,1,0,0,0,0,2,0
tid_766,1,1.1,1.1,0,0,1,1,2,1,0,3
tid_767,0,0.2,0.2,0,0,1,0,1,1,0,1
tid_769,0,0.1,0.1,0,1,0,0,0,0,1,0
tid_77,1,1.1,1.1,1,2,2,1,2,1,3,3
tid_770,0,0.1,0.1,0,1,1,0,1,0,2,1
tid_771,0,0.1,0.1,0,0,1,0,1,0,2,1
tid_773,0,0.1,0.1,0,3,1,0,0,0,2,1
tid_774,0,0.1,0.1,0,1,1,0,1,0,2,1
tid_775,1,1.1,1.1,1,2,2,1,2,1,3,3
tid_776,1,1.1,1.1,1,0,1,1,2,1,0,3
tid_777,1,1.1,1.1,1,2,2,1,2,1,0,3
tid_778,1,1.1,1.1,1,0,1,1,2,1,0,3
tid_779,0,0.1,0.1,0,0,1,0,1,0,0,1
tid_78,0,0.1,0.1,0,0,1,0,1,0,0,1
tid_780,0,0.1,0.2,0,0,1,0,1,0,0,1
tid_781,0,0.2,0.1,0,0,1,0,1,1,0,1
tid_782,1,1.1,1.1,1,2,2,1,2,1,3,3
tid_783,0,0.1,0.1,0,0,1,0,1,0,0,1
tid_784,0,0.2,0.1,0,0,1,0,1,1,0,1
tid_785,1,1.1,1.1,1,2,2,1,2,1,3,3
tid_787,0,0.2,0.2,0,3,1,0,1,1,4,1
tid_788,1,1.1,1.1,0,3,1,1,1,1,0,3
tid_789,0,0.2,0.1,0,0,1,0,2,1,0,1
tid_79,1,1.1,1.1,0,0,1,1,2,2,0,3
tid_790,0,0.2,0.1,0,0,1,0,2,1,0,1
tid_791,0,0.2,0.2,0,3,1,1,1,1,4,1
tid_792,0,0.2,0.1,0,3,1,0,1,1,0,1
tid_793,0,0.1,0.1,0,3,1,0,1,0,4,1
tid_794,1,1.1,1.1,1,0,1,1,2,1,0,3
tid_795,0,0.1,0.1,0,3,1,0,1,0,4,1
tid_796,1,1.1,1.1,0,3,1,1,1,1,4,2
tid_797,0,0.1,0.1,0,3,1,0,1,0,4,1
tid_798,0,0.1,0.1,0,0,1,0,1,0,0,1
tid_799,0,0.1,0.2,0,3,1,0,1,0,2,1
tid_8,1,1.1,1.1,1,0,2,1,2,1,0,3
tid_80,0,0.1,0.1,0,0,1,0,2,0,0,1
tid_800,0,0.2,0.1,0,3,1,0,1,0,4,1
tid_801,0,0.2,0.1,0,3,1,1,1,1,4,1
tid_802,0,0.1,0.1,0,1,1,0,1,0,0,1
tid_803,0,0.1,0.1,0,3,1,0,1,0,0,1
tid_804,0,0.1,0.1,0,1,1,0,1,1,0,1
tid_805,0,0.2,0.1,0,3,1,0,1,1,0,1
tid_806,0,0.2,0.1,0,0,1,0,1,0,0,1
tid_807,0,0.1,0.1,0,3,1,0,1,0,4,1
tid_808,0,0.1,0.2,0,1,1,0,1,0,2,1
tid_809,2,2,2,1,2,2,1,3,1,3,4
tid_81,1,1.1,1.1,1,0,1,1,2,1,0,3
tid_810,0,0.2,0.2,0,0,0,1,0,1,1,0
tid_811,1,1.1,1.1,1,2,2,1,2,1,3,3
tid_812,2,2,2,1,2,2,1,3,1,3,4
tid_813,1,1.1,1.1,1,2,2,1,2,1,3,3
tid_814,0,0.2,0.2,0,0,0,1,0,1,1,0
tid_815,0,0.2,0.2,0,0,0,1,0,1,1,0
tid_817,0,0.2,0.2,0,1,0,0,0,1,2,0
tid_818,1,1.1,1.1,1,0,2,1,2,1,0,3
tid_819,1,1.1,1.1,1,2,2,1,2,1,3,3
tid_82,0,0.1,0.1,0,0,1,0,2,0,0,1
tid_820,1,1.1,1.1,1,0,2,1,2,1,0,3
tid_821,0,0.2,0.2,0,0,0,1,0,1,1,0
tid_822,0,0.2,0.2,0,1,0,0,0,1,1,0
tid_823,0,0.2,0.2,0,0,2,1,0,1,0,0
tid_824,2,2,2,1,2,2,1,3,1,3,4
tid_825,0,0.2,0.2,0,0,0,1,0,1,1,0
tid_826,0,0.2,0.2,0,0,0,0,0,1,1,0
tid_827,0,0.2,0.1,0,0,0,0,0,0,1,0
tid_828,0,0.2,0.2,0,1,0,0,0,1,1,0
tid_829,0,0.2,0.2,0,1,0,0,0,3,1,0
tid_83,1,1.1,1.1,1,0,1,1,2,1,0,3
tid_830,1,1.1,1.1,1,2,2,1,2,1,3,3
tid_831,0,0.1,0.2,0,1,0,0,0,0,1,0
tid_832,0,0.2,0.2,0,0,0,0,0,1,1,0
tid_833,0,0.2,0.2,0,1,0,0,0,1,1,0
tid_834,0,0.2,0.1,0,2,2,1,2,1,3,0
tid_835,0,0.2,0.2,0,0,0,0,0,1,1,0
tid_836,0,0.2,0.1,0,1,0,0,0,1,1,0
tid_838,0,0.2,0.1,0,1,0,0,0,1,1,0
tid_839,0,0.1,0.2,0,1,0,0,0,0,1,0
tid_840,0,0.1,0.1,0,0,0,0,0,0,1,0
tid_841,1,1.1,1.1,1,2,2,1,2,1,3,3
tid_842,1,1.1,1.1,1,2,2,1,2,1,3,3
tid_843,1,1.1,1.1,1,0,1,1,1,1,0,3
tid_844,0,0.1,0.1,0,3,1,0,1,0,2,1
tid_846,0,0.1,0.1,0,0,1,0,0,0,2,1
tid_847,0,0.1,0.1,0,3,1,0,1,0,2,1
tid_848,0,0.2,0.1,0,3,1,0,1,1,4,1
tid_849,0,0.1,0.2,0,1,1,0,1,0,2,1
tid_851,0,0.1,0.1,0,3,1,0,1,0,4,1
tid_852,0,0.1,0.1,0,3,1,0,1,0,4,1
tid_853,0,0.2,0.2,0,3,1,0,1,1,4,1
tid_854,1,1.2,1.1,1,3,1,1,1,1,4,2
tid_855,0,0.2,0.2,0,3,1,0,1,1,4,1
tid_856,0,0.2,0.1,0,3,1,0,1,1,2,1
tid_857,0,0.1,0.1,0,3,1,0,1,0,4,1
tid_859,1,1.2,1.1,0,3,1,1,1,1,4,2
tid_860,1,1.1,1.1,1,3,1,1,2,1,0,3
tid_870,0,0.2,0.1,0,3,1,0,1,1,4,1
tid_871,1,1.1,1.1,0,3,1,1,1,1,4,3
tid_872,1,1.1,1.1,1,2,2,1,2,1,3,3
tid_873,0,0.1,0.1,0,0,1,0,1,0,0,1
tid_874,0,0.1,0.1,0,3,1,0,1,0,2,1
tid_875,1,1.1,1.1,0,3,1,1,1,1,4,2
tid_876,1,1.1,1.1,0,3,1,1,1,1,4,2
tid_877,0,0.1,0.1,0,3,1,0,1,0,4,1
tid_878,0,0.1,0.1,0,3,1,0,1,0,0,1
tid_879,0,0.2,0.1,0,3,1,1,1,1,4,1
tid_880,2,2,2,0,3,1,2,1,3,4,4
tid_881,0,0.2,0.1,0,0,1,0,1,1,0,1
tid_882,1,1.1,1.1,0,3,1,1,1,1,4,2
tid_883,0,0.1,0.1,0,0,1,0,1,0,0,1
tid_884,0,0.2,0.1,0,3,1,0,1,1,4,1
tid_885,0,0.1,0.1,0,0,1,0,1,0,2,1
tid_886,0,0.2,0.1,0,3,1,0,1,1,4,1
tid_888,0,0.2,0.1,0,3,1,1,1,1,4,1
tid_889,0,0.1,0.1,0,3,1,0,1,0,4,1
tid_890,1,1.1,1.1,1,0,2,1,2,3,0,3
tid_891,0,0.1,0.1,0,0,1,0,1,0,2,1
tid_892,0,0.2,0.1,0,0,1,1,1,1,0,1
tid_895,0,0.1,0.1,0,1,0,0,0,0,2,0
tid_896,1,1.1,1.1,1,0,1,1,1,1,0,3
tid_897,0,0.1,0.1,0,1,0,0,0,0,2,1
tid_898,0,0.1,0.1,0,1,1,0,1,0,2,1
tid_899,0,0.1,0.1,0,0,0,0,0,0,0,0
tid_9,0,0.2,0.1,0,0,1,1,1,1,0,1
tid_900,0,0.1,0.2,0,1,0,0,0,0,2,0
tid_901,0,0.1,0.1,0,1,0,0,0,0,2,0
tid_902,0,0.1,0.1,0,1,0,0,0,0,2,1
tid_903,0,0.1,0.1,0,1,0,0,0,0,2,1
tid_904,0,0.1,0.1,0,1,0,0,1,0,2,1
tid_905,0,0.1,0.1,0,1,0,0,0,0,2,1
tid_907,0,0.1,0.1,0,3,1,0,1,0,4,1
tid_908,0,0.1,0.1,0,1,0,0,0,0,2,1
tid_909,0,0.1,0.1,0,1,0,0,0,0,2,1
tid_911,0,0.1,0.1,0,1,0,0,0,0,2,1
tid_912,0,0.2,0.1,0,0,1,1,1,1,0,1
tid_913,0,0.2,0.1,0,1,0,0,0,1,2,0
tid_914,0,0.1,0.1,0,1,0,0,0,0,2,0
tid_915,0,0.1,0.1,0,1,0,0,0,0,1,0
tid_916,0,0.1,0.1,0,3,1,0,1,0,4,1
tid_917,0,0.1,0.1,0,3,1,0,1,0,4,1
tid_918,1,1.1,1.1,1,2,2,1,2,1,3,3
tid_920,0,0.1,0.1,0,1,0,0,0,0,1,0
tid_922,0,0.1,0.1,0,1,0,0,0,0,1,0
tid_923,0,0.1,0.1,0,1,0,0,0,0,1,0
tid_924,0,0.1,0.1,0,1,0,0,0,0,1,0
tid_925,0,0.1,0.1,0,1,0,0,0,0,1,0
tid_926,0,0.1,0.2,0,1,0,0,0,0,1,0
tid_927,1,1.1,1.1,1,0,2,1,2,1,0,3
tid_928,1,1.1,1.1,1,2,2,1,2,1,3,3
tid_929,0,0.1,0.1,0,0,0,0,0,0,1,0
tid_930,0,0.1,0.1,0,1,0,0,0,0,1,0
tid_986,1,1.1,1.1,1,0,2,1,2,1,0,3
tid_987,0,0.2,0.2,0,0,0,0,1,1,0,0
tid_988,1,1.1,1.1,1,0,2,1,2,1,0,3
tid_989,1,1.1,1.1,0,0,2,1,2,1,0,3
tid_991,1,1.1,1.1,1,0,0,1,2,1,0,3
tid_992,0,0.2,0.2,0,0,0,0,1,1,0,0
tid_993,0,0.1,0.1,0,1,0,0,0,0,2,0
tid_994,0,0.1,0.1,0,1,0,0,0,0,2,0
tid_995,0,0.1,0.1,0,1,0,0,0,0,2,0
tid_996,0,0.2,0.2,0,0,0,0,0,1,0,0
tid_998,0,0.2,0.2,0,1,0,0,1,1,2,0
tid_999,0,0.1,0.1,0,1,0,0,0,0,2,0
