scope,variant,method,alpha,gamma,k,min_size,seed_ari,seed_ari_min,medoid_seed,medoid_mean_ari,raw_communities,merged_nodes,k_per_seed,oot_rerun_ari,k_2024_rerun,seed_ari_2024,ARI_kmeans4,ARI_region,in_SW,in_CH,in_S_Dbw,in_P_AVI,in_P_AVU,in_P_MQ,in_C_AVI,in_C_AVU,in_C_MQ,in_R_AVI,in_R_AVU,in_R_MQ,oot_SW,oot_CH,oot_S_Dbw,oot_P_AVI,oot_P_AVU,oot_P_MQ,oot_C_AVI,oot_C_AVU,oot_C_MQ,oot_R_AVI,oot_R_AVU,oot_R_MQ
all,leiden_a0_g0.1,leiden_consensus,0.0,0.1,2,945,0.489922,-0.000447,1730,0.574549,2,0,"[2, 2, 2, 2, 2, 2, 2, 2, 2, 2, 2, 2, 2, 2, 2, 2, 2, 2, 2, 2]",0.0,1,1.0,0.162761,0.01804,0.137659,344.854591,2.264725,0.707645,1.0,0.206911,0.942189,1.0,0.439671,0.632944,1.0,0.131605,0.176382,525.11188,1.8054,0.726789,1.0,0.226047,0.670121,1.0,0.167117,0.632944,1.0,0.131605
all,leiden_a0_g0.2,leiden_consensus,0.0,0.2,3,144,0.98649,0.966314,1735,0.989188,3,0,"[3, 3, 3, 3, 3, 3, 3, 3, 3, 3, 3, 3, 3, 3, 3, 3, 3, 3, 3, 3]",0.175981,2,0.66141,0.183734,0.022943,0.044909,260.653412,1.320495,0.652572,0.666667,0.223692,0.920531,0.666667,0.49065,0.660029,0.666667,0.179028,0.071376,383.124545,1.21196,0.645035,0.666667,0.235191,0.664712,0.666667,0.209512,0.660029,0.666667,0.179028
all,leiden_a0_g0.3,leiden_consensus,0.0,0.3,4,108,0.979263,0.9564,1736,0.983808,4,0,"[4, 4, 4, 4, 4, 4, 4, 4, 4, 4, 4, 4, 4, 4, 4, 4, 4, 4, 4, 4]",0.242486,2,0.81534,0.215976,0.027576,0.029178,226.809184,1.399717,0.605859,0.676139,0.251508,0.895464,0.537842,0.526719,0.656854,0.508109,0.209358,0.05279,325.280707,1.306244,0.580972,0.695565,0.25869,0.63848,0.531945,0.237227,0.656854,0.508109,0.209358
all,leiden_a0_g0.5,leiden_consensus,0.0,0.5,4,113,0.966384,0.907797,1731,0.977026,4,0,"[4, 4, 4, 4, 4, 4, 4, 4, 4, 4, 4, 4, 4, 4, 4, 4, 4, 4, 4, 4]",0.216257,4,0.912088,0.212096,0.028621,0.0259,220.539535,1.445247,0.599983,0.667032,0.249115,0.893297,0.540558,0.528665,0.652997,0.509099,0.212397,0.048986,315.620214,1.371057,0.576352,0.688368,0.257367,0.635539,0.533045,0.23872,0.652997,0.509099,0.212397
all,leiden_a0_g0.75,leiden_consensus,0.0,0.75,5,119,0.975452,0.952642,1736,0.980003,5,0,"[5, 5, 5, 5, 5, 5, 5, 5, 5, 5, 5, 5, 5, 5, 5, 5, 5, 5, 5, 5]",0.249624,5,0.910208,0.222724,0.03899,0.007075,164.320156,1.513856,0.506358,0.566662,0.245459,0.839494,0.495144,0.556286,0.552407,0.477258,0.225483,0.022941,231.892392,1.557226,0.476287,0.5815,0.239439,0.533864,0.482363,0.238166,0.552407,0.477258,0.225483
all,leiden_a0_g1,leiden_consensus,0.0,1.0,6,51,0.958753,0.908167,1736,0.968236,6,0,"[6, 6, 6, 6, 6, 6, 6, 6, 6, 6, 6, 6, 6, 6, 6, 6, 6, 6, 6, 6]",0.213899,6,0.755282,0.21455,0.046104,-0.019269,132.076303,,0.424275,0.488384,0.235688,0.772477,0.480654,0.562172,0.490393,0.421158,0.23354,-0.013222,186.119508,,0.404073,0.501356,0.232433,0.463542,0.437936,0.234347,0.490393,0.421158,0.23354
all,leiden_a0.25_g0.1,leiden_consensus,0.25,0.1,1,2016,1.0,1.0,1729,1.0,1,0,"[1, 1, 1, 1, 1, 1, 1, 1, 1, 1, 1, 1, 1, 1, 1, 1, 1, 1, 1, 1]",1.0,1,1.0,0.0,0.0,,,,,,,,,,,,,,,,,,,,,,,,
all,leiden_a0.25_g0.2,leiden_consensus,0.25,0.2,2,238,0.971447,0.842304,1729,0.984184,2,0,"[2, 2, 2, 2, 2, 2, 2, 2, 2, 2, 2, 2, 2, 2, 2, 2, 2, 2, 2, 2]",0.892008,2,0.915968,0.159069,0.007636,0.298002,543.984162,0.974068,0.927441,1.0,0.180362,0.930669,1.0,0.180304,0.902563,1.0,0.192492,0.335179,684.625171,0.93595,0.924395,1.0,0.178947,0.8526,1.0,0.166746,0.902563,1.0,0.192492
all,leiden_a0.25_g0.3,leiden_consensus,0.25,0.3,3,245,0.84585,0.30702,1744,0.908581,3,0,"[3, 3, 3, 3, 3, 3, 3, 2, 3, 3, 3, 3, 3, 3, 3, 3, 3, 2, 3, 3]",0.295916,2,0.846824,0.303393,0.024865,0.130549,401.895787,1.195349,0.753498,0.666667,0.320213,0.895367,0.666667,0.494176,0.638001,0.666667,0.202876,0.159865,577.094034,1.034906,0.758443,0.666667,0.328772,0.66043,0.666667,0.250778,0.638001,0.666667,0.202876
all,leiden_a0.25_g0.5,leiden_consensus,0.25,0.5,3,247,0.954083,0.853925,1744,0.969882,3,0,"[3, 3, 3, 3, 3, 3, 3, 3, 3, 3, 3, 3, 3, 3, 3, 3, 3, 3, 3, 3]",0.319515,2,0.853143,0.297225,0.025034,0.1267,393.444759,1.221606,0.748501,0.666667,0.316977,0.897318,0.666667,0.49796,0.635727,0.666667,0.201742,0.155875,563.939916,1.042302,0.753395,0.666667,0.325791,0.655705,0.666667,0.249222,0.635727,0.666667,0.201742
all,leiden_a0.25_g0.75,leiden_consensus,0.25,0.75,4,219,0.947399,0.832956,1736,0.961947,4,0,"[4, 4, 4, 4, 4, 4, 4, 4, 4, 4, 4, 4, 3, 4, 4, 4, 4, 4, 4, 4]",0.32758,4,0.912827,0.27633,0.032789,0.096091,250.41279,1.307796,0.600657,0.548943,0.299345,0.831393,0.571383,0.532084,0.529833,0.596574,0.219587,0.115977,353.791409,1.219107,0.580968,0.550829,0.292344,0.528374,0.568972,0.241946,0.529833,0.596574,0.219587
all,leiden_a0.25_g1,leiden_consensus,0.25,1.0,6,47,0.954284,0.887604,1729,0.969039,6,0,"[6, 6, 6, 6, 6, 6, 6, 6, 6, 6, 6, 6, 6, 6, 6, 6, 6, 6, 6, 6]",0.18257,7,0.686688,0.249205,0.0419,0.002443,154.544716,1.258597,0.479351,0.504201,0.276337,0.7745,0.460042,0.550805,0.515494,0.413761,0.235103,0.007674,216.362373,1.195908,0.449665,0.519726,0.263365,0.476699,0.433895,0.240197,0.515494,0.413761,0.235103
all,leiden_a0.5_g0.1,leiden_consensus,0.5,0.1,1,2016,0.494737,0.0,1730,0.578947,1,0,"[2, 1, 2, 1, 1, 2, 2, 1, 1, 1, 1, 1, 1, 2, 1, 2, 2, 1, 2, 1]",1.0,1,1.0,0.0,0.0,,,,,,,,,,,,,,,,,,,,,,,,
all,leiden_a0.5_g0.2,leiden_consensus,0.5,0.2,2,240,0.956694,0.883227,1729,0.971879,2,0,"[2, 2, 2, 2, 2, 2, 2, 2, 2, 2, 2, 2, 2, 2, 2, 2, 2, 2, 2, 2]",0.775574,2,0.909254,0.165349,0.007973,0.309373,578.88764,0.948169,0.945195,1.0,0.188811,0.920455,1.0,0.177589,0.91169,1.0,0.198478,0.346947,731.454955,0.852351,0.944722,1.0,0.188709,0.853439,1.0,0.170077,0.91169,1.0,0.198478
all,leiden_a0.5_g0.3,leiden_consensus,0.5,0.3,3,241,0.628557,0.338055,1731,0.635824,3,0,"[2, 2, 3, 2, 3, 2, 2, 2, 3, 3, 3, 3, 3, 2, 3, 2, 2, 3, 2, 3]",0.446299,2,0.868263,0.404016,0.024003,0.194221,513.451408,1.101403,0.853256,0.666667,0.413121,0.829792,0.666667,0.40766,0.656289,0.666667,0.218295,0.227727,731.2193,0.914837,0.854665,0.666667,0.413703,0.668029,0.666667,0.257095,0.656289,0.666667,0.218295
all,leiden_a0.5_g0.5,leiden_consensus,0.5,0.5,3,242,0.965749,0.878395,1730,0.976324,3,0,"[3, 3, 3, 3, 3, 3, 3, 3, 3, 3, 3, 3, 3, 3, 3, 3, 3, 3, 3, 3]",0.455591,2,0.918589,0.400725,0.024472,0.188599,506.053036,1.101596,0.850039,0.666667,0.414584,0.831085,0.666667,0.411708,0.652031,0.666667,0.214079,0.220189,719.518095,0.935541,0.848261,0.666667,0.411748,0.663602,0.666667,0.252854,0.652031,0.666667,0.214079
all,leiden_a0.5_g0.75,leiden_consensus,0.5,0.75,6,65,0.749221,0.412188,1740,0.808826,6,0,"[6, 6, 5, 5, 6, 6, 6, 5, 4, 5, 6, 6, 6, 5, 6, 5, 6, 6, 5, 5]",0.292524,5,0.595917,0.306391,0.046345,0.079214,285.274505,0.833762,0.724264,0.479483,0.501923,0.570069,0.466751,0.392087,0.512185,0.494559,0.254352,0.065887,371.661029,0.807545,0.665502,0.490062,0.451341,0.434769,0.47158,0.241489,0.512185,0.494559,0.254352
all,leiden_a0.5_g1,leiden_consensus,0.5,1.0,7,63,0.702343,0.499409,1730,0.748948,7,0,"[7, 7, 7, 9, 8, 8, 8, 7, 8, 8, 8, 7, 8, 7, 7, 7, 7, 7, 9, 8]",0.327704,6,0.62069,0.278453,0.085449,0.123556,311.79261,0.905644,0.741008,0.498543,0.597014,0.500202,0.478304,0.351924,0.475443,0.481272,0.298821,0.09515,359.663628,0.841363,0.657994,0.494528,0.502679,0.37238,0.487485,0.215554,0.475443,0.481272,0.298821
all,leiden_a0.75_g0.1,leiden_consensus,0.75,0.1,2,240,0.894495,0.0,1729,0.942364,2,0,"[2, 2, 2, 2, 2, 2, 2, 2, 2, 2, 2, 1, 2, 2, 2, 2, 2, 2, 2, 2]",0.0,1,0.554718,0.167736,0.00729,0.315953,601.698951,0.898265,0.958788,1.0,0.195154,0.898595,1.0,0.170543,0.900899,1.0,0.193677,0.353462,759.821742,0.8268,0.952208,1.0,0.192289,0.848764,1.0,0.168219,0.900899,1.0,0.193677
all,leiden_a0.75_g0.2,leiden_consensus,0.75,0.2,2,248,0.95228,0.810286,1729,0.970695,2,0,"[2, 2, 2, 2, 2, 2, 2, 2, 2, 2, 2, 2, 2, 2, 2, 2, 2, 2, 2, 2]",0.568286,2,0.897982,0.176112,0.008211,0.318865,619.853621,0.903205,0.960358,1.0,0.20074,0.891599,1.0,0.172286,0.898469,1.0,0.197565,0.356897,785.987203,0.819262,0.956117,1.0,0.198503,0.846452,1.0,0.17125,0.898469,1.0,0.197565
all,leiden_a0.75_g0.3,leiden_consensus,0.75,0.3,3,249,0.804143,0.327407,1736,0.879551,3,0,"[3, 3, 3, 3, 3, 3, 3, 3, 3, 3, 3, 3, 3, 3, 2, 3, 3, 3, 3, 2]",0.737918,2,0.945379,0.350185,0.018319,0.229291,546.265087,1.09784,0.897632,0.666667,0.400784,0.76161,0.666667,0.313326,0.633721,0.666667,0.206526,0.258587,760.088074,0.936119,0.879513,0.666667,0.386374,0.676058,0.666667,0.258438,0.633721,0.666667,0.206526
all,leiden_a0.75_g0.5,leiden_consensus,0.75,0.5,4,250,0.571322,0.351066,1733,0.624466,4,0,"[4, 4, 4, 4, 4, 4, 4, 4, 4, 4, 4, 3, 4, 4, 4, 4, 4, 4, 4, 4]",0.411765,4,0.613381,0.404422,0.047634,0.145186,464.512824,1.024611,0.868013,0.557731,0.581926,0.606069,0.553218,0.307608,0.570544,0.534211,0.271912,0.112973,579.698155,1.058016,0.789793,0.566206,0.495095,0.515019,0.56031,0.222601,0.570544,0.534211,0.271912
all,leiden_a0.75_g0.75,leiden_consensus,0.75,0.75,7,110,0.700148,0.444691,1744,0.76533,7,0,"[6, 7, 6, 7, 6, 7, 7, 6, 6, 7, 7, 7, 7, 5, 7, 7, 7, 7, 7, 5]",0.44896,6,0.700852,0.298639,0.088274,0.151424,380.646829,0.888541,0.819122,0.534827,0.662576,0.419763,0.513487,0.276527,0.431754,0.544743,0.294844,0.112817,431.028953,0.848513,0.706134,0.524027,0.53784,0.357373,0.516629,0.207385,0.431754,0.544743,0.294844
all,leiden_a0.75_g1,leiden_consensus,0.75,1.0,9,116,0.773262,0.616071,1742,0.830185,9,0,"[9, 9, 8, 9, 10, 8, 9, 9, 8, 9, 9, 10, 9, 9, 8, 9, 9, 10, 10, 9]",0.419686,10,0.624702,0.265554,0.106432,0.117077,323.518163,,0.789397,0.53398,0.678261,0.346001,0.499381,0.264887,0.370315,0.520509,0.287853,0.083593,354.502324,,0.646061,0.511852,0.535872,0.297744,0.502231,0.202789,0.370315,0.520509,0.287853
all,leiden_a1_g0.1,leiden_consensus,1.0,0.1,2,441,0.772801,0.554528,1742,0.800846,4,17,"[2, 2, 2, 2, 2, 2, 2, 2, 2, 2, 2, 2, 2, 2, 2, 2, 2, 2, 2, 2]",0.902933,2,0.821684,0.336217,0.014614,0.350961,974.78319,1.053771,0.966752,1.0,0.320129,0.802912,1.0,0.228563,0.785866,1.0,0.214407,0.400328,1317.267892,0.875105,0.9595,1.0,0.314461,0.810595,1.0,0.23581,0.785866,1.0,0.214407
all,leiden_a1_g0.2,leiden_consensus,1.0,0.2,3,256,0.610552,0.224097,1743,0.718193,5,17,"[3, 2, 3, 2, 3, 3, 3, 3, 3, 2, 3, 3, 3, 3, 3, 3, 2, 3, 3, 2]",0.815939,3,0.692777,0.37509,0.021369,0.204701,629.959649,0.93388,0.937073,0.666667,0.449186,0.69832,0.666667,0.267003,0.648562,0.666667,0.225601,0.244118,869.82173,0.879814,0.90395,0.666667,0.420682,0.653125,0.666667,0.24036,0.648562,0.666667,0.225601
all,leiden_a1_g0.3,leiden_consensus,1.0,0.3,4,256,0.574905,0.299768,1742,0.685333,6,17,"[3, 4, 4, 4, 4, 4, 4, 4, 4, 4, 4, 4, 4, 4, 4, 4, 4, 4, 3, 4]",0.365476,4,0.705321,0.421464,0.051902,0.186732,608.110818,1.005627,0.907464,0.59696,0.616708,0.550447,0.559774,0.241411,0.585522,0.549219,0.30364,0.159801,704.536984,0.831555,0.827001,0.591287,0.522083,0.515433,0.569412,0.216889,0.585522,0.549219,0.30364
all,leiden_a1_g0.5,leiden_consensus,1.0,0.5,6,209,0.611102,0.315939,1741,0.688641,9,17,"[7, 7, 7, 7, 7, 6, 7, 7, 8, 5, 8, 6, 6, 7, 6, 7, 6, 7, 7, 7]",0.450812,6,0.634067,0.298675,0.084996,0.171985,504.718455,0.782361,0.85975,0.537969,0.683251,0.399126,0.519816,0.227212,0.459159,0.512366,0.287824,0.145599,571.199131,0.76439,0.751323,0.517623,0.567345,0.374651,0.526068,0.202223,0.459159,0.512366,0.287824
all,leiden_a1_g0.75,leiden_consensus,1.0,0.75,9,65,0.641228,0.422485,1743,0.700694,12,17,"[11, 9, 8, 9, 11, 9, 10, 10, 10, 10, 11, 8, 9, 10, 9, 9, 9, 9, 9, 9]",0.395386,9,0.586676,0.262547,0.084006,0.146773,414.004853,,0.840181,0.535921,0.709577,0.32712,0.5223,0.195799,0.404642,0.542144,0.278352,0.105302,417.115694,,0.711305,0.515605,0.560706,0.30664,0.516226,0.171244,0.404642,0.542144,0.278352
all,leiden_a1_g1,leiden_consensus,1.0,1.0,13,64,0.600928,0.404853,1733,0.649327,16,17,"[12, 12, 11, 12, 13, 12, 13, 13, 13, 13, 12, 13, 11, 12, 12, 12, 12, 13, 12, 12]",0.304428,12,0.59529,0.192711,0.095799,0.107395,329.496589,,0.786318,0.525811,0.706296,0.251527,0.496368,0.183482,0.325958,0.502272,0.253459,0.061122,331.768583,,0.626974,0.503639,0.539953,0.236552,0.499226,0.162547,0.325958,0.502272,0.253459
group0,leiden_a0_g0.1,leiden_consensus,0.0,0.1,1,1391,1.0,1.0,1729,1.0,1,0,"[1, 1, 1, 1, 1, 1, 1, 1, 1, 1, 1, 1, 1, 1, 1, 1, 1, 1, 1, 1]",1.0,1,1.0,0.0,0.0,,,,,,,,,,,,,,,,,,,,,,,,
group0,leiden_a0_g0.2,leiden_consensus,0.0,0.2,2,465,0.975558,0.95108,1729,0.978512,2,0,"[2, 2, 2, 2, 2, 2, 2, 2, 2, 2, 2, 2, 2, 2, 2, 2, 2, 2, 2, 2]",0.0,1,1.0,0.08311,0.005012,0.028626,16.641807,2.414888,0.569514,1.0,0.061677,0.912984,1.0,0.36559,0.58601,1.0,0.076143,0.048476,50.140873,2.084951,0.599187,1.0,0.088146,0.56634,1.0,0.060456,0.58601,1.0,0.076143
group0,leiden_a0_g0.3,leiden_consensus,0.0,0.3,2,478,0.984908,0.959753,1730,0.989798,2,0,"[2, 2, 2, 2, 2, 2, 2, 2, 2, 2, 2, 2, 2, 2, 2, 2, 2, 2, 2, 2]",0.090165,2,0.944272,0.083817,0.0057,0.027419,17.65441,2.444924,0.57475,1.0,0.067263,0.912831,1.0,0.369012,0.593069,1.0,0.083693,0.048241,52.47723,2.080175,0.604499,1.0,0.09417,0.564071,1.0,0.059003,0.593069,1.0,0.083693
group0,leiden_a0_g0.5,leiden_consensus,0.0,0.5,2,493,0.975259,0.871305,1731,0.985425,2,0,"[2, 2, 2, 2, 2, 2, 2, 2, 2, 2, 2, 2, 2, 2, 2, 2, 2, 2, 2, 2]",0.088379,2,0.955029,0.076271,0.005868,0.024907,16.569382,2.500277,0.572155,1.0,0.065923,0.911423,1.0,0.371431,0.593213,1.0,0.08505,0.045539,50.651169,2.081606,0.60281,1.0,0.093969,0.56316,1.0,0.058875,0.593213,1.0,0.08505
group0,leiden_a0_g0.75,leiden_consensus,0.0,0.75,4,84,0.768293,0.570195,1731,0.807362,4,0,"[3, 4, 4, 4, 4, 4, 4, 4, 4, 3, 4, 3, 4, 4, 4, 3, 4, 3, 3, 4]",0.032513,3,0.76919,0.066057,0.01095,-0.018614,22.924824,2.012027,0.338196,0.547569,0.084214,0.690055,0.582013,0.437202,0.365719,0.546627,0.105678,-0.024891,30.170523,1.984453,0.347383,0.551277,0.098549,0.330208,0.551649,0.064566,0.365719,0.546627,0.105678
group0,leiden_a0_g1,leiden_consensus,0.0,1.0,4,199,0.805433,0.62208,1734,0.845251,4,0,"[5, 4, 4, 5, 4, 4, 4, 4, 5, 4, 4, 4, 4, 4, 5, 4, 5, 5, 4, 4]",0.025581,7,0.685938,0.038189,0.012435,-0.021229,19.922936,2.139594,0.328349,0.589009,0.083134,0.686763,0.597536,0.44565,0.35127,0.587691,0.103025,-0.020507,27.267822,2.176393,0.341489,0.591504,0.099291,0.307406,0.58739,0.057049,0.35127,0.587691,0.103025
group0,leiden_a0.25_g0.1,leiden_consensus,0.25,0.1,1,1391,1.0,1.0,1729,1.0,1,0,"[1, 1, 1, 1, 1, 1, 1, 1, 1, 1, 1, 1, 1, 1, 1, 1, 1, 1, 1, 1]",1.0,1,1.0,0.0,0.0,,,,,,,,,,,,,,,,,,,,,,,,
group0,leiden_a0.25_g0.2,leiden_consensus,0.25,0.2,1,1391,1.0,1.0,1729,1.0,1,0,"[1, 1, 1, 1, 1, 1, 1, 1, 1, 1, 1, 1, 1, 1, 1, 1, 1, 1, 1, 1]",1.0,1,1.0,0.0,0.0,,,,,,,,,,,,,,,,,,,,,,,,
group0,leiden_a0.25_g0.3,leiden_consensus,0.25,0.3,1,1391,1.0,1.0,1729,1.0,1,0,"[1, 1, 1, 1, 1, 1, 1, 1, 1, 1, 1, 1, 1, 1, 1, 1, 1, 1, 1, 1]",1.0,1,1.0,0.0,0.0,,,,,,,,,,,,,,,,,,,,,,,,
group0,leiden_a0.25_g0.5,leiden_consensus,0.25,0.5,2,473,0.973331,0.923105,1734,0.982686,2,0,"[2, 2, 2, 2, 2, 2, 2, 2, 2, 2, 2, 2, 2, 2, 2, 2, 2, 2, 2, 2]",0.125572,2,0.884262,0.111475,0.005205,0.036253,25.001656,2.450266,0.604922,1.0,0.093921,0.902915,1.0,0.359242,0.589979,1.0,0.080693,0.058713,64.545983,2.02836,0.627905,1.0,0.114758,0.570668,1.0,0.065109,0.589979,1.0,0.080693
group0,leiden_a0.25_g0.75,leiden_consensus,0.25,0.75,4,52,0.776449,0.552054,1734,0.822963,4,0,"[4, 4, 4, 3, 4, 4, 3, 4, 4, 4, 3, 4, 4, 4, 4, 3, 4, 3, 4, 3]",0.03789,3,0.683024,0.102176,0.012819,0.004767,38.342026,1.712712,0.420413,0.532617,0.156811,0.676824,0.561208,0.418215,0.405191,0.529178,0.1255,-0.008873,42.994656,1.757269,0.407674,0.534046,0.143171,0.341976,0.539317,0.066989,0.405191,0.529178,0.1255
group0,leiden_a0.25_g1,leiden_consensus,0.25,1.0,4,233,0.773313,0.520071,1735,0.831493,4,0,"[4, 4, 4, 4, 5, 5, 4, 4, 5, 4, 5, 5, 4, 4, 4, 5, 5, 5, 4, 5]",0.038692,5,0.596068,0.045775,0.016763,-0.005508,32.667195,2.026829,0.423761,0.591785,0.169906,0.660941,0.60207,0.424102,0.38525,0.591714,0.133092,-0.011777,37.44144,2.165869,0.398901,0.596929,0.150559,0.312062,0.594587,0.064287,0.38525,0.591714,0.133092
group0,leiden_a0.5_g0.1,leiden_consensus,0.5,0.1,1,1391,1.0,1.0,1729,1.0,1,0,"[1, 1, 1, 1, 1, 1, 1, 1, 1, 1, 1, 1, 1, 1, 1, 1, 1, 1, 1, 1]",1.0,1,1.0,0.0,0.0,,,,,,,,,,,,,,,,,,,,,,,,
group0,leiden_a0.5_g0.2,leiden_consensus,0.5,0.2,1,1391,1.0,1.0,1729,1.0,1,0,"[1, 1, 1, 1, 1, 1, 1, 1, 1, 1, 1, 1, 1, 1, 1, 1, 1, 1, 1, 1]",1.0,1,1.0,0.0,0.0,,,,,,,,,,,,,,,,,,,,,,,,
group0,leiden_a0.5_g0.3,leiden_consensus,0.5,0.3,1,1391,1.0,1.0,1729,1.0,1,0,"[1, 1, 1, 1, 1, 1, 1, 1, 1, 1, 1, 1, 1, 1, 1, 1, 1, 1, 1, 1]",1.0,1,1.0,0.0,0.0,,,,,,,,,,,,,,,,,,,,,,,,
group0,leiden_a0.5_g0.5,leiden_consensus,0.5,0.5,2,470,0.724675,0.401147,1740,0.800264,2,0,"[2, 2, 2, 2, 3, 2, 2, 2, 2, 2, 2, 2, 2, 2, 2, 2, 2, 2, 3, 2]",0.0,1,0.459894,0.235252,0.005802,0.081405,80.196879,2.441132,0.769668,1.0,0.238919,0.770416,1.0,0.245622,0.593403,1.0,0.083472,0.104019,127.448678,1.997373,0.728059,1.0,0.204132,0.574299,1.0,0.069865,0.593403,1.0,0.083472
group0,leiden_a0.5_g0.75,leiden_consensus,0.5,0.75,5,89,0.732732,0.403859,1741,0.80102,5,0,"[4, 4, 5, 5, 5, 4, 5, 4, 5, 5, 5, 4, 5, 4, 4, 4, 4, 5, 4, 5]",0.20129,5,0.498097,0.1643,0.029521,0.054047,138.977628,1.763973,0.737952,0.530074,0.516554,0.362186,0.53453,0.20596,0.424557,0.534841,0.223055,0.03162,120.622436,1.593883,0.595648,0.542759,0.392527,0.259804,0.527009,0.064819,0.424557,0.534841,0.223055
group0,leiden_a0.5_g1,leiden_consensus,0.5,1.0,9,59,0.59656,0.366183,1746,0.648103,9,0,"[8, 9, 8, 8, 7, 8, 7, 8, 8, 8, 8, 8, 7, 9, 9, 9, 8, 9, 7, 9]",0.245736,9,0.580904,0.105119,0.04869,-0.004563,105.809808,,0.669798,0.493185,0.555301,0.247248,0.49149,0.173462,0.329063,0.488202,0.213673,-0.028474,91.233754,,0.501723,0.505914,0.395731,0.180436,0.489702,0.072469,0.329063,0.488202,0.213673
group0,leiden_a0.75_g0.1,leiden_consensus,0.75,0.1,1,1391,1.0,1.0,1729,1.0,1,0,"[1, 1, 1, 1, 1, 1, 1, 1, 1, 1, 1, 1, 1, 1, 1, 1, 1, 1, 1, 1]",1.0,1,1.0,0.0,0.0,,,,,,,,,,,,,,,,,,,,,,,,
group0,leiden_a0.75_g0.2,leiden_consensus,0.75,0.2,1,1391,1.0,1.0,1729,1.0,1,0,"[1, 1, 1, 1, 1, 1, 1, 1, 1, 1, 1, 1, 1, 1, 1, 1, 1, 1, 1, 1]",1.0,1,1.0,0.0,0.0,,,,,,,,,,,,,,,,,,,,,,,,
group0,leiden_a0.75_g0.3,leiden_consensus,0.75,0.3,1,1391,1.0,1.0,1729,1.0,1,0,"[1, 1, 1, 1, 1, 1, 1, 1, 1, 1, 1, 1, 1, 1, 1, 1, 1, 1, 1, 1]",1.0,1,1.0,0.0,0.0,,,,,,,,,,,,,,,,,,,,,,,,
group0,leiden_a0.75_g0.5,leiden_consensus,0.75,0.5,4,260,0.692237,0.44629,1736,0.764061,4,0,"[4, 4, 4, 4, 4, 4, 4, 4, 4, 4, 4, 4, 4, 4, 4, 4, 4, 4, 4, 4]",0.320255,3,0.543379,0.196796,0.028863,0.148429,221.271992,1.483642,0.840473,0.596466,0.579117,0.366798,0.592577,0.125462,0.478367,0.591922,0.232566,0.100647,180.156404,1.793551,0.697508,0.587353,0.433869,0.326987,0.588964,0.073522,0.478367,0.591922,0.232566
group0,leiden_a0.75_g0.75,leiden_consensus,0.75,0.75,6,164,0.590921,0.388281,1739,0.645549,6,0,"[7, 8, 6, 6, 6, 6, 5, 7, 8, 6, 6, 5, 7, 7, 6, 7, 7, 6, 6, 7]",0.307674,7,0.56212,0.183391,0.037168,0.086053,169.033708,1.176414,0.790621,0.559252,0.615811,0.263588,0.531858,0.11625,0.400876,0.543013,0.236035,0.044603,135.129081,1.324394,0.605441,0.556122,0.438044,0.235711,0.530245,0.070831,0.400876,0.543013,0.236035
group0,leiden_a0.75_g1,leiden_consensus,0.75,1.0,9,100,0.569278,0.326818,1741,0.615263,9,0,"[10, 10, 11, 9, 10, 10, 9, 9, 10, 9, 10, 11, 9, 10, 9, 11, 10, 9, 9, 10]",0.275426,12,0.572437,0.117948,0.054766,0.107352,158.642334,,0.763186,0.532333,0.645689,0.193031,0.521889,0.086658,0.332213,0.532593,0.219664,0.049553,129.663606,,0.56853,0.534429,0.450507,0.177412,0.523264,0.06757,0.332213,0.532593,0.219664
group0,leiden_a1_g0.1,leiden_consensus,1.0,0.1,1,1391,1.0,1.0,1729,1.0,3,6,"[1, 1, 1, 1, 1, 1, 1, 1, 1, 1, 1, 1, 1, 1, 1, 1, 1, 1, 1, 1]",1.0,1,1.0,0.0,0.0,,,,,,,,,,,,,,,,,,,,,,,,
group0,leiden_a1_g0.2,leiden_consensus,1.0,0.2,2,622,0.499048,-0.009199,1736,0.625109,4,5,"[2, 2, 3, 2, 2, 2, 2, 2, 2, 2, 2, 2, 2, 2, 2, 2, 3, 2, 2, 2]",0.217537,2,0.437918,0.302541,0.015991,0.17199,294.485603,2.076179,0.92711,1.0,0.422788,0.55752,1.0,0.05735,0.747796,1.0,0.245355,0.113613,174.231109,1.993339,0.821742,1.0,0.317956,0.553183,1.0,0.053076,0.747796,1.0,0.245355
group0,leiden_a1_g0.3,leiden_consensus,1.0,0.3,4,177,0.649246,0.294309,1737,0.717439,6,6,"[4, 3, 4, 4, 4, 3, 3, 4, 4, 4, 3, 3, 3, 4, 4, 4, 3, 4, 3, 3]",0.248883,3,0.631806,0.145259,0.032692,0.158084,255.41797,1.499047,0.860065,0.595317,0.58891,0.337536,0.591038,0.084562,0.511829,0.596727,0.281116,0.104033,189.99032,1.589847,0.724209,0.575494,0.449109,0.331305,0.588255,0.075063,0.511829,0.596727,0.281116
group0,leiden_a1_g0.5,leiden_consensus,1.0,0.5,4,247,0.615937,0.344736,1744,0.704917,6,6,"[5, 4, 6, 4, 4, 5, 5, 6, 5, 5, 5, 6, 5, 4, 4, 4, 5, 5, 6, 5]",0.395976,4,0.535888,0.181673,0.02776,0.140061,249.931181,1.543794,0.862399,0.595907,0.599656,0.335583,0.591089,0.090537,0.481249,0.593703,0.238368,0.098206,194.20303,1.69242,0.719545,0.58869,0.456772,0.326798,0.588841,0.073151,0.481249,0.593703,0.238368
group0,leiden_a1_g0.75,leiden_consensus,1.0,0.75,9,44,0.567535,0.350738,1746,0.617845,11,7,"[8, 9, 9, 8, 10, 7, 10, 10, 9, 9, 9, 9, 9, 9, 9, 8, 9, 9, 8, 9]",0.23113,9,0.552098,0.115873,0.053492,0.096717,173.792265,,0.779313,0.515114,0.660815,0.184368,0.5017,0.062573,0.35398,0.50237,0.237744,0.027555,121.322219,,0.571928,0.506573,0.446629,0.184131,0.506466,0.063285,0.35398,0.50237,0.237744
group0,leiden_a1_g1,leiden_consensus,1.0,1.0,11,40,0.599681,0.430061,1734,0.650646,13,5,"[11, 11, 11, 11, 12, 11, 12, 12, 11, 11, 10, 11, 12, 11, 12, 12, 11, 12, 12, 12]",0.256733,12,0.628183,0.113216,0.061737,0.109419,170.347223,,0.759663,0.517835,0.663181,0.156925,0.50953,0.061723,0.324037,0.505096,0.224006,0.036036,120.782721,,0.543714,0.512951,0.440299,0.154881,0.511461,0.058128,0.324037,0.505096,0.224006
group1,leiden_a0_g0.1,leiden_consensus,0.0,0.1,1,376,1.0,1.0,1729,1.0,1,0,"[1, 1, 1, 1, 1, 1, 1, 1, 1, 1, 1, 1, 1, 1, 1, 1, 1, 1, 1, 1]",1.0,1,1.0,0.0,0.0,,,,,,,,,,,,,,,,,,,,,,,,
group1,leiden_a0_g0.2,leiden_consensus,0.0,0.2,2,48,0.488145,0.0,1731,0.601515,2,0,"[1, 1, 2, 2, 1, 1, 2, 1, 2, 2, 2, 2, 1, 2, 2, 2, 2, 2, 1, 2]",0.0,1,1.0,0.031906,0.013203,-0.011036,19.817736,1.749047,0.746737,1.0,0.113828,0.893216,1.0,0.175942,0.802071,1.0,0.159486,-0.046744,12.439818,1.724005,0.665189,1.0,0.077643,0.737981,1.0,0.12241,0.802071,1.0,0.159486
group1,leiden_a0_g0.3,leiden_consensus,0.0,0.3,2,89,0.743402,0.501622,1740,0.78725,2,0,"[2, 2, 2, 2, 2, 2, 2, 2, 2, 2, 2, 2, 2, 2, 2, 2, 2, 2, 2, 2]",0.0,1,1.0,-0.006749,0.025627,-0.015123,18.883411,2.190791,0.689492,1.0,0.139128,0.881872,1.0,0.263811,0.728519,1.0,0.177306,-0.046218,8.411825,2.021205,0.626092,1.0,0.093627,0.709607,1.0,0.157542,0.728519,1.0,0.177306
group1,leiden_a0_g0.5,leiden_consensus,0.0,0.5,3,114,0.80919,0.313133,1737,0.871164,3,0,"[3, 3, 3, 3, 3, 3, 3, 3, 3, 3, 3, 3, 3, 3, 3, 3, 3, 3, 3, 3]",0.08372,3,0.726731,0.002538,0.05655,0.012346,8.84617,2.339256,0.514272,0.666667,0.180202,0.780496,0.666667,0.434311,0.589655,0.666667,0.255046,-0.004936,7.464347,2.10801,0.45621,0.666667,0.125319,0.53494,0.666667,0.201695,0.589655,0.666667,0.255046
group1,leiden_a0_g0.75,leiden_consensus,0.0,0.75,5,44,0.76848,0.460694,1732,0.846529,5,0,"[5, 6, 5, 5, 5, 4, 5, 5, 5, 5, 6, 5, 4, 5, 5, 5, 4, 5, 5, 5]",0.138249,5,0.773796,0.021061,0.095749,-0.090245,12.347728,1.808126,0.386792,0.546823,0.17983,0.686604,0.556365,0.472106,0.508346,0.563595,0.31525,-0.095455,9.926732,1.722023,0.345746,0.548421,0.13668,0.442854,0.552355,0.238051,0.508346,0.563595,0.31525
group1,leiden_a0_g1,leiden_consensus,0.0,1.0,6,35,0.635754,0.432268,1736,0.690327,6,0,"[7, 7, 7, 7, 7, 6, 7, 6, 7, 7, 7, 7, 6, 6, 8, 6, 6, 6, 6, 6]",0.119186,6,0.752562,0.018522,0.096278,-0.165228,10.031726,1.721141,0.321512,0.534225,0.143914,0.659924,0.536539,0.473381,0.475876,0.556379,0.303983,-0.168045,8.049532,1.891295,0.281869,0.530336,0.106725,0.401139,0.543017,0.22708,0.475876,0.556379,0.303983
group1,leiden_a0.25_g0.1,leiden_consensus,0.25,0.1,1,376,1.0,1.0,1729,1.0,1,0,"[1, 1, 1, 1, 1, 1, 1, 1, 1, 1, 1, 1, 1, 1, 1, 1, 1, 1, 1, 1]",1.0,1,1.0,0.0,0.0,,,,,,,,,,,,,,,,,,,,,,,,
group1,leiden_a0.25_g0.2,leiden_consensus,0.25,0.2,1,376,1.0,1.0,1729,1.0,1,0,"[1, 1, 1, 1, 1, 1, 1, 1, 1, 1, 1, 1, 1, 1, 1, 1, 1, 1, 1, 1]",1.0,1,1.0,0.0,0.0,,,,,,,,,,,,,,,,,,,,,,,,
group1,leiden_a0.25_g0.3,leiden_consensus,0.25,0.3,2,61,0.979269,0.79269,1729,0.989089,2,0,"[2, 2, 2, 2, 2, 2, 2, 2, 2, 2, 2, 2, 2, 2, 2, 2, 2, 2, 2, 2]",0.0,1,1.0,0.018849,0.020913,0.013618,27.477386,1.777517,0.786778,1.0,0.161328,0.882102,1.0,0.202815,0.810869,1.0,0.195985,-0.036486,16.17655,1.906091,0.700234,1.0,0.114177,0.747624,1.0,0.15029,0.810869,1.0,0.195985
group1,leiden_a0.25_g0.5,leiden_consensus,0.25,0.5,3,63,0.784858,0.22898,1731,0.839418,3,0,"[3, 2, 3, 3, 3, 3, 2, 3, 3, 2, 3, 3, 3, 3, 3, 3, 3, 3, 3, 3]",0.605795,2,0.992753,0.010779,0.064901,0.002734,34.685728,1.987942,0.672635,0.666667,0.300368,0.77266,0.666667,0.35736,0.728496,0.666667,0.35132,-0.031888,22.819843,2.127041,0.58443,0.666667,0.233055,0.608112,0.666667,0.245618,0.728496,0.666667,0.35132
group1,leiden_a0.25_g0.75,leiden_consensus,0.25,0.75,4,64,0.65611,0.403661,1729,0.703092,4,0,"[4, 3, 4, 4, 4, 4, 4, 4, 4, 4, 3, 4, 4, 4, 4, 4, 4, 4, 4, 4]",0.180263,4,0.665047,0.03311,0.079765,-0.037441,21.105905,1.623375,0.532608,0.587282,0.260714,0.715649,0.573668,0.444191,0.523119,0.617359,0.259874,-0.05329,16.169979,1.66753,0.475127,0.593893,0.210325,0.500859,0.592797,0.237674,0.523119,0.617359,0.259874
group1,leiden_a0.25_g1,leiden_consensus,0.25,1.0,6,37,0.730055,0.501691,1729,0.80072,6,0,"[6, 6, 5, 6, 6, 6, 6, 6, 5, 6, 7, 6, 6, 6, 6, 5, 6, 6, 7, 6]",0.170339,6,0.668406,0.033577,0.122341,-0.060938,17.550111,1.341598,0.403092,0.555134,0.242132,0.627853,0.545407,0.45754,0.464462,0.571536,0.311641,-0.068638,13.606589,1.496107,0.34481,0.556477,0.181139,0.399842,0.549818,0.238187,0.464462,0.571536,0.311641
group1,leiden_a0.5_g0.1,leiden_consensus,0.5,0.1,1,376,1.0,1.0,1729,1.0,1,0,"[1, 1, 1, 1, 1, 1, 1, 1, 1, 1, 1, 1, 1, 1, 1, 1, 1, 1, 1, 1]",1.0,1,1.0,0.0,0.0,,,,,,,,,,,,,,,,,,,,,,,,
group1,leiden_a0.5_g0.2,leiden_consensus,0.5,0.2,1,376,1.0,1.0,1729,1.0,1,0,"[1, 1, 1, 1, 1, 1, 1, 1, 1, 1, 1, 1, 1, 1, 1, 1, 1, 1, 1, 1]",1.0,1,1.0,0.0,0.0,,,,,,,,,,,,,,,,,,,,,,,,
group1,leiden_a0.5_g0.3,leiden_consensus,0.5,0.3,2,86,0.537106,0.0,1731,0.672754,2,0,"[2, 2, 2, 2, 2, 1, 1, 2, 2, 2, 1, 2, 2, 2, 1, 1, 2, 2, 2, 2]",0.0,1,1.0,0.03577,0.029641,0.102819,51.284569,1.960443,0.856212,1.0,0.256718,0.800161,1.0,0.206726,0.80308,1.0,0.232231,0.060604,36.01043,2.035829,0.787235,1.0,0.207269,0.733369,1.0,0.172312,0.80308,1.0,0.232231
group1,leiden_a0.5_g0.5,leiden_consensus,0.5,0.5,2,137,0.904547,0.442881,1730,0.934813,2,0,"[2, 2, 2, 2, 2, 2, 2, 2, 2, 2, 2, 2, 2, 2, 2, 2, 2, 2, 2, 2]",0.712348,2,0.993644,0.02842,0.04724,0.142471,78.057269,2.133228,0.873442,1.0,0.347058,0.796462,1.0,0.274989,0.859379,1.0,0.338895,0.096388,53.893691,2.260999,0.820075,1.0,0.296793,0.752752,1.0,0.238403,0.859379,1.0,0.338895
group1,leiden_a0.5_g0.75,leiden_consensus,0.5,0.75,4,62,0.647309,0.437274,1736,0.715206,4,0,"[4, 4, 4, 4, 4, 4, 4, 4, 4, 4, 4, 4, 4, 4, 4, 4, 4, 4, 4, 4]",0.318154,4,0.581974,0.123634,0.079691,0.036538,34.662653,1.457308,0.693267,0.606623,0.438238,0.578114,0.614739,0.316745,0.525831,0.677728,0.270074,0.034695,28.576513,1.660088,0.601214,0.601709,0.351656,0.477546,0.620996,0.225114,0.525831,0.677728,0.270074
group1,leiden_a0.5_g1,leiden_consensus,0.5,1.0,6,30,0.7566,0.516347,1740,0.83333,6,0,"[6, 6, 6, 6, 6, 6, 6, 5, 6, 6, 6, 6, 6, 6, 6, 5, 6, 6, 5, 6]",0.353572,5,0.724592,0.090314,0.113554,0.05225,34.202296,1.06981,0.619343,0.543093,0.453652,0.474874,0.541988,0.313302,0.4252,0.552267,0.253783,0.026719,23.58205,1.254761,0.53179,0.54043,0.36265,0.38965,0.536997,0.2209,0.4252,0.552267,0.253783
group1,leiden_a0.75_g0.1,leiden_consensus,0.75,0.1,1,376,1.0,1.0,1729,1.0,1,0,"[1, 1, 1, 1, 1, 1, 1, 1, 1, 1, 1, 1, 1, 1, 1, 1, 1, 1, 1, 1]",1.0,1,1.0,0.0,0.0,,,,,,,,,,,,,,,,,,,,,,,,
group1,leiden_a0.75_g0.2,leiden_consensus,0.75,0.2,1,376,1.0,1.0,1729,1.0,1,0,"[1, 1, 1, 1, 1, 1, 1, 1, 1, 1, 1, 1, 1, 1, 1, 1, 1, 1, 1, 1]",1.0,1,1.0,0.0,0.0,,,,,,,,,,,,,,,,,,,,,,,,
group1,leiden_a0.75_g0.3,leiden_consensus,0.75,0.3,2,99,0.803894,0.564323,1729,0.856334,2,0,"[2, 2, 2, 2, 2, 2, 2, 2, 2, 2, 2, 2, 2, 2, 2, 2, 2, 2, 2, 2]",0.490085,2,0.452188,0.036585,0.032531,0.133575,62.024269,2.289656,0.894918,1.0,0.309612,0.755678,1.0,0.191596,0.7867,1.0,0.235817,0.099382,46.903837,2.039129,0.843727,1.0,0.270157,0.715726,1.0,0.171216,0.7867,1.0,0.235817
group1,leiden_a0.75_g0.5,leiden_consensus,0.75,0.5,3,119,0.802885,0.527014,1733,0.85807,3,0,"[3, 3, 3, 3, 3, 3, 3, 3, 3, 3, 3, 3, 3, 3, 3, 3, 3, 3, 3, 3]",0.333528,3,0.925261,0.23379,0.04876,0.135481,26.04152,2.066685,0.80073,0.666667,0.466335,0.54877,0.666667,0.208287,0.520224,0.666667,0.190205,0.119903,29.947677,1.933995,0.73591,0.666667,0.403022,0.495466,0.666667,0.160631,0.520224,0.666667,0.190205
group1,leiden_a0.75_g0.75,leiden_consensus,0.75,0.75,5,27,0.651015,0.349134,1740,0.750461,6,10,"[4, 5, 6, 4, 5, 4, 5, 4, 7, 5, 5, 5, 5, 4, 3, 5, 5, 6, 4, 5]",0.289485,5,0.66115,0.169686,0.083862,-0.032584,32.504335,1.250402,0.71752,0.565331,0.506985,0.393852,0.553255,0.216285,0.380679,0.586704,0.217526,-0.044915,26.356586,1.479041,0.616703,0.564628,0.426127,0.348666,0.549904,0.172583,0.380679,0.586704,0.217526
group1,leiden_a0.75_g1,leiden_consensus,0.75,1.0,8,20,0.699485,0.512317,1738,0.748187,8,0,"[7, 9, 8, 7, 9, 8, 7, 8, 8, 8, 8, 6, 7, 8, 9, 7, 7, 7, 8, 8]",0.349993,8,0.69469,0.144634,0.124214,0.141405,64.830107,,0.687349,0.533351,0.557831,0.304336,0.511247,0.18799,0.366447,0.503433,0.223106,0.089979,48.919689,,0.569306,0.525387,0.441632,0.294811,0.504476,0.173013,0.366447,0.503433,0.223106
group1,leiden_a1_g0.1,leiden_consensus,1.0,0.1,2,24,1.0,1.0,1729,1.0,3,5,"[2, 2, 2, 2, 2, 2, 2, 2, 2, 2, 2, 2, 2, 2, 2, 2, 2, 2, 2, 2]",0.0,1,1.0,0.176373,0.00561,0.66341,232.912106,1.417858,0.84966,1.0,0.070497,0.592661,1.0,0.017217,0.810295,1.0,0.06025,0.624617,181.144692,1.635536,0.828796,1.0,0.070765,0.624318,1.0,0.024811,0.810295,1.0,0.06025
group1,leiden_a1_g0.2,leiden_consensus,1.0,0.2,3,25,0.647641,0.120079,1730,0.765605,4,5,"[3, 3, 3, 3, 3, 3, 3, 3, 3, 3, 3, 3, 3, 2, 3, 3, 3, 3, 3, 3]",0.17887,2,0.665222,0.171578,0.04901,0.236084,187.955528,1.330384,0.853571,0.666667,0.3931,0.551149,0.666667,0.190332,0.743005,0.666667,0.287397,0.191139,137.130602,1.547712,0.810618,0.666667,0.360861,0.550546,0.666667,0.175025,0.743005,0.666667,0.287397
group1,leiden_a1_g0.3,leiden_consensus,1.0,0.3,4,24,0.704295,0.419685,1738,0.760885,5,5,"[4, 4, 4, 4, 4, 4, 4, 4, 4, 4, 4, 4, 4, 4, 4, 4, 4, 4, 4, 4]",0.555525,3,0.803786,0.402974,0.060537,0.225187,149.652302,1.227626,0.807709,0.575355,0.507041,0.429295,0.548009,0.180478,0.558836,0.526507,0.257043,0.195884,113.713808,1.437083,0.776022,0.570533,0.477768,0.435057,0.548598,0.17711,0.558836,0.526507,0.257043
group1,leiden_a1_g0.5,leiden_consensus,1.0,0.5,5,25,0.741841,0.559709,1732,0.795461,6,5,"[4, 5, 5, 5, 5, 4, 5, 5, 5, 5, 5, 5, 4, 5, 4, 4, 5, 5, 5, 5]",0.444644,4,0.667905,0.268708,0.072074,0.150167,120.743695,1.024564,0.776886,0.533492,0.545488,0.383412,0.515702,0.182446,0.472975,0.503234,0.214081,0.120241,94.287776,1.230597,0.699108,0.534561,0.477092,0.380173,0.510321,0.167029,0.472975,0.503234,0.214081
group1,leiden_a1_g0.75,leiden_consensus,1.0,0.75,7,25,0.680275,0.434611,1730,0.753082,8,5,"[8, 7, 7, 7, 7, 7, 8, 7, 7, 7, 7, 7, 7, 7, 8, 6, 7, 8, 7, 7]",0.375239,7,0.751856,0.152111,0.093109,0.125411,94.582591,1.028081,0.726985,0.535447,0.573703,0.283271,0.514499,0.147068,0.357389,0.511859,0.18953,0.075479,70.703985,1.010456,0.63482,0.534471,0.485348,0.297486,0.514159,0.158157,0.357389,0.511859,0.18953
group1,leiden_a1_g1,leiden_consensus,1.0,1.0,9,25,0.736028,0.548638,1739,0.784294,10,5,"[8, 9, 8, 8, 9, 8, 9, 8, 9, 9, 9, 9, 8, 8, 9, 9, 9, 9, 9, 9]",0.399538,8,0.722831,0.174212,0.10862,0.120615,83.051703,,0.695512,0.535801,0.582,0.24437,0.518916,0.134303,0.305407,0.509081,0.176175,0.068552,62.708217,,0.598864,0.531324,0.486646,0.249005,0.51817,0.135434,0.305407,0.509081,0.176175
