partition,SW,CH,S_Dbw,S_Dbw_paper,AVI,AVU,MQ,k,min_cluster_size,ARI_reference
dmon_k2_seed1729,0.180723,460.071267,1.928078,2.789105,0.771674,1.0,0.268426,2,900,0.267861
dmon_k2_seed2718,0.179918,458.193389,1.928388,2.789414,0.771461,1.0,0.268199,2,900,0.266498
dmon_k2_seed3141,0.180242,458.31696,1.921739,2.791264,0.771404,1.0,0.268134,2,900,0.267861
dmon_k4_seed1729,0.099635,362.27777,1.486684,2.511239,0.654643,0.57896,0.386361,4,398,0.228021
dmon_k4_seed2718,0.101659,397.57344,1.241146,2.528029,0.669912,0.582468,0.404503,4,400,0.236007
dmon_k4_seed3141,0.077256,305.435602,1.519164,2.68445,0.619661,0.606534,0.367654,4,477,0.2118
gmm_full_k12,0.12913,298.680671,,2.251622,0.679267,0.528021,0.615304,12,56,0.220106
gmm_full_k4,0.180944,482.22322,1.211131,2.473326,0.804244,0.544895,0.483573,4,189,0.470684
gmm_full_k6,0.148338,410.617008,1.033801,2.402765,0.766402,0.524875,0.584741,6,162,0.289327
gmm_full_k8,0.134567,345.923905,,2.437872,0.705961,0.51065,0.588349,8,51,0.25868
joint_road_k2,0.354397,1003.255829,1.260521,2.034344,0.940811,1.0,0.324753,2,495,0.340909
joint_road_k3,0.294481,821.432763,1.055584,2.282598,0.868696,0.666667,0.463876,3,391,0.46481
joint_road_k4,0.23257,726.089602,0.982758,2.161845,0.850951,0.51159,0.510253,4,99,0.65774
joint_road_sensitivity_k4,0.159792,554.756558,1.096025,2.199864,0.761932,0.512812,0.397842,4,112,0.453446
joint_same_region_k2,0.351904,1003.776414,1.15903,1.96735,0.954308,1.0,0.327722,2,478,0.337972
joint_same_region_k4,0.231632,723.037988,0.904376,2.151558,0.855979,0.521407,0.508442,4,133,0.637037
kmeans_k12,0.198881,488.703752,,1.962274,0.756575,0.520995,0.674746,12,27,0.230188
kmeans_k2,0.344669,1042.793891,1.343801,2.162939,0.942977,1.0,0.37023,2,604,0.345743
kmeans_k3,0.282485,864.490401,1.144542,2.264713,0.903387,0.666667,0.540758,3,496,0.513725
kmeans_k4,0.240237,779.82704,0.995987,2.155028,0.884719,0.529635,0.568989,4,127,1.0
kmeans_k6,0.225482,675.133687,0.829142,2.252069,0.83659,0.50008,0.65277,6,91,0.44542
kmeans_k8,0.21544,584.043174,,2.152383,0.80465,0.513859,0.674066,8,88,0.269345
leiden_global_r0p4,0.160281,412.07592,,1.89688,0.736307,0.413789,0.678153,8,6,0.31203
leiden_global_r0p7,0.134405,329.101966,,1.735204,0.688588,0.426684,0.689704,12,3,0.30916
leiden_global_r1p0,0.128783,323.647783,,1.752363,0.693418,0.44762,0.700895,15,3,0.217295
leiden_local_r0p4,0.160925,526.557615,1.185014,2.139961,0.85048,0.503181,0.693636,7,135,0.333078
leiden_local_r0p7,0.140264,429.468634,,1.965275,0.8187,0.503889,0.705411,10,44,0.303958
leiden_local_r1p0,0.139049,363.011561,,2.010331,0.781703,0.523272,0.708681,14,52,0.225506
spectral_global_k12,0.162686,343.396937,,1.66768,0.663211,0.405494,0.669062,12,2,0.242897
spectral_global_k4,0.362427,480.047706,0.749076,1.972757,0.756337,0.5649,0.311775,4,8,0.371029
spectral_global_k6,0.253796,371.79682,,1.976038,0.727079,0.480752,0.402123,6,8,0.366601
spectral_global_k8,0.176732,337.402554,,1.761223,0.636525,0.40019,0.558085,8,2,0.54031
spectral_local_k12,0.140192,391.607262,,1.869693,0.782664,0.521702,0.676373,12,28,0.229669
spectral_local_k4,0.20972,587.972051,0.907728,1.774808,0.904952,0.601487,0.551144,4,81,0.53131
spectral_local_k6,0.165911,544.61647,0.870547,1.87844,0.870904,0.518936,0.640542,6,66,0.378874
spectral_local_k8,0.147128,463.626433,0.669964,1.873173,0.836211,0.500954,0.662456,8,62,0.303874
spectral_transport_k4,0.241002,86.792634,1.522591,2.415702,0.445919,0.535715,0.083581,4,8,0.096153
ward_k12,0.150571,397.435082,,1.995185,0.703172,0.504836,0.637126,12,16,0.252145
ward_k2,0.334622,737.809955,0.905168,1.747144,0.965726,1.0,0.230246,2,289,0.220396
ward_k3,0.208939,672.116136,1.086988,2.109636,0.910033,0.666667,0.512252,3,289,0.517994
ward_k4,0.211441,681.722309,0.959297,2.165368,0.88588,0.516327,0.543767,4,138,0.584556
ward_k6,0.152547,549.355426,1.006627,2.077004,0.824234,0.470349,0.61952,6,138,0.442329
ward_k8,0.149306,480.808305,,2.14241,0.78834,0.507821,0.650913,8,138,0.380687
