outcome,cluster,type,n_total,n_observed,median,q25,q75,regions,median_log,within_region_median_pct,within_region_median_pp
population,0,Сбалансированный: средние МО,644,643,35844,20479,61101.5,68,10.4869,18.7295,
population,1,Продуктовый: малые районы,859,859,14930,10354.5,22962,61,9.61113,-33.6112,
population,2,Городской сервисный,386,385,87933,55293,146633,54,11.3843,45.9816,
population,3,Удалённый: мало маркетплейсов,127,124,12123,7313.5,22173.2,25,9.40282,-28.0356,
urban_share_2024,0,Сбалансированный: средние МО,644,580,0.605901,0,0.937925,62,,,6.22113
urban_share_2024,1,Продуктовый: малые районы,859,714,0.450101,0,0.623781,56,,,-4.75364
urban_share_2024,2,Городской сервисный,386,375,1,0.999547,1,50,,,0
urban_share_2024,3,Удалённый: мало маркетплейсов,127,87,0.407395,0,0.644595,22,,,-15.6062
above_working_age_share_2023,0,Сбалансированный: средние МО,644,632,0.256895,0.233087,0.277872,67,,,-0.638078
above_working_age_share_2023,1,Продуктовый: малые районы,859,834,0.295602,0.268679,0.323222,61,,,0.844887
above_working_age_share_2023,2,Городской сервисный,386,285,0.249645,0.223195,0.273464,53,,,-0.850867
above_working_age_share_2023,3,Удалённый: мало маркетплейсов,127,118,0.21922,0.183091,0.254485,23,,,0.430725
wage_2023,0,Сбалансированный: средние МО,644,644,52716,44284.1,63680.1,68,10.8727,0.0766068,
wage_2023,1,Продуктовый: малые районы,859,859,43992.6,39064.3,50305.2,61,10.6918,-5.99629,
wage_2023,2,Городской сервисный,386,386,98762.5,74294.9,124429,55,11.5005,7.05931,
wage_2023,3,Удалённый: мало маркетплейсов,127,127,83860.8,65936.5,109315,25,11.3369,-2.24898,
jobs_per_1000,0,Сбалансированный: средние МО,644,643,182.014,141.877,234.25,68,5.20408,-1.55187,
jobs_per_1000,1,Продуктовый: малые районы,859,859,160.309,133.351,194.41,61,5.0771,-6.95486,
jobs_per_1000,2,Городской сервисный,386,385,191.317,106.235,292.225,54,5.25393,0.552509,
jobs_per_1000,3,Удалённый: мало маркетплейсов,127,124,242.119,187.042,423.019,25,5.4894,-1.52397,
share_public_services,0,Сбалансированный: средние МО,644,611,0.430898,0.337702,0.560861,65,,,-2.68431
share_public_services,1,Продуктовый: малые районы,859,723,0.520307,0.427204,0.617987,56,,,3.76721
share_public_services,2,Городской сервисный,386,303,0.31919,0.232494,0.443051,55,,,-5.22581
share_public_services,3,Удалённый: мало маркетплейсов,127,111,0.452521,0.261654,0.608496,22,,,0.543233
share_trade,0,Сбалансированный: средние МО,644,624,0.0430465,0.0305685,0.058063,67,,,-0.321575
share_trade,1,Продуктовый: малые районы,859,834,0.0375315,0.0279268,0.0493063,58,,,-0.819033
share_trade,2,Городской сервисный,386,372,0.0981265,0.0592258,0.168371,55,,,0.00517857
share_trade,3,Удалённый: мало маркетплейсов,127,96,0.01204,0.006786,0.0226387,23,,,-0.698226
share_manufacturing,0,Сбалансированный: средние МО,644,459,0.145909,0.054701,0.28251,66,,,-0.550761
share_manufacturing,1,Продуктовый: малые районы,859,313,0.130684,0.061557,0.261468,53,,,-3.95489
share_manufacturing,2,Городской сервисный,386,327,0.114559,0.053761,0.220892,52,,,-2.4942
share_manufacturing,3,Удалённый: мало маркетплейсов,127,42,0.049453,0.0214442,0.158701,19,,,-1.14941
share_agriculture,0,Сбалансированный: средние МО,644,395,0.04963,0.015048,0.11473,62,,,-2.38696
share_agriculture,1,Продуктовый: малые районы,859,486,0.105413,0.0500377,0.189607,50,,,0.412202
share_agriculture,2,Городской сервисный,386,107,0.00956,0.00438,0.031966,52,,,-5.01755
share_agriculture,3,Удалённый: мало маркетплейсов,127,91,0.031213,0.0160795,0.0814685,18,,,-0.703367
