partition,family,k,min_size,ARI_kmeans4,fitted_axes,selection_axes,X23_SW,X23_CH,X23_S_Dbw,X23_role,P23_AVI,P23_AVU,P23_MQ,P23_role,C23_AVI,C23_AVU,C23_MQ,C23_role,R_AVI,R_AVU,R_MQ,R_role,X24_SW,X24_CH,X24_S_Dbw,X24_role,P24_AVI,P24_AVU,P24_MQ,P24_role,C24_AVI,C24_AVU,C24_MQ,C24_role
dmon_k2_seed1729,DMoN (признаки на дорожном графе),2,900,0.267861,P23 R X23,,0.180723,460.071267,1.928078,fit,0.771674,1.0,0.268426,fit,0.639399,1.0,0.13895,external,0.914382,1.0,0.412373,fit,0.180462,507.772881,1.741606,year_2024,0.754303,1.0,0.251091,year_2024,0.620387,1.0,0.120361,year_2024
dmon_k2_seed2718,DMoN (признаки на дорожном графе),2,900,0.266498,P23 R X23,,0.179918,458.193389,1.928388,fit,0.771461,1.0,0.268199,fit,0.638834,1.0,0.138419,external,0.911711,1.0,0.409806,fit,0.179498,503.750577,1.742202,year_2024,0.753119,1.0,0.249927,year_2024,0.621256,1.0,0.121232,year_2024
dmon_k2_seed3141,DMoN (признаки на дорожном графе),2,900,0.267861,P23 R X23,,0.180242,458.31696,1.921739,fit,0.771404,1.0,0.268134,fit,0.63873,1.0,0.138319,external,0.910851,1.0,0.408957,fit,0.180062,505.147363,1.737114,year_2024,0.752716,1.0,0.249524,year_2024,0.621084,1.0,0.121058,year_2024
dmon_k4_seed1729,DMoN (признаки на дорожном графе),4,398,0.228021,P23 R X23,,0.099635,362.27777,1.486684,fit,0.654643,0.57896,0.386361,fit,0.465541,0.577987,0.203321,external,0.858519,0.603642,0.601997,fit,0.076034,397.334758,1.235334,year_2024,0.624103,0.572677,0.354662,year_2024,0.444524,0.582405,0.188847,year_2024
dmon_k4_seed2718,DMoN (признаки на дорожном графе),4,400,0.236007,P23 R X23,,0.101659,397.57344,1.241146,fit,0.669912,0.582468,0.404503,fit,0.473024,0.57679,0.210723,external,0.868809,0.592144,0.615268,fit,0.078347,405.908947,1.264331,year_2024,0.639237,0.576001,0.372663,year_2024,0.446157,0.580913,0.190284,year_2024
dmon_k4_seed3141,DMoN (признаки на дорожном графе),4,477,0.2118,P23 R X23,,0.077256,305.435602,1.519164,fit,0.619661,0.606534,0.367654,fit,0.443135,0.589884,0.193338,external,0.855914,0.632557,0.606481,fit,0.054789,321.676449,1.449379,year_2024,0.590156,0.59319,0.337633,year_2024,0.420501,0.593604,0.174941,year_2024
gmm_full_k12,Gaussian mixture,12,56,0.220106,P23 X23,,0.12913,298.680671,,fit,0.679267,0.528021,0.615304,fit,0.264942,0.48322,0.198401,external,0.34181,0.503919,0.26742,external,0.074987,280.986571,,year_2024,0.563003,0.516059,0.493729,year_2024,0.255209,0.491321,0.187421,year_2024
gmm_full_k4,Gaussian mixture,4,189,0.470684,P23 X23,,0.180944,482.22322,1.211131,fit,0.804244,0.544895,0.483573,fit,0.529339,0.536151,0.242211,external,0.599297,0.522774,0.263825,external,0.194247,559.323939,1.08244,year_2024,0.758636,0.549761,0.447581,year_2024,0.518664,0.538685,0.235046,year_2024
gmm_full_k6,Gaussian mixture,6,162,0.289327,P23 X23,,0.148338,410.617008,1.033801,fit,0.766402,0.524875,0.584741,fit,0.409813,0.508239,0.234123,external,0.517182,0.482126,0.324483,external,0.104493,414.698473,1.029993,year_2024,0.681335,0.522388,0.49717,year_2024,0.387531,0.514688,0.212761,year_2024
gmm_full_k8,Gaussian mixture,8,51,0.25868,P23 X23,,0.134567,345.923905,,fit,0.705961,0.51065,0.588349,fit,0.323764,0.464401,0.211555,external,0.410722,0.463973,0.276526,external,0.093647,329.297285,1.092957,year_2024,0.613599,0.498678,0.49322,year_2024,0.31833,0.474225,0.203999,year_2024
huber75_k4,Huber75,4,124,0.558224,P23 X23,,0.260324,740.909069,0.886535,fit,0.892322,0.543303,0.519625,fit,0.526826,0.545844,0.259664,external,0.616393,0.516535,0.267615,external,0.260091,797.918251,0.837383,year_2024,0.82334,0.546366,0.474765,year_2024,0.502824,0.540915,0.225853,year_2024
joint_road_k2,совместная модель: профиль и дороги,2,495,0.340909,P23 R X23,,0.354397,1003.255829,1.260521,fit,0.940811,1.0,0.324753,fit,0.76974,1.0,0.215978,external,0.778071,1.0,0.222707,fit,0.397394,1351.005543,0.961719,year_2024,0.932123,1.0,0.317989,year_2024,0.773423,1.0,0.22133,year_2024
joint_road_k3,совместная модель: профиль и дороги,3,391,0.46481,P23 R X23,,0.294481,821.432763,1.055584,fit,0.868696,0.666667,0.463876,fit,0.557776,0.666667,0.209242,external,0.747777,0.666667,0.363981,fit,0.244412,857.014904,0.895096,year_2024,0.815812,0.666667,0.41682,year_2024,0.572164,0.666667,0.219577,year_2024
joint_road_k4,совместная модель: профиль и дороги,4,99,0.65774,P23 R X23,,0.23257,726.089602,0.982758,fit,0.850951,0.51159,0.510253,fit,0.474887,0.545449,0.228578,external,0.692595,0.530125,0.374543,fit,0.221258,733.528763,0.90805,year_2024,0.780554,0.519657,0.465469,year_2024,0.489627,0.534942,0.229059,year_2024
joint_road_sensitivity_k4,совместная модель: профиль и дороги,4,112,0.453446,P23 R X23,,0.159792,554.756558,1.096025,fit,0.761932,0.512812,0.397842,fit,0.474066,0.53996,0.207742,external,0.836728,0.538335,0.527393,fit,0.14368,532.912853,0.953692,year_2024,0.702232,0.514326,0.359198,year_2024,0.480926,0.534704,0.209981,year_2024
joint_same_region_k2,совместная модель: профиль и регион,2,478,0.337972,P23 X23,,0.351904,1003.776414,1.15903,fit,0.954308,1.0,0.327722,fit,0.788552,1.0,0.227372,external,0.778177,1.0,0.21887,external,0.400403,1360.356451,0.919757,year_2024,0.947901,1.0,0.322901,year_2024,0.793311,1.0,0.232287,year_2024
joint_same_region_k4,совместная модель: профиль и регион,4,133,0.637037,P23 X23,,0.231632,723.037988,0.904376,fit,0.855979,0.521407,0.508442,fit,0.492682,0.549177,0.234681,external,0.705808,0.527981,0.363778,external,0.230752,764.492422,0.818116,year_2024,0.793291,0.526491,0.467235,year_2024,0.490222,0.540411,0.22249,year_2024
kefrin_k3,KEFRiN (признаки и граф профилей),3,532,0.456691,P23 X23,,0.264155,840.760896,1.129265,fit,0.896752,0.666667,0.549801,fit,0.557647,0.666667,0.217801,external,0.629765,0.666667,0.292504,external,0.242739,971.87701,0.953703,year_2024,0.852556,0.666667,0.502514,year_2024,0.56662,0.666667,0.22678,year_2024
kefrin_k4,KEFRiN (признаки и граф профилей),4,136,0.895621,P23 X23,,0.237517,775.931658,0.966285,fit,0.885971,0.532657,0.576084,fit,0.473448,0.55494,0.228359,external,0.600721,0.529548,0.273873,external,0.244811,839.949156,0.864784,year_2024,0.814577,0.529412,0.524729,year_2024,0.472526,0.543084,0.210851,year_2024
kmeans_k12,KMeans,12,27,0.230188,P23 X23,,0.198881,488.703752,,fit,0.756575,0.520995,0.674746,fit,0.240736,0.478895,0.179846,external,0.319164,0.496553,0.247413,external,0.133354,438.076535,,year_2024,0.62352,0.498784,0.543936,year_2024,0.230052,0.486601,0.165741,year_2024
kmeans_k2,KMeans,2,604,0.345743,P23 X23,,0.344669,1042.793891,1.343801,fit,0.942977,1.0,0.37023,fit,0.771617,1.0,0.243416,external,0.715525,1.0,0.190937,external,0.391002,1433.001202,1.07863,year_2024,0.93628,1.0,0.36445,year_2024,0.752262,1.0,0.22705,year_2024
kmeans_k3,KMeans,3,496,0.513725,P23 X23,,0.282485,864.490401,1.144542,fit,0.903387,0.666667,0.540758,fit,0.570744,0.666667,0.229039,external,0.649174,0.666667,0.302259,external,0.239861,938.256206,0.944969,year_2024,0.842172,0.666667,0.478349,year_2024,0.56803,0.666667,0.223495,year_2024
kmeans_k4,KMeans,4,127,1.0,P23 X23,,0.240237,779.82704,0.995987,fit,0.884719,0.529635,0.568989,fit,0.475041,0.554482,0.231189,external,0.599094,0.529441,0.275573,external,0.244169,831.301491,0.847871,year_2024,0.803824,0.527064,0.511828,year_2024,0.471426,0.541234,0.208332,year_2024
kmeans_k6,KMeans,6,91,0.44542,P23 X23,,0.225482,675.133687,0.829142,fit,0.83659,0.50008,0.65277,fit,0.360639,0.523439,0.212951,external,0.498067,0.484588,0.302629,external,0.179647,642.617767,0.989342,year_2024,0.720014,0.48682,0.546223,year_2024,0.348903,0.512957,0.193926,year_2024
kmeans_k8,KMeans,8,88,0.269345,P23 X23,,0.21544,584.043174,,fit,0.80465,0.513859,0.674066,fit,0.302207,0.509555,0.198741,external,0.405113,0.48044,0.268281,external,0.165002,546.446588,0.867348,year_2024,0.672912,0.502162,0.550685,year_2024,0.290578,0.511594,0.185085,year_2024
leiden_comovement_only,Leiden только на совместном движении,4,108,0.215976,C23,,0.029178,226.809184,1.399717,external,0.605859,0.676139,0.251508,external,0.895464,0.537842,0.526719,fit,0.656854,0.508109,0.209358,external,0.05279,325.280707,1.306244,year_2024,0.580972,0.695565,0.25869,year_2024,0.63848,0.531945,0.237227,year_2024
leiden_global_r0p4,Leiden на графе профилей,8,6,0.31203,P23 X23,,0.160281,412.07592,,fit,0.736307,0.413789,0.678153,fit,0.314588,0.396887,0.211537,external,0.366993,0.404121,0.272944,external,0.132558,436.112103,,year_2024,0.620696,0.404125,0.553523,year_2024,0.29768,0.400478,0.189346,year_2024
leiden_global_r0p7,Leiden на графе профилей,12,3,0.30916,P23 X23,,0.134405,329.101966,,fit,0.688588,0.426684,0.689704,fit,0.258755,0.400914,0.180795,external,0.306213,0.414362,0.245853,external,0.107372,348.517029,,year_2024,0.59379,0.415193,0.566637,year_2024,0.245494,0.398719,0.160306,year_2024
leiden_global_r1p0,Leiden на графе профилей,15,3,0.217295,P23 X23,,0.128783,323.647783,,fit,0.693418,0.44762,0.700895,fit,0.227273,0.420198,0.178521,external,0.277896,0.439819,0.244968,external,0.086202,308.926245,,year_2024,0.561645,0.432592,0.549476,year_2024,0.21429,0.419401,0.159022,year_2024
leiden_local_r0p4,Leiden на графе профилей,7,135,0.333078,P23 X23,,0.160925,526.557615,1.185014,fit,0.85048,0.503181,0.693636,fit,0.37039,0.507129,0.236387,external,0.492713,0.495449,0.326168,external,0.110451,504.210424,0.867892,year_2024,0.709611,0.499353,0.554573,year_2024,0.345736,0.50604,0.204107,year_2024
leiden_local_r0p7,Leiden на графе профилей,10,44,0.303958,P23 X23,,0.140264,429.468634,,fit,0.8187,0.503889,0.705411,fit,0.311125,0.486889,0.207914,external,0.417432,0.483671,0.295947,external,0.094053,413.232853,,year_2024,0.682395,0.495476,0.561334,year_2024,0.288587,0.490304,0.176852,year_2024
leiden_local_r1p0,Leiden на графе профилей,14,52,0.225506,P23 X23,,0.139049,363.011561,,fit,0.781703,0.523272,0.708681,fit,0.247359,0.513733,0.168153,external,0.342152,0.513357,0.267532,external,0.085372,341.256554,,year_2024,0.63493,0.51548,0.552621,year_2024,0.229423,0.511463,0.152024,year_2024
leiden_profile_only,Leiden на графе профилей,4,256,0.421464,P23 X23,,0.186732,608.110818,1.005627,fit,0.907464,0.59696,0.616708,fit,0.550447,0.559774,0.241411,external,0.585522,0.549219,0.30364,external,0.159801,704.536984,0.831555,year_2024,0.827001,0.591287,0.522083,year_2024,0.515433,0.569412,0.216889,year_2024
network_two_level,сетевая типология Leiden (профиль и совместное движение),5,24,0.322745,C23 P23 X23,C24 X24,0.096593,356.33407,1.15441,fit,0.663546,0.51091,0.384906,fit,0.598689,0.463161,0.440586,fit,0.504167,0.447032,0.213427,external,0.113605,473.313114,0.975515,selection,0.641685,0.503815,0.384199,year_2024,0.455191,0.480866,0.240999,selection
network_typology,сетевая типология Leiden (профиль и совместное движение),3,249,0.350185,C23 P23 X23,C24 X24,0.229291,546.265087,1.09784,fit,0.897632,0.666667,0.400784,fit,0.76161,0.666667,0.313326,fit,0.633721,0.666667,0.206526,external,0.258587,760.088074,0.936119,selection,0.879513,0.666667,0.386374,year_2024,0.676058,0.666667,0.258438,selection
registry_type3,тип МО по реестру (без обучения),3,242,0.239014,,,0.08391,373.59345,1.11282,external,0.719021,0.666667,0.260685,external,0.659881,0.666667,0.21182,external,0.683126,0.666667,0.241823,external,0.113838,486.870009,1.016758,year_2024,0.715612,0.666667,0.258025,year_2024,0.650225,0.666667,0.219207,year_2024
registry_type4,тип МО по реестру (без обучения),4,242,0.202236,,,0.029619,252.417399,1.066624,external,0.557865,0.538449,0.234769,external,0.500359,0.530351,0.185025,external,0.611774,0.525066,0.29782,external,0.026002,327.41474,1.098254,year_2024,0.559932,0.5391,0.238607,year_2024,0.494212,0.538365,0.194541,year_2024
spectral3_profile_comovement,спектральная на графе профиля и совместного движения,3,159,0.37047,C23 P23 X23,,0.218718,517.325937,1.177678,fit,0.876767,0.666667,0.403476,fit,0.769378,0.666667,0.333722,fit,0.63185,0.666667,0.183908,external,0.255299,735.881412,1.069423,year_2024,0.863402,0.666667,0.394104,year_2024,0.652272,0.666667,0.234608,year_2024
spectral_global_k12,спектральная на графе профилей,12,2,0.242897,P23 X23,,0.162686,343.396937,,fit,0.663211,0.405494,0.669062,fit,0.25998,0.37664,0.189003,external,0.310707,0.412123,0.260493,external,0.11566,333.751147,,year_2024,0.55836,0.379498,0.549075,year_2024,0.249007,0.374043,0.170312,year_2024
spectral_global_k4,спектральная на графе профилей,4,8,0.371029,P23 X23,,0.362427,480.047706,0.749076,fit,0.756337,0.5649,0.311775,fit,0.443389,0.509078,0.20915,external,0.489551,0.537013,0.225042,external,0.35843,502.906225,,year_2024,0.650576,0.529188,0.297607,year_2024,0.469131,0.508217,0.221834,year_2024
spectral_global_k6,спектральная на графе профилей,6,8,0.366601,P23 X23,,0.253796,371.79682,,fit,0.727079,0.480752,0.402123,fit,0.374515,0.369075,0.242881,external,0.393023,0.401568,0.186103,external,0.205821,404.518656,,year_2024,0.611015,0.425554,0.377082,year_2024,0.365866,0.367962,0.220601,year_2024
spectral_global_k8,спектральная на графе профилей,8,2,0.54031,P23 X23,,0.176732,337.402554,,fit,0.636525,0.40019,0.558085,fit,0.291371,0.322985,0.192752,external,0.359748,0.366178,0.290797,external,0.145234,333.100019,,year_2024,0.519969,0.357167,0.484759,year_2024,0.298688,0.331075,0.194883,year_2024
spectral_local_k12,спектральная на графе профилей,12,28,0.229669,P23 X23,,0.140192,391.607262,,fit,0.782664,0.521702,0.676373,fit,0.268643,0.496019,0.158389,external,0.35219,0.501978,0.242282,external,0.083458,365.71013,,year_2024,0.668808,0.521038,0.538055,year_2024,0.249448,0.497084,0.141503,year_2024
spectral_local_k4,спектральная на графе профилей,4,81,0.53131,P23 X23,,0.20972,587.972051,0.907728,fit,0.904952,0.601487,0.551144,fit,0.535719,0.585398,0.219159,external,0.628751,0.589214,0.315387,external,0.18174,657.615497,0.877854,year_2024,0.85155,0.612086,0.483497,year_2024,0.536116,0.601878,0.216741,year_2024
spectral_local_k6,спектральная на графе профилей,6,66,0.378874,P23 X23,,0.165911,544.61647,0.870547,fit,0.870904,0.518936,0.640542,fit,0.409446,0.532031,0.205807,external,0.52808,0.517274,0.285379,external,0.134256,557.981606,0.784876,year_2024,0.782467,0.50556,0.540891,year_2024,0.397873,0.511236,0.180074,year_2024
spectral_local_k8,спектральная на графе профилей,8,62,0.303874,P23 X23,,0.147128,463.626433,0.669964,fit,0.836211,0.500954,0.662456,fit,0.36517,0.511894,0.205524,external,0.476877,0.50304,0.296179,external,0.100226,444.202589,0.820264,year_2024,0.734885,0.492457,0.540249,year_2024,0.3519,0.49926,0.179536,year_2024
spectral_transport_k4,спектральная на дорожном графе,4,8,0.096153,R,,0.241002,86.792634,1.522591,external,0.445919,0.535715,0.083581,external,0.30801,0.513476,0.023853,external,0.558008,0.668699,0.137566,fit,0.14834,50.336255,,year_2024,0.424328,0.536298,0.078467,year_2024,0.323082,0.514814,0.029054,year_2024
temporal_leiden_seed1729,"временной Leiden (24 месяца, профиль и дороги)",6,2,0.241772,P23 P24 R X23 X24,,-0.043915,268.859943,,fit,0.572732,0.446432,0.474741,fit,0.399309,0.39517,0.239364,external,0.724582,0.417643,0.604021,fit,-0.055142,282.889058,,fit,0.547137,0.438502,0.424515,fit,0.375754,0.397671,0.217852,year_2024
temporal_leiden_seed2718,"временной Leiden (24 месяца, профиль и дороги)",6,46,0.246937,P23 P24 R X23 X24,,0.092918,307.472311,0.793817,fit,0.659746,0.453789,0.454844,fit,0.417589,0.416351,0.224414,external,0.82448,0.441456,0.586475,fit,0.063709,293.807147,0.794744,fit,0.638985,0.451592,0.418871,fit,0.408535,0.416455,0.216761,year_2024
temporal_leiden_seed3141,"временной Leiden (24 месяца, профиль и дороги)",6,70,0.263564,P23 P24 R X23 X24,,0.116779,346.096537,,fit,0.669595,0.469969,0.485388,fit,0.427703,0.439904,0.242979,external,0.822975,0.449634,0.603279,fit,0.08395,316.099043,0.8235,fit,0.625966,0.468924,0.429364,fit,0.406111,0.439431,0.22119,year_2024
ward_k12,Ward,12,16,0.252145,P23 X23,,0.150571,397.435082,,fit,0.703172,0.504836,0.637126,fit,0.222338,0.456718,0.1997,external,0.305589,0.465005,0.253628,external,0.108364,360.566781,,year_2024,0.557676,0.483186,0.512734,year_2024,0.214853,0.458692,0.180118,year_2024
ward_k2,Ward,2,289,0.220396,P23 X23,,0.334622,737.809955,0.905168,fit,0.965726,1.0,0.230246,fit,0.859202,1.0,0.182894,external,0.90356,1.0,0.223873,external,0.372875,932.547783,0.786576,year_2024,0.959446,1.0,0.226909,year_2024,0.837374,1.0,0.184588,year_2024
ward_k3,Ward,3,289,0.517994,P23 X23,,0.208939,672.116136,1.086988,fit,0.910033,0.666667,0.512252,fit,0.674159,0.666667,0.266592,external,0.676276,0.666667,0.261231,external,0.217685,863.04209,0.914585,year_2024,0.871648,0.666667,0.466195,year_2024,0.621275,0.666667,0.217305,year_2024
ward_k4,Ward,4,138,0.584556,P23 X23,,0.211441,681.722309,0.959297,fit,0.88588,0.516327,0.543767,fit,0.535754,0.537631,0.262511,external,0.65934,0.513805,0.284446,external,0.220082,725.785688,0.879757,year_2024,0.809467,0.521612,0.486784,year_2024,0.506554,0.533885,0.222344,year_2024
ward_k6,Ward,6,138,0.442329,P23 X23,,0.152547,549.355426,1.006627,fit,0.824234,0.470349,0.61952,fit,0.377526,0.481351,0.229279,external,0.531528,0.433669,0.304223,external,0.124594,539.72306,0.902659,year_2024,0.711505,0.471915,0.521005,year_2024,0.352388,0.478468,0.191365,year_2024
ward_k8,Ward,8,138,0.380687,P23 X23,,0.149306,480.808305,,fit,0.78834,0.507821,0.650913,fit,0.318862,0.503803,0.229989,external,0.426725,0.465247,0.293204,external,0.116267,475.603873,0.655829,year_2024,0.675923,0.505084,0.543799,year_2024,0.299719,0.50215,0.196705,year_2024
