source_region_code,source_region_name,source_municipality_name,source_municipality_type,registry_name,registry_type,territory_id,entity_id,oktmo,year_from,year_to,candidate_method,candidate_count,manual_review_required,ambiguity_candidates
29,Архангельская область,Архангельск,городской округ,городской округ город Архангельск,городской округ,890,tid_890,11-701-000-000,2018,9999,normalized_region_type_core,1,True,городской округ город Архангельск [11-701-000-000]
29,Архангельская область,Коряжма,городской округ,городской округ город Коряжма,городской округ,891,tid_891,11-708-000-000,2018,9999,normalized_region_type_core,1,True,городской округ город Коряжма [11-708-000-000]
29,Архангельская область,Котлас,городской округ,городской округ Котлас,городской округ,892,tid_892,11-710-000-000,2018,9999,normalized_region_type_core,1,True,городской округ Котлас [11-710-000-000]
29,Архангельская область,Новая Земля,городской округ,,,,,,,,unmatched,0,True,
29,Архангельская область,Новодвинск,городской округ,городской округ город Новодвинск,городской округ,895,tid_895,11-715-000-000,2018,9999,normalized_region_type_core,1,True,городской округ город Новодвинск [11-715-000-000]
29,Архангельская область,Северодвинск,городской округ,городской округ Северодвинск,городской округ,896,tid_896,11-730-000-000,2018,9999,normalized_region_type_core,1,True,городской округ Северодвинск [11-730-000-000]
29,Архангельская область,Верхнетоемский муниципальный округ,муниципальный округ,Верхнетоемский муниципальный округ,муниципальный округ,898,tid_898,11-508-000-000,2022,9999,exact_region_type_name,1,True,Верхнетоемский муниципальный округ [11-508-000-000]
29,Архангельская область,Вилегодский муниципальный округ,муниципальный округ,муниципальный округ Вилегодский,муниципальный округ,899,tid_899,11-511-000-000,2021,9999,normalized_region_type_core,1,True,муниципальный округ Вилегодский [11-511-000-000]
29,Архангельская область,Виноградовский муниципальный округ,муниципальный округ,Виноградовский муниципальный округ,муниципальный округ,900,tid_900,11-514-000-000,2022,9999,exact_region_type_name,1,True,Виноградовский муниципальный округ [11-514-000-000]
29,Архангельская область,Каргопольский муниципальный округ,муниципальный округ,муниципальный округ Каргопольский,муниципальный округ,901,tid_901,11-518-000-000,2021,9999,normalized_region_type_core,1,True,муниципальный округ Каргопольский [11-518-000-000]
29,Архангельская область,Котласский муниципальный округ,муниципальный округ,Котласский муниципальный округ,муниципальный округ,903,tid_903,11-527-000-000,2023,9999,exact_region_type_name,1,True,Котласский муниципальный округ [11-527-000-000]
29,Архангельская область,Красноборский муниципальный округ,муниципальный округ,,,,,,,,unmatched,0,True,
29,Архангельская область,Лешуконский муниципальный округ,муниципальный округ,,,,,,,,unmatched,0,True,
29,Архангельская область,Мезенский муниципальный округ,муниципальный округ,Мезенский муниципальный округ,муниципальный округ,907,tid_907,11-542-000-000,2023,9999,exact_region_type_name,1,True,Мезенский муниципальный округ [11-542-000-000]
29,Архангельская область,Няндомский муниципальный округ,муниципальный округ,Няндомский муниципальный округ,муниципальный округ,908,tid_908,11-544-000-000,2023,9999,exact_region_type_name,1,True,Няндомский муниципальный округ [11-544-000-000]
29,Архангельская область,Пинежский муниципальный округ,муниципальный округ,,,,,,,,unmatched,0,True,
29,Архангельская область,Плесецкий муниципальный округ,муниципальный округ,Плесецкий муниципальный округ,муниципальный округ,911,tid_911,11-550-000-000,2022,9999,exact_region_type_name,1,True,Плесецкий муниципальный округ [11-550-000-000]
29,Архангельская область,Приморский муниципальный округ,муниципальный округ,,,,,,,,unmatched,0,True,
29,Архангельская область,Устьянский муниципальный округ,муниципальный округ,Устьянский муниципальный округ,муниципальный округ,913,tid_913,11-554-000-000,2023,9999,exact_region_type_name,1,True,Устьянский муниципальный округ [11-554-000-000]
29,Архангельская область,Холмогорский муниципальный округ,муниципальный округ,Холмогорский муниципальный округ,муниципальный округ,914,tid_914,11-556-000-000,2023,9999,exact_region_type_name,1,True,Холмогорский муниципальный округ [11-556-000-000]
29,Архангельская область,Шенкурский муниципальный округ,муниципальный округ,Шенкурский муниципальный округ,муниципальный округ,915,tid_915,11-558-000-000,2023,9999,exact_region_type_name,1,True,Шенкурский муниципальный округ [11-558-000-000]
29,Архангельская область,Вельский муниципальный район,муниципальный район,Вельский муниципальный район,муниципальный район,897,tid_897,11-605-000-000,2018,9999,exact_region_type_name,1,True,Вельский муниципальный район [11-605-000-000]
29,Архангельская область,Коношский муниципальный район,муниципальный район,Коношский муниципальный район,муниципальный район,902,tid_902,11-622-000-000,2018,9999,exact_region_type_name,1,True,Коношский муниципальный район [11-622-000-000]
29,Архангельская область,Ленский муниципальный район,муниципальный район,Ленский муниципальный район,муниципальный район,905,tid_905,11-635-000-000,2018,9999,exact_region_type_name,1,True,Ленский муниципальный район [11-635-000-000]
29,Архангельская область,Онежский муниципальный район,муниципальный район,Онежский муниципальный район,муниципальный район,909,tid_909,11-646-000-000,2018,9999,exact_region_type_name,1,True,Онежский муниципальный район [11-646-000-000]
83,Ненецкий автономный округ,Город Нарьян-Мар,город (тип уровня не указан в источнике),городской округ город Нарьян-Мар,городской округ,916,tid_916,11-851-000-000,2018,9999,normalized_region_type_core,1,True,городской округ город Нарьян-Мар [11-851-000-000]
83,Ненецкий автономный округ,Заполярный муниципальный район,муниципальный район,,,,,,,,unmatched,0,True,
3,Республика Бурятия,Баргузинский муниципальный район,муниципальный район,,,,,,,,unmatched,0,True,
3,Республика Бурятия,Баунтовский эвенкийский муниципальный район,муниципальный район,,,,,,,,unmatched,0,True,
3,Республика Бурятия,Бичурский муниципальный район,муниципальный район,,,,,,,,unmatched,0,True,
3,Республика Бурятия,Джидинский муниципальный район,муниципальный район,,,,,,,,unmatched,0,True,
3,Республика Бурятия,Еравнинский муниципальный район,муниципальный район,,,,,,,,unmatched,0,True,
3,Республика Бурятия,Заиграевский муниципальный район,муниципальный район,,,,,,,,unmatched,0,True,
3,Республика Бурятия,Закаменский муниципальный район,муниципальный район,,,,,,,,unmatched,0,True,
3,Республика Бурятия,Иволгинский муниципальный район,муниципальный район,,,,,,,,unmatched,0,True,
3,Республика Бурятия,Кабанский муниципальный район,муниципальный район,,,,,,,,unmatched,0,True,
3,Республика Бурятия,Кижингинский муниципальный район,муниципальный район,,,,,,,,unmatched,0,True,
3,Республика Бурятия,Курумканский муниципальный район,муниципальный район,,,,,,,,unmatched,0,True,
3,Республика Бурятия,Кяхтинский муниципальный район,муниципальный район,,,,,,,,unmatched,0,True,
3,Республика Бурятия,Муйский муниципальный район,муниципальный район,,,,,,,,unmatched,0,True,
3,Республика Бурятия,Мухоршибирский муниципальный район,муниципальный район,,,,,,,,unmatched,0,True,
3,Республика Бурятия,Окинский муниципальный район,муниципальный район,,,,,,,,unmatched,0,True,
3,Республика Бурятия,Прибайкальский муниципальный район,муниципальный район,,,,,,,,unmatched,0,True,
3,Республика Бурятия,Северо-Байкальский муниципальный район,муниципальный район,,,,,,,,unmatched,0,True,
3,Республика Бурятия,Селенгинский муниципальный район,муниципальный район,,,,,,,,unmatched,0,True,
3,Республика Бурятия,Тарбагатайский муниципальный район,муниципальный район,,,,,,,,unmatched,0,True,
3,Республика Бурятия,Тункинский муниципальный район,муниципальный район,,,,,,,,unmatched,0,True,
3,Республика Бурятия,Хоринский муниципальный район,муниципальный район,,,,,,,,unmatched,0,True,
3,Республика Бурятия,г. Улан-Удэ,город (тип уровня не указан в источнике),,,,,,,,unmatched,0,True,
3,Республика Бурятия,г. Северобайкальск,город (тип уровня не указан в источнике),,,,,,,,unmatched,0,True,
3,Республика Бурятия,г. Закаменск,город (тип уровня не указан в источнике),,,,,,,,unmatched,0,True,
3,Республика Бурятия,г. Бабушкин,город (тип уровня не указан в источнике),,,,,,,,unmatched,0,True,
3,Республика Бурятия,г. Кяхта,город (тип уровня не указан в источнике),,,,,,,,unmatched,0,True,
3,Республика Бурятия,г. Гусиноозерск,город (тип уровня не указан в источнике),,,,,,,,unmatched,0,True,
