source_region_code,source_region_name,source_municipality_name,source_municipality_type,registry_name,registry_type,territory_id,entity_id,oktmo,year_from,year_to,candidate_method,candidate_count,manual_review_required,ambiguity_candidates,manual_review_completed,cluster,profile_name,review_status,review_basis,official_source_oktmo_present,join_scope
29,Архангельская область,Архангельск,городской округ,городской округ город Архангельск,городской округ,890,tid_890,11-701-000-000,2018,9999,normalized_region_type_core,1,False,городской округ город Архангельск [11-701-000-000],True,0,Сбалансированный: средние МО,manual_name_type_region_version_verified,manual review of unique region+type+official-name candidate and registry validity in 2023-2024,False,20 Arkhangelsk Oblast + 1 Nenets AO municipalities only
29,Архангельская область,Коряжма,городской округ,городской округ город Коряжма,городской округ,891,tid_891,11-708-000-000,2018,9999,normalized_region_type_core,1,False,городской округ город Коряжма [11-708-000-000],True,0,Сбалансированный: средние МО,manual_name_type_region_version_verified,manual review of unique region+type+official-name candidate and registry validity in 2023-2024,False,20 Arkhangelsk Oblast + 1 Nenets AO municipalities only
29,Архангельская область,Котлас,городской округ,городской округ Котлас,городской округ,892,tid_892,11-710-000-000,2018,9999,normalized_region_type_core,1,False,городской округ Котлас [11-710-000-000],True,0,Сбалансированный: средние МО,manual_name_type_region_version_verified,manual review of unique region+type+official-name candidate and registry validity in 2023-2024,False,20 Arkhangelsk Oblast + 1 Nenets AO municipalities only
29,Архангельская область,Новодвинск,городской округ,городской округ город Новодвинск,городской округ,895,tid_895,11-715-000-000,2018,9999,normalized_region_type_core,1,False,городской округ город Новодвинск [11-715-000-000],True,1,Продуктовый: малые районы,manual_name_type_region_version_verified,manual review of unique region+type+official-name candidate and registry validity in 2023-2024,False,20 Arkhangelsk Oblast + 1 Nenets AO municipalities only
29,Архангельская область,Северодвинск,городской округ,городской округ Северодвинск,городской округ,896,tid_896,11-730-000-000,2018,9999,normalized_region_type_core,1,False,городской округ Северодвинск [11-730-000-000],True,0,Сбалансированный: средние МО,manual_name_type_region_version_verified,manual review of unique region+type+official-name candidate and registry validity in 2023-2024,False,20 Arkhangelsk Oblast + 1 Nenets AO municipalities only
29,Архангельская область,Верхнетоемский муниципальный округ,муниципальный округ,Верхнетоемский муниципальный округ,муниципальный округ,898,tid_898,11-508-000-000,2022,9999,exact_region_type_name,1,False,Верхнетоемский муниципальный округ [11-508-000-000],True,1,Продуктовый: малые районы,manual_name_type_region_version_verified,manual review of unique region+type+official-name candidate and registry validity in 2023-2024,False,20 Arkhangelsk Oblast + 1 Nenets AO municipalities only
29,Архангельская область,Вилегодский муниципальный округ,муниципальный округ,муниципальный округ Вилегодский,муниципальный округ,899,tid_899,11-511-000-000,2021,9999,normalized_region_type_core,1,False,муниципальный округ Вилегодский [11-511-000-000],True,0,Сбалансированный: средние МО,manual_name_type_region_version_verified,manual review of unique region+type+official-name candidate and registry validity in 2023-2024,False,20 Arkhangelsk Oblast + 1 Nenets AO municipalities only
29,Архангельская область,Виноградовский муниципальный округ,муниципальный округ,Виноградовский муниципальный округ,муниципальный округ,900,tid_900,11-514-000-000,2022,9999,exact_region_type_name,1,False,Виноградовский муниципальный округ [11-514-000-000],True,1,Продуктовый: малые районы,manual_name_type_region_version_verified,manual review of unique region+type+official-name candidate and registry validity in 2023-2024,False,20 Arkhangelsk Oblast + 1 Nenets AO municipalities only
29,Архангельская область,Каргопольский муниципальный округ,муниципальный округ,муниципальный округ Каргопольский,муниципальный округ,901,tid_901,11-518-000-000,2021,9999,normalized_region_type_core,1,False,муниципальный округ Каргопольский [11-518-000-000],True,1,Продуктовый: малые районы,manual_name_type_region_version_verified,manual review of unique region+type+official-name candidate and registry validity in 2023-2024,False,20 Arkhangelsk Oblast + 1 Nenets AO municipalities only
29,Архангельская область,Котласский муниципальный округ,муниципальный округ,Котласский муниципальный округ,муниципальный округ,903,tid_903,11-527-000-000,2023,9999,exact_region_type_name,1,False,Котласский муниципальный округ [11-527-000-000],True,1,Продуктовый: малые районы,manual_name_type_region_version_verified,manual review of unique region+type+official-name candidate and registry validity in 2023-2024,False,20 Arkhangelsk Oblast + 1 Nenets AO municipalities only
29,Архангельская область,Мезенский муниципальный округ,муниципальный округ,Мезенский муниципальный округ,муниципальный округ,907,tid_907,11-542-000-000,2023,9999,exact_region_type_name,1,False,Мезенский муниципальный округ [11-542-000-000],True,3,Удалённый: мало маркетплейсов,manual_name_type_region_version_verified,manual review of unique region+type+official-name candidate and registry validity in 2023-2024,False,20 Arkhangelsk Oblast + 1 Nenets AO municipalities only
29,Архангельская область,Няндомский муниципальный округ,муниципальный округ,Няндомский муниципальный округ,муниципальный округ,908,tid_908,11-544-000-000,2023,9999,exact_region_type_name,1,False,Няндомский муниципальный округ [11-544-000-000],True,1,Продуктовый: малые районы,manual_name_type_region_version_verified,manual review of unique region+type+official-name candidate and registry validity in 2023-2024,False,20 Arkhangelsk Oblast + 1 Nenets AO municipalities only
29,Архангельская область,Плесецкий муниципальный округ,муниципальный округ,Плесецкий муниципальный округ,муниципальный округ,911,tid_911,11-550-000-000,2022,9999,exact_region_type_name,1,False,Плесецкий муниципальный округ [11-550-000-000],True,1,Продуктовый: малые районы,manual_name_type_region_version_verified,manual review of unique region+type+official-name candidate and registry validity in 2023-2024,False,20 Arkhangelsk Oblast + 1 Nenets AO municipalities only
29,Архангельская область,Устьянский муниципальный округ,муниципальный округ,Устьянский муниципальный округ,муниципальный округ,913,tid_913,11-554-000-000,2023,9999,exact_region_type_name,1,False,Устьянский муниципальный округ [11-554-000-000],True,1,Продуктовый: малые районы,manual_name_type_region_version_verified,manual review of unique region+type+official-name candidate and registry validity in 2023-2024,False,20 Arkhangelsk Oblast + 1 Nenets AO municipalities only
29,Архангельская область,Холмогорский муниципальный округ,муниципальный округ,Холмогорский муниципальный округ,муниципальный округ,914,tid_914,11-556-000-000,2023,9999,exact_region_type_name,1,False,Холмогорский муниципальный округ [11-556-000-000],True,1,Продуктовый: малые районы,manual_name_type_region_version_verified,manual review of unique region+type+official-name candidate and registry validity in 2023-2024,False,20 Arkhangelsk Oblast + 1 Nenets AO municipalities only
29,Архангельская область,Шенкурский муниципальный округ,муниципальный округ,Шенкурский муниципальный округ,муниципальный округ,915,tid_915,11-558-000-000,2023,9999,exact_region_type_name,1,False,Шенкурский муниципальный округ [11-558-000-000],True,1,Продуктовый: малые районы,manual_name_type_region_version_verified,manual review of unique region+type+official-name candidate and registry validity in 2023-2024,False,20 Arkhangelsk Oblast + 1 Nenets AO municipalities only
29,Архангельская область,Вельский муниципальный район,муниципальный район,Вельский муниципальный район,муниципальный район,897,tid_897,11-605-000-000,2018,9999,exact_region_type_name,1,False,Вельский муниципальный район [11-605-000-000],True,1,Продуктовый: малые районы,manual_name_type_region_version_verified,manual review of unique region+type+official-name candidate and registry validity in 2023-2024,False,20 Arkhangelsk Oblast + 1 Nenets AO municipalities only
29,Архангельская область,Коношский муниципальный район,муниципальный район,Коношский муниципальный район,муниципальный район,902,tid_902,11-622-000-000,2018,9999,exact_region_type_name,1,False,Коношский муниципальный район [11-622-000-000],True,1,Продуктовый: малые районы,manual_name_type_region_version_verified,manual review of unique region+type+official-name candidate and registry validity in 2023-2024,False,20 Arkhangelsk Oblast + 1 Nenets AO municipalities only
29,Архангельская область,Ленский муниципальный район,муниципальный район,Ленский муниципальный район,муниципальный район,905,tid_905,11-635-000-000,2018,9999,exact_region_type_name,1,False,Ленский муниципальный район [11-635-000-000],True,1,Продуктовый: малые районы,manual_name_type_region_version_verified,manual review of unique region+type+official-name candidate and registry validity in 2023-2024,False,20 Arkhangelsk Oblast + 1 Nenets AO municipalities only
29,Архангельская область,Онежский муниципальный район,муниципальный район,Онежский муниципальный район,муниципальный район,909,tid_909,11-646-000-000,2018,9999,exact_region_type_name,1,False,Онежский муниципальный район [11-646-000-000],True,1,Продуктовый: малые районы,manual_name_type_region_version_verified,manual review of unique region+type+official-name candidate and registry validity in 2023-2024,False,20 Arkhangelsk Oblast + 1 Nenets AO municipalities only
83,Ненецкий автономный округ,Город Нарьян-Мар,город (тип уровня не указан в источнике),городской округ город Нарьян-Мар,городской округ,916,tid_916,11-851-000-000,2018,9999,normalized_region_type_core,1,False,городской округ город Нарьян-Мар [11-851-000-000],True,3,Удалённый: мало маркетплейсов,manual_name_type_region_version_verified,manual review of unique region+type+official-name candidate and registry validity in 2023-2024,False,20 Arkhangelsk Oblast + 1 Nenets AO municipalities only
