source,source_region_code,source_region_name,source_municipality_name,source_municipality_type,source_row,year,period,period_caption,organization_scope,headcount_people,headcount_status,prior_year_headcount_people,headcount_yoy_percent,payroll_thousand_rubles,payroll_status,monthly_wage_rubles,wage_status,prior_year_monthly_wage_rubles,wage_yoy_percent,municipal_form_headcount_people,municipal_form_headcount_status,municipal_form_payroll_thousand_rubles,municipal_form_payroll_status,municipal_form_monthly_wage_rubles,municipal_form_wage_status
Arkhangelskstat/NAOstat,29,Архангельская область,Архангельск,городской округ,7,2024,2024-01-01/2024-12-31,январь-декабрь 2024 года,organizations_excluding_small_businesses,83792,observed,,,91699648.8,observed,91197.6,observed,,,10289,observed,7342752.7,observed,59469.7,observed
Arkhangelskstat/NAOstat,29,Архангельская область,Коряжма,городской округ,27,2024,2024-01-01/2024-12-31,январь-декабрь 2024 года,organizations_excluding_small_businesses,10877,observed,,,9609229.1,observed,73622.2,observed,,,1778,observed,1120580.1,observed,52510.3,observed
Arkhangelskstat/NAOstat,29,Архангельская область,Котлас,городской округ,45,2024,2024-01-01/2024-12-31,январь-декабрь 2024 года,organizations_excluding_small_businesses,16503,observed,,,15530112.6,observed,78418.5,observed,,,3335,observed,2266441.9,observed,56639.2,observed
Arkhangelskstat/NAOstat,29,Архангельская область,Новая Земля,городской округ,63,2024,2024-01-01/2024-12-31,январь-декабрь 2024 года,organizations_excluding_small_businesses,937,observed,,,1720248.8,observed,152989.3,observed,,,50,observed,97737,observed,161666.3,observed
Arkhangelskstat/NAOstat,29,Архангельская область,Новодвинск,городской округ,75,2024,2024-01-01/2024-12-31,январь-декабрь 2024 года,organizations_excluding_small_businesses,9174,observed,,,8901079.6,observed,80850.2,observed,,,1683,observed,1086188.3,observed,53796.7,observed
Arkhangelskstat/NAOstat,29,Архангельская область,Северодвинск,городской округ,94,2024,2024-01-01/2024-12-31,январь-декабрь 2024 года,organizations_excluding_small_businesses,71367,observed,,,78930852.8,observed,92164.9,observed,,,8226,observed,6485789.3,observed,65705.4,observed
Arkhangelskstat/NAOstat,29,Архангельская область,Верхнетоемский муниципальный округ,муниципальный округ,115,2024,2024-01-01/2024-12-31,январь-декабрь 2024 года,organizations_excluding_small_businesses,1862,observed,,,1458994.3,observed,65286.4,observed,,,760,observed,508890.7,observed,55806,observed
Arkhangelskstat/NAOstat,29,Архангельская область,Вилегодский муниципальный округ,муниципальный округ,129,2024,2024-01-01/2024-12-31,январь-декабрь 2024 года,organizations_excluding_small_businesses,1529,observed,,,1168649.3,observed,63714,observed,,,680,observed,428708.1,observed,52561.7,observed
Arkhangelskstat/NAOstat,29,Архангельская область,Виноградовский муниципальный округ,муниципальный округ,143,2024,2024-01-01/2024-12-31,январь-декабрь 2024 года,organizations_excluding_small_businesses,2161,observed,,,1683081.6,observed,64888.9,observed,,,767,observed,560640.9,observed,60889.7,observed
Arkhangelskstat/NAOstat,29,Архангельская область,Каргопольский муниципальный округ,муниципальный округ,156,2024,2024-01-01/2024-12-31,январь-декабрь 2024 года,organizations_excluding_small_businesses,2375,observed,,,1703244,observed,59758.9,observed,,,1022,observed,659339,observed,53783.7,observed
Arkhangelskstat/NAOstat,29,Архангельская область,Котласский муниципальный округ,муниципальный округ,174,2024,2024-01-01/2024-12-31,январь-декабрь 2024 года,organizations_excluding_small_businesses,3420,observed,,,3865318.9,observed,94195.2,observed,,,860,observed,601677.8,observed,58311.6,observed
Arkhangelskstat/NAOstat,29,Архангельская область,Красноборский муниципальный округ,муниципальный округ,189,2024,2024-01-01/2024-12-31,январь-декабрь 2024 года,organizations_excluding_small_businesses,2020,observed,,,1608012.2,observed,66348.3,observed,,,823,observed,582062.5,observed,58939.2,observed
Arkhangelskstat/NAOstat,29,Архангельская область,Лешуконский муниципальный округ,муниципальный округ,205,2024,2024-01-01/2024-12-31,январь-декабрь 2024 года,organizations_excluding_small_businesses,1008,observed,,,920562.2,observed,76135.6,observed,,,411,observed,359742.7,observed,72968.9,observed
Arkhangelskstat/NAOstat,29,Архангельская область,Мезенский муниципальный округ,муниципальный округ,218,2024,2024-01-01/2024-12-31,январь-декабрь 2024 года,organizations_excluding_small_businesses,2853,observed,,,3645010.9,observed,106476.5,observed,,,667,observed,530037.6,observed,66219.6,observed
Arkhangelskstat/NAOstat,29,Архангельская область,Няндомский муниципальный округ,муниципальный округ,235,2024,2024-01-01/2024-12-31,январь-декабрь 2024 года,organizations_excluding_small_businesses,5659,observed,,,5488176.1,observed,80817.5,observed,,,1184,observed,845470.5,observed,59488.1,observed
Arkhangelskstat/NAOstat,29,Архангельская область,Пинежский муниципальный округ,муниципальный округ,254,2024,2024-01-01/2024-12-31,январь-декабрь 2024 года,organizations_excluding_small_businesses,4806,observed,,,4925210.8,observed,85401.6,observed,,,1339,observed,1103201.5,observed,68651.6,observed
Arkhangelskstat/NAOstat,29,Архангельская область,Плесецкий муниципальный округ,муниципальный округ,273,2024,2024-01-01/2024-12-31,январь-декабрь 2024 года,organizations_excluding_small_businesses,6733,observed,,,5673865.8,observed,70221.1,observed,,,1480,observed,1055479.9,observed,59415.3,observed
Arkhangelskstat/NAOstat,29,Архангельская область,Приморский муниципальный округ,муниципальный округ,293,2024,2024-01-01/2024-12-31,январь-декабрь 2024 года,organizations_excluding_small_businesses,6784,observed,,,7056945.6,observed,86680.3,observed,,,1256,observed,854496.1,observed,56692.5,observed
Arkhangelskstat/NAOstat,29,Архангельская область,Устьянский муниципальный округ,муниципальный округ,313,2024,2024-01-01/2024-12-31,январь-декабрь 2024 года,organizations_excluding_small_businesses,5591,observed,,,5047748.2,observed,75235.7,observed,,,1511,observed,1087516.7,observed,59989.7,observed
Arkhangelskstat/NAOstat,29,Архангельская область,Холмогорский муниципальный округ,муниципальный округ,331,2024,2024-01-01/2024-12-31,январь-декабрь 2024 года,organizations_excluding_small_businesses,2913,observed,,,2482566.3,observed,71012.4,observed,,,1074,observed,799593.5,observed,62033.6,observed
Arkhangelskstat/NAOstat,29,Архангельская область,Шенкурский муниципальный округ,муниципальный округ,349,2024,2024-01-01/2024-12-31,январь-декабрь 2024 года,organizations_excluding_small_businesses,1551,observed,,,1127831.6,observed,60597,observed,,,662,observed,439603.2,observed,55308.5,observed
Arkhangelskstat/NAOstat,29,Архангельская область,Вельский муниципальный район,муниципальный район,365,2024,2024-01-01/2024-12-31,январь-декабрь 2024 года,organizations_excluding_small_businesses,9417,observed,,,8118692.3,observed,71844.4,observed,,,2252,observed,1570656.9,observed,58112.6,observed
Arkhangelskstat/NAOstat,29,Архангельская область,Коношский муниципальный район,муниципальный район,384,2024,2024-01-01/2024-12-31,январь-декабрь 2024 года,organizations_excluding_small_businesses,3954,observed,,,3499343.3,observed,73751.9,observed,,,1130,observed,774519.7,observed,57135.7,observed
Arkhangelskstat/NAOstat,29,Архангельская область,Ленский муниципальный район,муниципальный район,401,2024,2024-01-01/2024-12-31,январь-декабрь 2024 года,organizations_excluding_small_businesses,2495,observed,,,2622632.1,observed,87595.2,observed,,,792,observed,556411.6,observed,58567.9,observed
Arkhangelskstat/NAOstat,29,Архангельская область,Онежский муниципальный район,муниципальный район,419,2024,2024-01-01/2024-12-31,январь-декабрь 2024 года,organizations_excluding_small_businesses,5221,observed,,,4583925.3,observed,73165.6,observed,,,1240,observed,831696.4,observed,55888.6,observed
Arkhangelskstat/NAOstat,83,Ненецкий автономный округ,Город Нарьян-Мар,город (тип уровня не указан в источнике),440,2024,2024-01-01/2024-12-31,январь-декабрь 2024 года,organizations_excluding_small_businesses,10902,observed,,,14874616,observed,113701.9,observed,,,852,observed,958205.6,observed,93670.6,observed
Arkhangelskstat/NAOstat,83,Ненецкий автономный округ,Заполярный муниципальный район,муниципальный район,460,2024,2024-01-01/2024-12-31,январь-декабрь 2024 года,organizations_excluding_small_businesses,14792,observed,,,28218354.6,observed,158968.4,observed,,,1317,observed,1495771.3,observed,94675.3,observed
Buryatstat,3,Республика Бурятия,Баргузинский муниципальный район,муниципальный район,6,2024,2024-01-01/2024-12-31,январь-декабрь 2024 г.; накопленным итогом,organizations_excluding_small_businesses,2573,observed,2634,97.7,,not_provided,58586.3,observed,53148.4,110.2,,not_provided,,not_provided,,not_provided
Buryatstat,3,Республика Бурятия,Баунтовский эвенкийский муниципальный район,муниципальный район,7,2024,2024-01-01/2024-12-31,январь-декабрь 2024 г.; накопленным итогом,organizations_excluding_small_businesses,2885,observed,2941,98.1,,not_provided,115788.5,observed,93705.9,123.6,,not_provided,,not_provided,,not_provided
Buryatstat,3,Республика Бурятия,Бичурский муниципальный район,муниципальный район,8,2024,2024-01-01/2024-12-31,январь-декабрь 2024 г.; накопленным итогом,organizations_excluding_small_businesses,2995,observed,2975,100.7,,not_provided,69334.3,observed,58448.6,118.6,,not_provided,,not_provided,,not_provided
Buryatstat,3,Республика Бурятия,Джидинский муниципальный район,муниципальный район,9,2024,2024-01-01/2024-12-31,январь-декабрь 2024 г.; накопленным итогом,organizations_excluding_small_businesses,2452,observed,2498,98.2,,not_provided,52038.8,observed,44464.8,117,,not_provided,,not_provided,,not_provided
Buryatstat,3,Республика Бурятия,Еравнинский муниципальный район,муниципальный район,10,2024,2024-01-01/2024-12-31,январь-декабрь 2024 г.; накопленным итогом,organizations_excluding_small_businesses,4492,observed,5211,86.2,,not_provided,112586.5,observed,91591.9,122.9,,not_provided,,not_provided,,not_provided
Buryatstat,3,Республика Бурятия,Заиграевский муниципальный район,муниципальный район,11,2024,2024-01-01/2024-12-31,январь-декабрь 2024 г.; накопленным итогом,organizations_excluding_small_businesses,6932,observed,7018,98.8,,not_provided,62641.5,observed,53668.1,116.7,,not_provided,,not_provided,,not_provided
Buryatstat,3,Республика Бурятия,Закаменский муниципальный район,муниципальный район,12,2024,2024-01-01/2024-12-31,январь-декабрь 2024 г.; накопленным итогом,organizations_excluding_small_businesses,3580,observed,3716,96.3,,not_provided,47674.7,observed,41520.5,114.8,,not_provided,,not_provided,,not_provided
Buryatstat,3,Республика Бурятия,Иволгинский муниципальный район,муниципальный район,13,2024,2024-01-01/2024-12-31,январь-декабрь 2024 г.; накопленным итогом,organizations_excluding_small_businesses,3418,observed,3304,103.4,,not_provided,57922.7,observed,49878.3,116.1,,not_provided,,not_provided,,not_provided
Buryatstat,3,Республика Бурятия,Кабанский муниципальный район,муниципальный район,14,2024,2024-01-01/2024-12-31,январь-декабрь 2024 г.; накопленным итогом,organizations_excluding_small_businesses,9031,observed,9214,98,,not_provided,62687.6,observed,53281.2,117.7,,not_provided,,not_provided,,not_provided
Buryatstat,3,Республика Бурятия,Кижингинский муниципальный район,муниципальный район,15,2024,2024-01-01/2024-12-31,январь-декабрь 2024 г.; накопленным итогом,organizations_excluding_small_businesses,1652,observed,1687,98,,not_provided,50322.7,observed,43985.8,114.4,,not_provided,,not_provided,,not_provided
Buryatstat,3,Республика Бурятия,Курумканский муниципальный район,муниципальный район,16,2024,2024-01-01/2024-12-31,январь-декабрь 2024 г.; накопленным итогом,organizations_excluding_small_businesses,1507,observed,1498,100.6,,not_provided,60544.8,observed,51948.3,116.5,,not_provided,,not_provided,,not_provided
Buryatstat,3,Республика Бурятия,Кяхтинский муниципальный район,муниципальный район,17,2024,2024-01-01/2024-12-31,январь-декабрь 2024 г.; накопленным итогом,organizations_excluding_small_businesses,4762,observed,4806,99.1,,not_provided,60799.6,observed,49389.8,123.1,,not_provided,,not_provided,,not_provided
Buryatstat,3,Республика Бурятия,Муйский муниципальный район,муниципальный район,18,2024,2024-01-01/2024-12-31,январь-декабрь 2024 г.; накопленным итогом,organizations_excluding_small_businesses,4967,observed,4653,106.7,,not_provided,135925.1,observed,115366.2,117.8,,not_provided,,not_provided,,not_provided
Buryatstat,3,Республика Бурятия,Мухоршибирский муниципальный район,муниципальный район,19,2024,2024-01-01/2024-12-31,январь-декабрь 2024 г.; накопленным итогом,organizations_excluding_small_businesses,4769,observed,4680,101.9,,not_provided,78466.8,observed,66086.1,118.7,,not_provided,,not_provided,,not_provided
Buryatstat,3,Республика Бурятия,Окинский муниципальный район,муниципальный район,20,2024,2024-01-01/2024-12-31,январь-декабрь 2024 г.; накопленным итогом,organizations_excluding_small_businesses,1583,observed,1526,103.7,,not_provided,90079.6,observed,77754.5,115.9,,not_provided,,not_provided,,not_provided
Buryatstat,3,Республика Бурятия,Прибайкальский муниципальный район,муниципальный район,21,2024,2024-01-01/2024-12-31,январь-декабрь 2024 г.; накопленным итогом,organizations_excluding_small_businesses,3118,observed,3250,95.9,,not_provided,59712.6,observed,49825.5,119.8,,not_provided,,not_provided,,not_provided
Buryatstat,3,Республика Бурятия,Северо-Байкальский муниципальный район,муниципальный район,22,2024,2024-01-01/2024-12-31,январь-декабрь 2024 г.; накопленным итогом,organizations_excluding_small_businesses,3487,observed,3911,89.2,,not_provided,109845.1,observed,96525.9,113.8,,not_provided,,not_provided,,not_provided
Buryatstat,3,Республика Бурятия,Селенгинский муниципальный район,муниципальный район,23,2024,2024-01-01/2024-12-31,январь-декабрь 2024 г.; накопленным итогом,organizations_excluding_small_businesses,5370,observed,5603,95.9,,not_provided,71174.6,observed,59323.2,120,,not_provided,,not_provided,,not_provided
Buryatstat,3,Республика Бурятия,Тарбагатайский муниципальный район,муниципальный район,24,2024,2024-01-01/2024-12-31,январь-декабрь 2024 г.; накопленным итогом,organizations_excluding_small_businesses,1989,observed,1892,105.2,,not_provided,56676.4,observed,48125.5,117.8,,not_provided,,not_provided,,not_provided
Buryatstat,3,Республика Бурятия,Тункинский муниципальный район,муниципальный район,25,2024,2024-01-01/2024-12-31,январь-декабрь 2024 г.; накопленным итогом,organizations_excluding_small_businesses,2694,observed,2722,99,,not_provided,53093.9,observed,47417,112,,not_provided,,not_provided,,not_provided
Buryatstat,3,Республика Бурятия,Хоринский муниципальный район,муниципальный район,26,2024,2024-01-01/2024-12-31,январь-декабрь 2024 г.; накопленным итогом,organizations_excluding_small_businesses,2035,observed,2049,99.4,,not_provided,52188.8,observed,45152.7,115.6,,not_provided,,not_provided,,not_provided
Buryatstat,3,Республика Бурятия,г. Улан-Удэ,город (тип уровня не указан в источнике),27,2024,2024-01-01/2024-12-31,январь-декабрь 2024 г.; накопленным итогом,organizations_excluding_small_businesses,90837,observed,90484,100.4,,not_provided,77647.8,observed,65780.9,118,,not_provided,,not_provided,,not_provided
Buryatstat,3,Республика Бурятия,г. Северобайкальск,город (тип уровня не указан в источнике),28,2024,2024-01-01/2024-12-31,январь-декабрь 2024 г.; накопленным итогом,organizations_excluding_small_businesses,6176,observed,6121,100.9,,not_provided,109723.6,observed,92163.3,119.1,,not_provided,,not_provided,,not_provided
Buryatstat,3,Республика Бурятия,г. Закаменск,город (тип уровня не указан в источнике),29,2024,2024-01-01/2024-12-31,январь-декабрь 2024 г.; накопленным итогом,organizations_excluding_small_businesses,2320,observed,2439,95.1,,not_provided,53101.1,observed,46600.9,113.9,,not_provided,,not_provided,,not_provided
Buryatstat,3,Республика Бурятия,г. Бабушкин,город (тип уровня не указан в источнике),30,2024,2024-01-01/2024-12-31,январь-декабрь 2024 г.; накопленным итогом,organizations_excluding_small_businesses,1167,observed,1163,100.3,,not_provided,75939.2,observed,66486.7,114.2,,not_provided,,not_provided,,not_provided
Buryatstat,3,Республика Бурятия,г. Кяхта,город (тип уровня не указан в источнике),31,2024,2024-01-01/2024-12-31,январь-декабрь 2024 г.; накопленным итогом,organizations_excluding_small_businesses,3164,observed,3253,97.3,,not_provided,57489.8,observed,47861.2,120.1,,not_provided,,not_provided,,not_provided
Buryatstat,3,Республика Бурятия,г. Гусиноозерск,город (тип уровня не указан в источнике),32,2024,2024-01-01/2024-12-31,январь-декабрь 2024 г.; накопленным итогом,organizations_excluding_small_businesses,4422,observed,4657,94.9,,not_provided,74451.3,observed,61827.2,120.4,,not_provided,,not_provided,,not_provided
