entity_id,area,region_name,year,value,group,kmeans4
tid_1047,Бабаевский муниципальный округ,Вологодская область,2024,0.755,Сбалансированные районы,1
tid_1047,Бабаевский муниципальный округ,Вологодская область,2025,0.753,Сбалансированные районы,1
tid_1048,Бабушкинский муниципальный округ,Вологодская область,2024,0.391,Сбалансированные районы,0
tid_1048,Бабушкинский муниципальный округ,Вологодская область,2025,0.414,Сбалансированные районы,0
tid_1049,Белозерский муниципальный округ,Вологодская область,2024,0.584,Сбалансированные районы,0
tid_1049,Белозерский муниципальный округ,Вологодская область,2025,0.604,Сбалансированные районы,0
tid_1051,Великоустюгский муниципальный округ,Вологодская область,2024,1.104,Сбалансированные районы,0
tid_1051,Великоустюгский муниципальный округ,Вологодская область,2025,1.131,Сбалансированные районы,0
tid_1052,Верховажский муниципальный округ,Вологодская область,2024,0.522,Сбалансированные районы,1
tid_1052,Верховажский муниципальный округ,Вологодская область,2025,0.511,Сбалансированные районы,1
tid_1053,Вожегодский муниципальный округ,Вологодская область,2024,0.426,Сбалансированные районы,1
tid_1053,Вожегодский муниципальный округ,Вологодская область,2025,0.399,Сбалансированные районы,1
tid_1054,Вологодский муниципальный округ,Вологодская область,2024,2.386,Сбалансированные районы,0
tid_1054,Вологодский муниципальный округ,Вологодская область,2025,2.565,Сбалансированные районы,0
tid_1055,Вытегорский муниципальный район,Вологодская область,2024,1.078,Сбалансированные районы,1
tid_1055,Вытегорский муниципальный район,Вологодская область,2025,1.378,Сбалансированные районы,1
tid_1056,Грязовецкий муниципальный округ,Вологодская область,2024,0.519,Сбалансированные районы,1
tid_1056,Грязовецкий муниципальный округ,Вологодская область,2025,0.564,Сбалансированные районы,1
tid_1057,Кадуйский муниципальный округ,Вологодская область,2024,0.719,Сбалансированные районы,1
tid_1057,Кадуйский муниципальный округ,Вологодская область,2025,0.697,Сбалансированные районы,1
tid_1058,Кирилловский муниципальный округ,Вологодская область,2024,0.472,Сбалансированные районы,1
tid_1058,Кирилловский муниципальный округ,Вологодская область,2025,0.511,Сбалансированные районы,1
tid_1059,Кичменгско-Городецкий муниципальный округ,Вологодская область,2024,0.936,Сбалансированные районы,0
tid_1059,Кичменгско-Городецкий муниципальный округ,Вологодская область,2025,0.915,Сбалансированные районы,0
tid_1060,Междуреченский муниципальный округ,Вологодская область,2024,0.144,Сбалансированные районы,1
tid_1060,Междуреченский муниципальный округ,Вологодская область,2025,0.233,Сбалансированные районы,1
tid_1061,Никольский муниципальный округ,Вологодская область,2024,0.621,Сбалансированные районы,0
tid_1061,Никольский муниципальный округ,Вологодская область,2025,0.632,Сбалансированные районы,0
tid_1062,Нюксенский муниципальный округ,Вологодская область,2024,0.45,Сбалансированные районы,1
tid_1062,Нюксенский муниципальный округ,Вологодская область,2025,0.471,Сбалансированные районы,1
tid_1063,Сокольский муниципальный округ,Вологодская область,2024,0.886,Сбалансированные районы,1
tid_1063,Сокольский муниципальный округ,Вологодская область,2025,0.889,Сбалансированные районы,1
tid_1064,Сямженский муниципальный округ,Вологодская область,2024,0.361,Сбалансированные районы,1
tid_1064,Сямженский муниципальный округ,Вологодская область,2025,0.367,Сбалансированные районы,1
tid_1065,Тарногский муниципальный округ,Вологодская область,2024,0.432,Сбалансированные районы,1
tid_1065,Тарногский муниципальный округ,Вологодская область,2025,0.436,Сбалансированные районы,1
tid_1066,Тотемский муниципальный округ,Вологодская область,2024,0.598,Сбалансированные районы,1
tid_1066,Тотемский муниципальный округ,Вологодская область,2025,0.602,Сбалансированные районы,1
tid_1067,Усть-Кубинский муниципальный округ,Вологодская область,2024,0.41,Сбалансированные районы,1
tid_1067,Усть-Кубинский муниципальный округ,Вологодская область,2025,0.522,Сбалансированные районы,1
tid_1068,Устюженский муниципальный округ,Вологодская область,2024,0.567,Сбалансированные районы,1
tid_1068,Устюженский муниципальный округ,Вологодская область,2025,0.569,Сбалансированные районы,1
tid_1069,Харовский муниципальный округ,Вологодская область,2024,0.408,Сбалансированные районы,1
tid_1069,Харовский муниципальный округ,Вологодская область,2025,0.441,Сбалансированные районы,1
tid_1070,Чагодощенский муниципальный округ,Вологодская область,2024,0.88,Продуктовые районы с маркетплейсами,1
tid_1070,Чагодощенский муниципальный округ,Вологодская область,2025,1.043,Продуктовые районы с маркетплейсами,1
tid_1071,Череповецкий муниципальный район,Вологодская область,2024,3.05,Сбалансированные районы,0
tid_1071,Череповецкий муниципальный район,Вологодская область,2025,2.736,Сбалансированные районы,0
tid_1072,Шекснинский муниципальный район,Вологодская область,2024,0.916,Сбалансированные районы,1
tid_1072,Шекснинский муниципальный район,Вологодская область,2025,0.955,Сбалансированные районы,1
tid_1176,городской округ город Калининград,Калининградская область,2024,3.847,Города и Москва,2
tid_1176,городской округ город Калининград,Калининградская область,2025,3.665,Города и Москва,2
tid_1178,городской округ Мамоновский,Калининградская область,2024,0.398,Сбалансированные районы,0
tid_1178,городской округ Мамоновский,Калининградская область,2025,0.385,Сбалансированные районы,0
tid_1179,городской округ Пионерский,Калининградская область,2024,1.654,Города и Москва,0
tid_1179,городской округ Пионерский,Калининградская область,2025,0.948,Города и Москва,0
tid_1180,городской округ Светловский,Калининградская область,2024,0.497,Города и Москва,0
tid_1180,городской округ Светловский,Калининградская область,2025,0.607,Города и Москва,0
tid_1181,городской округ Советский,Калининградская область,2024,0.702,Сбалансированные районы,0
tid_1181,городской округ Советский,Калининградская область,2025,0.645,Сбалансированные районы,0
tid_1184,городской округ Балтийский,Калининградская область,2024,0.901,Города и Москва,0
tid_1184,городской округ Балтийский,Калининградская область,2025,0.866,Города и Москва,0
tid_1185,муниципальный округ Гвардейский,Калининградская область,2024,0.567,Сбалансированные районы,3
tid_1185,муниципальный округ Гвардейский,Калининградская область,2025,0.602,Сбалансированные районы,3
tid_1186,муниципальный округ Гурьевский,Калининградская область,2024,3.805,Города и Москва,2
tid_1186,муниципальный округ Гурьевский,Калининградская область,2025,3.856,Города и Москва,2
tid_1187,городской округ Гусевский,Калининградская область,2024,0.586,Сбалансированные районы,0
tid_1187,городской округ Гусевский,Калининградская область,2025,0.573,Сбалансированные районы,0
tid_1188,муниципальный округ Зеленоградский,Калининградская область,2024,9.31,Города и Москва,2
tid_1188,муниципальный округ Зеленоградский,Калининградская область,2025,8.606,Города и Москва,2
tid_1189,муниципальный округ Краснознаменский,Калининградская область,2024,5.742,Сбалансированные районы,0
tid_1189,муниципальный округ Краснознаменский,Калининградская область,2025,3.228,Сбалансированные районы,0
tid_1190,городской округ Светлогорский,Калининградская область,2024,7.195,Города и Москва,2
tid_1190,городской округ Светлогорский,Калининградская область,2025,6.802,Города и Москва,2
tid_1191,муниципальный округ Неманский,Калининградская область,2024,3.453,Сбалансированные районы,0
tid_1191,муниципальный округ Неманский,Калининградская область,2025,3.512,Сбалансированные районы,0
tid_1192,муниципальный округ Нестеровский,Калининградская область,2024,2.603,Сбалансированные районы,0
tid_1192,муниципальный округ Нестеровский,Калининградская область,2025,3.386,Сбалансированные районы,0
tid_1193,муниципальный округ Озерский,Калининградская область,2024,0.665,Сбалансированные районы,0
tid_1193,муниципальный округ Озерский,Калининградская область,2025,1.222,Сбалансированные районы,0
tid_1194,муниципальный округ Полесский,Калининградская область,2024,0.481,Сбалансированные районы,0
tid_1194,муниципальный округ Полесский,Калининградская область,2025,0.512,Сбалансированные районы,0
tid_1195,муниципальный округ Правдинский,Калининградская область,2024,0.584,Сбалансированные районы,0
tid_1195,муниципальный округ Правдинский,Калининградская область,2025,0.629,Сбалансированные районы,0
tid_1196,муниципальный округ Славский,Калининградская область,2024,3.713,Сбалансированные районы,0
tid_1196,муниципальный округ Славский,Калининградская область,2025,4.257,Сбалансированные районы,0
tid_1197,муниципальный округ Черняховский,Калининградская область,2024,0.863,Сбалансированные районы,0
tid_1197,муниципальный округ Черняховский,Калининградская область,2025,0.798,Сбалансированные районы,0
tid_1392,Бокситогорский муниципальный район,Ленинградская область,2024,0.482,Продуктовые районы с маркетплейсами,1
tid_1392,Бокситогорский муниципальный район,Ленинградская область,2025,0.474,Продуктовые районы с маркетплейсами,1
tid_1393,Волосовский муниципальный район,Ленинградская область,2024,2.479,Города и Москва,1
tid_1393,Волосовский муниципальный район,Ленинградская область,2025,2.941,Города и Москва,1
tid_1394,Волховский муниципальный район,Ленинградская область,2024,2.356,Продуктовые районы вне лета,0
tid_1394,Волховский муниципальный район,Ленинградская область,2025,1.969,Продуктовые районы вне лета,0
tid_1395,Всеволожский муниципальный район,Ленинградская область,2024,6.169,Города и Москва,2
tid_1395,Всеволожский муниципальный район,Ленинградская область,2025,6.865,Города и Москва,2
tid_1396,Выборгский муниципальный район,Ленинградская область,2024,4.739,Города и Москва,0
tid_1396,Выборгский муниципальный район,Ленинградская область,2025,5.624,Города и Москва,0
tid_1397,Гатчинский муниципальный район,Ленинградская область,2024,6.548,Города и Москва,2
tid_1397,Гатчинский муниципальный район,Ленинградская область,2025,6.798,Города и Москва,2
tid_1398,Кингисеппский муниципальный район,Ленинградская область,2024,3.985,Города и Москва,0
tid_1398,Кингисеппский муниципальный район,Ленинградская область,2025,3.906,Города и Москва,0
tid_1399,Киришский муниципальный район,Ленинградская область,2024,0.807,Продуктовые районы вне лета,0
tid_1399,Киришский муниципальный район,Ленинградская область,2025,0.709,Продуктовые районы вне лета,0
tid_1400,Кировский муниципальный район,Ленинградская область,2024,6.212,Города и Москва,0
tid_1400,Кировский муниципальный район,Ленинградская область,2025,6.189,Города и Москва,0
tid_1401,Лодейнопольский муниципальный район,Ленинградская область,2024,0.773,Продуктовые районы вне лета,1
tid_1401,Лодейнопольский муниципальный район,Ленинградская область,2025,0.762,Продуктовые районы вне лета,1
tid_1402,Ломоносовский муниципальный район,Ленинградская область,2024,7.092,Города и Москва,2
tid_1402,Ломоносовский муниципальный район,Ленинградская область,2025,7.328,Города и Москва,2
tid_1403,Лужский муниципальный район,Ленинградская область,2024,5.061,Продуктовые районы вне лета,0
tid_1403,Лужский муниципальный район,Ленинградская область,2025,6.071,Продуктовые районы вне лета,0
tid_1404,Подпорожский муниципальный район,Ленинградская область,2024,0.841,Сбалансированные районы,1
tid_1404,Подпорожский муниципальный район,Ленинградская область,2025,0.805,Сбалансированные районы,1
tid_1405,Приозерский муниципальный район,Ленинградская область,2024,4.668,Города и Москва,0
tid_1405,Приозерский муниципальный район,Ленинградская область,2025,5.421,Города и Москва,0
tid_1406,Сланцевский муниципальный район,Ленинградская область,2024,1.014,Города и Москва,1
tid_1406,Сланцевский муниципальный район,Ленинградская область,2025,0.984,Города и Москва,1
tid_1407,Тихвинский муниципальный район,Ленинградская область,2024,3.431,Продуктовые районы вне лета,0
tid_1407,Тихвинский муниципальный район,Ленинградская область,2025,1.634,Продуктовые районы вне лета,0
tid_1408,Тосненский муниципальный район,Ленинградская область,2024,9.315,Города и Москва,0
tid_1408,Тосненский муниципальный район,Ленинградская область,2025,9.602,Города и Москва,0
tid_1409,городской округ Сосновоборский,Ленинградская область,2024,2.111,Города и Москва,2
tid_1409,городской округ Сосновоборский,Ленинградская область,2025,3.955,Города и Москва,2
tid_1506,городской округ город Мурманск,Мурманская область,2024,3.602,Продуктовые районы вне лета,2
tid_1506,городской округ город Мурманск,Мурманская область,2025,3.323,Продуктовые районы вне лета,2
tid_1507,муниципальный округ город Апатиты,Мурманская область,2024,4.114,Продуктовые районы вне лета,0
tid_1507,муниципальный округ город Апатиты,Мурманская область,2025,1.346,Продуктовые районы вне лета,0
tid_1508,муниципальный округ город Кировск,Мурманская область,2024,4.113,Продуктовые районы вне лета,0
tid_1508,муниципальный округ город Кировск,Мурманская область,2025,5.278,Продуктовые районы вне лета,0
tid_1509,муниципальный округ город Мончегорск,Мурманская область,2024,0.795,Продуктовые районы вне лета,0
tid_1509,муниципальный округ город Мончегорск,Мурманская область,2025,0.77,Продуктовые районы вне лета,0
tid_1510,муниципальный округ город Оленегорск,Мурманская область,2024,0.444,Продуктовые районы вне лета,1
tid_1510,муниципальный округ город Оленегорск,Мурманская область,2025,0.462,Продуктовые районы вне лета,1
tid_1511,муниципальный округ город Полярные Зори,Мурманская область,2024,1.651,Продуктовые районы вне лета,0
tid_1511,муниципальный округ город Полярные Зори,Мурманская область,2025,2.519,Продуктовые районы вне лета,0
tid_1512,Ковдорский муниципальный округ,Мурманская область,2024,0.373,Продуктовые районы вне лета,1
tid_1512,Ковдорский муниципальный округ,Мурманская область,2025,0.382,Продуктовые районы вне лета,1
tid_1518,Кандалакшский муниципальный район,Мурманская область,2024,1.073,Продуктовые районы вне лета,0
tid_1518,Кандалакшский муниципальный район,Мурманская область,2025,1.014,Продуктовые районы вне лета,0
tid_1519,Кольский муниципальный район,Мурманская область,2024,2.525,Продуктовые районы вне лета,0
tid_1519,Кольский муниципальный район,Мурманская область,2025,2.797,Продуктовые районы вне лета,0
tid_1520,Ловозерский муниципальный район,Мурманская область,2024,0.25,Продуктовые районы вне лета,1
tid_1520,Ловозерский муниципальный район,Мурманская область,2025,0.249,Продуктовые районы вне лета,1
tid_1521,Печенгский муниципальный округ,Мурманская область,2024,0.434,Продуктовые районы вне лета,0
tid_1521,Печенгский муниципальный округ,Мурманская область,2025,0.431,Продуктовые районы вне лета,0
tid_1522,Терский муниципальный район,Мурманская область,2024,0.644,Продуктовые районы вне лета,1
tid_1522,Терский муниципальный район,Мурманская область,2025,0.73,Продуктовые районы вне лета,1
tid_1575,городской округ Великий Новгород,Новгородская область,2024,1.761,Продуктовые районы с маркетплейсами,0
tid_1575,городской округ Великий Новгород,Новгородская область,2025,1.83,Продуктовые районы с маркетплейсами,0
tid_1577,Боровичский муниципальный район,Новгородская область,2024,0.957,Продуктовые районы с маркетплейсами,0
tid_1577,Боровичский муниципальный район,Новгородская область,2025,0.979,Продуктовые районы с маркетплейсами,0
tid_1578,Валдайский муниципальный район,Новгородская область,2024,0.601,Продуктовые районы с маркетплейсами,1
tid_1578,Валдайский муниципальный район,Новгородская область,2025,0.681,Продуктовые районы с маркетплейсами,1
tid_1579,муниципальный округ Волотовский,Новгородская область,2024,0.259,Продуктовые районы с маркетплейсами,1
tid_1579,муниципальный округ Волотовский,Новгородская область,2025,0.21,Продуктовые районы с маркетплейсами,1
tid_1580,муниципальный округ Демянский,Новгородская область,2024,0.503,Продуктовые районы с маркетплейсами,1
tid_1580,муниципальный округ Демянский,Новгородская область,2025,0.542,Продуктовые районы с маркетплейсами,1
tid_1581,муниципальный округ Крестецкий,Новгородская область,2024,0.683,Продуктовые районы с маркетплейсами,1
tid_1581,муниципальный округ Крестецкий,Новгородская область,2025,0.689,Продуктовые районы с маркетплейсами,1
tid_1582,Любытинский муниципальный район,Новгородская область,2024,0.488,Продуктовые районы с маркетплейсами,1
tid_1582,Любытинский муниципальный район,Новгородская область,2025,0.476,Продуктовые районы с маркетплейсами,1
tid_1583,Маловишерский муниципальный район,Новгородская область,2024,0.7,Продуктовые районы с маркетплейсами,1
tid_1583,Маловишерский муниципальный район,Новгородская область,2025,0.707,Продуктовые районы с маркетплейсами,1
tid_1584,муниципальный округ Марёвский,Новгородская область,2024,0.492,Продуктовые районы с маркетплейсами,1
tid_1584,муниципальный округ Марёвский,Новгородская область,2025,0.444,Продуктовые районы с маркетплейсами,1
tid_1586,Новгородский муниципальный район,Новгородская область,2024,2.392,Продуктовые районы с маркетплейсами,0
tid_1586,Новгородский муниципальный район,Новгородская область,2025,2.675,Продуктовые районы с маркетплейсами,0
tid_1587,Окуловский муниципальный район,Новгородская область,2024,1.624,Продуктовые районы с маркетплейсами,1
tid_1587,Окуловский муниципальный район,Новгородская область,2025,1.637,Продуктовые районы с маркетплейсами,1
tid_1588,Парфинский муниципальный район,Новгородская область,2024,0.655,Продуктовые районы с маркетплейсами,1
tid_1588,Парфинский муниципальный район,Новгородская область,2025,0.708,Продуктовые районы с маркетплейсами,1
tid_1589,муниципальный округ Пестовский,Новгородская область,2024,0.795,Продуктовые районы с маркетплейсами,1
tid_1589,муниципальный округ Пестовский,Новгородская область,2025,0.826,Продуктовые районы с маркетплейсами,1
tid_1590,Поддорский муниципальный район,Новгородская область,2024,0.231,Продуктовые районы с маркетплейсами,1
tid_1590,Поддорский муниципальный район,Новгородская область,2025,0.228,Продуктовые районы с маркетплейсами,1
tid_1591,муниципальный округ Солецкий,Новгородская область,2024,0.53,Продуктовые районы с маркетплейсами,1
tid_1591,муниципальный округ Солецкий,Новгородская область,2025,0.458,Продуктовые районы с маркетплейсами,1
tid_1592,Старорусский муниципальный район,Новгородская область,2024,0.83,Продуктовые районы с маркетплейсами,0
tid_1592,Старорусский муниципальный район,Новгородская область,2025,0.938,Продуктовые районы с маркетплейсами,0
tid_1593,муниципальный округ Хвойнинский,Новгородская область,2024,0.786,Продуктовые районы с маркетплейсами,1
tid_1593,муниципальный округ Хвойнинский,Новгородская область,2025,0.857,Продуктовые районы с маркетплейсами,1
tid_1594,Холмский муниципальный район,Новгородская область,2024,0.323,Продуктовые районы с маркетплейсами,1
tid_1594,Холмский муниципальный район,Новгородская область,2025,0.321,Продуктовые районы с маркетплейсами,1
tid_1595,Чудовский муниципальный район,Новгородская область,2024,0.663,Продуктовые районы с маркетплейсами,1
tid_1595,Чудовский муниципальный район,Новгородская область,2025,0.67,Продуктовые районы с маркетплейсами,1
tid_1596,Шимский муниципальный район,Новгородская область,2024,0.434,Продуктовые районы с маркетплейсами,1
tid_1596,Шимский муниципальный район,Новгородская область,2025,0.418,Продуктовые районы с маркетплейсами,1
tid_1764,городской округ город Псков,Псковская область,2024,2.137,Продуктовые районы с маркетплейсами,0
tid_1764,городской округ город Псков,Псковская область,2025,2.106,Продуктовые районы с маркетплейсами,0
tid_1765,городской округ город Великие Луки,Псковская область,2024,1.223,Продуктовые районы с маркетплейсами,0
tid_1765,городской округ город Великие Луки,Псковская область,2025,1.21,Продуктовые районы с маркетплейсами,0
tid_1766,Бежаницкий муниципальный район,Псковская область,2024,0.384,Сбалансированные районы,1
tid_1766,Бежаницкий муниципальный район,Псковская область,2025,0.466,Сбалансированные районы,1
tid_1768,Гдовский муниципальный район,Псковская область,2024,0.318,Продуктовые районы вне лета,1
tid_1768,Гдовский муниципальный район,Псковская область,2025,0.345,Продуктовые районы вне лета,1
tid_1769,Дедовичский муниципальный район,Псковская область,2024,1.195,Продуктовые районы с маркетплейсами,1
tid_1769,Дедовичский муниципальный район,Псковская область,2025,1.384,Продуктовые районы с маркетплейсами,1
tid_1770,Дновский муниципальный район,Псковская область,2024,0.467,Продуктовые районы с маркетплейсами,1
tid_1770,Дновский муниципальный район,Псковская область,2025,0.461,Продуктовые районы с маркетплейсами,1
tid_1771,муниципальный округ Красногородский,Псковская область,2024,0.341,Продуктовые районы с маркетплейсами,1
tid_1771,муниципальный округ Красногородский,Псковская область,2025,0.328,Продуктовые районы с маркетплейсами,1
tid_1773,муниципальный округ Локнянский,Псковская область,2024,0.303,Продуктовые районы с маркетплейсами,1
tid_1773,муниципальный округ Локнянский,Псковская область,2025,0.299,Продуктовые районы с маркетплейсами,1
tid_1774,муниципальный округ Невельский,Псковская область,2024,0.693,Продуктовые районы с маркетплейсами,1
tid_1774,муниципальный округ Невельский,Псковская область,2025,0.822,Продуктовые районы с маркетплейсами,1
tid_1775,муниципальный округ Новоржевский,Псковская область,2024,0.368,Продуктовые районы с маркетплейсами,1
tid_1775,муниципальный округ Новоржевский,Псковская область,2025,0.369,Продуктовые районы с маркетплейсами,1
tid_1776,Новосокольнический муниципальный район,Псковская область,2024,0.35,Продуктовые районы с маркетплейсами,1
tid_1776,Новосокольнический муниципальный район,Псковская область,2025,0.373,Продуктовые районы с маркетплейсами,1
tid_1777,муниципальный округ Опочецкий,Псковская область,2024,0.714,Продуктовые районы с маркетплейсами,1
tid_1777,муниципальный округ Опочецкий,Псковская область,2025,0.705,Продуктовые районы с маркетплейсами,1
tid_1778,Островский муниципальный район,Псковская область,2024,0.89,Продуктовые районы с маркетплейсами,0
tid_1778,Островский муниципальный район,Псковская область,2025,0.902,Продуктовые районы с маркетплейсами,0
tid_1780,муниципальный округ Печорский,Псковская область,2024,0.936,Продуктовые районы с маркетплейсами,1
tid_1780,муниципальный округ Печорский,Псковская область,2025,0.953,Продуктовые районы с маркетплейсами,1
tid_1781,Плюсский муниципальный район,Псковская область,2024,0.393,Продуктовые районы с маркетплейсами,1
tid_1781,Плюсский муниципальный район,Псковская область,2025,0.407,Продуктовые районы с маркетплейсами,1
tid_1782,Порховский муниципальный район,Псковская область,2024,0.533,Сбалансированные районы,1
tid_1782,Порховский муниципальный район,Псковская область,2025,0.513,Сбалансированные районы,1
tid_1783,Псковский муниципальный район,Псковская область,2024,2.607,Продуктовые районы вне лета,2
tid_1783,Псковский муниципальный район,Псковская область,2025,2.869,Продуктовые районы вне лета,2
tid_1784,Пустошкинский муниципальный район,Псковская область,2024,0.318,Продуктовые районы с маркетплейсами,1
tid_1784,Пустошкинский муниципальный район,Псковская область,2025,0.356,Продуктовые районы с маркетплейсами,1
tid_1785,Пушкиногорский муниципальный район,Псковская область,2024,0.497,Продуктовые районы с маркетплейсами,1
tid_1785,Пушкиногорский муниципальный район,Псковская область,2025,0.473,Продуктовые районы с маркетплейсами,1
tid_1786,муниципальный округ Пыталовский,Псковская область,2024,0.394,Продуктовые районы с маркетплейсами,1
tid_1786,муниципальный округ Пыталовский,Псковская область,2025,0.389,Продуктовые районы с маркетплейсами,1
tid_1787,Себежский муниципальный район,Псковская область,2024,0.528,Продуктовые районы с маркетплейсами,1
tid_1787,Себежский муниципальный район,Псковская область,2025,0.572,Продуктовые районы с маркетплейсами,1
tid_1788,муниципальный округ Струго-Красненский,Псковская область,2024,0.978,Продуктовые районы с маркетплейсами,1
tid_1788,муниципальный округ Струго-Красненский,Псковская область,2025,1.13,Продуктовые районы с маркетплейсами,1
tid_206,городской округ Петрозаводский,Республика Карелия,2024,2.866,Продуктовые районы вне лета,2
tid_206,городской округ Петрозаводский,Республика Карелия,2025,2.995,Продуктовые районы вне лета,2
tid_207,городской округ Костомукшский,Республика Карелия,2024,0.534,Продуктовые районы вне лета,0
tid_207,городской округ Костомукшский,Республика Карелия,2025,0.475,Продуктовые районы вне лета,0
tid_208,Беломорский муниципальный округ,Республика Карелия,2024,0.843,Сбалансированные районы,1
tid_208,Беломорский муниципальный округ,Республика Карелия,2025,0.831,Сбалансированные районы,1
tid_209,Калевальский муниципальный район,Республика Карелия,2024,0.513,Сбалансированные районы,1
tid_209,Калевальский муниципальный район,Республика Карелия,2025,0.479,Сбалансированные районы,1
tid_210,Кемский муниципальный район,Республика Карелия,2024,0.418,Продуктовые районы вне лета,1
tid_210,Кемский муниципальный район,Республика Карелия,2025,0.486,Продуктовые районы вне лета,1
tid_211,Кондопожский муниципальный район,Республика Карелия,2024,0.549,Сбалансированные районы,0
tid_211,Кондопожский муниципальный район,Республика Карелия,2025,0.581,Сбалансированные районы,0
tid_212,Лахденпохский муниципальный район,Республика Карелия,2024,0.882,Продуктовые районы с маркетплейсами,1
tid_212,Лахденпохский муниципальный район,Республика Карелия,2025,1.031,Продуктовые районы с маркетплейсами,1
tid_213,Лоухский муниципальный район,Республика Карелия,2024,0.375,Сбалансированные районы,1
tid_213,Лоухский муниципальный район,Республика Карелия,2025,1.152,Сбалансированные районы,1
tid_214,Медвежьегорский муниципальный район,Республика Карелия,2024,0.7,Сбалансированные районы,1
tid_214,Медвежьегорский муниципальный район,Республика Карелия,2025,0.66,Сбалансированные районы,1
tid_216,Олонецкий муниципальный район,Республика Карелия,2024,0.627,Сбалансированные районы,1
tid_216,Олонецкий муниципальный район,Республика Карелия,2025,0.89,Сбалансированные районы,1
tid_217,Питкярантский муниципальный округ,Республика Карелия,2024,0.453,Сбалансированные районы,1
tid_217,Питкярантский муниципальный округ,Республика Карелия,2025,0.454,Сбалансированные районы,1
tid_218,Прионежский муниципальный район,Республика Карелия,2024,6.418,Продуктовые районы вне лета,0
tid_218,Прионежский муниципальный район,Республика Карелия,2025,6.738,Продуктовые районы вне лета,0
tid_219,Пряжинский муниципальный район,Республика Карелия,2024,0.394,Продуктовые районы вне лета,1
tid_219,Пряжинский муниципальный район,Республика Карелия,2025,0.331,Продуктовые районы вне лета,1
tid_220,Пудожский муниципальный район,Республика Карелия,2024,0.533,Сбалансированные районы,1
tid_220,Пудожский муниципальный район,Республика Карелия,2025,0.515,Сбалансированные районы,1
tid_221,Сегежский муниципальный округ,Республика Карелия,2024,0.402,Сбалансированные районы,1
tid_221,Сегежский муниципальный округ,Республика Карелия,2025,0.398,Сбалансированные районы,1
tid_222,Сортавальский муниципальный район,Республика Карелия,2024,1.337,Продуктовые районы вне лета,0
tid_222,Сортавальский муниципальный район,Республика Карелия,2025,1.317,Продуктовые районы вне лета,0
tid_223,Суоярвский муниципальный округ,Республика Карелия,2024,0.621,Продуктовые районы вне лета,1
tid_223,Суоярвский муниципальный округ,Республика Карелия,2025,0.627,Продуктовые районы вне лета,1
tid_224,городской округ Сыктывкар,Республика Коми,2024,2.915,Сбалансированные районы,0
tid_224,городской округ Сыктывкар,Республика Коми,2025,2.981,Сбалансированные районы,0
tid_225,городской округ Воркута,Республика Коми,2024,0.876,Продуктовые районы вне лета,1
tid_225,городской округ Воркута,Республика Коми,2025,1.598,Продуктовые районы вне лета,1
tid_226,муниципальный округ Вуктыл,Республика Коми,2024,0.299,Продуктовые районы вне лета,1
tid_226,муниципальный округ Вуктыл,Республика Коми,2025,0.28,Продуктовые районы вне лета,1
tid_227,городской округ Инта,Республика Коми,2024,0.539,Продуктовые районы вне лета,1
tid_227,городской округ Инта,Республика Коми,2025,0.526,Продуктовые районы вне лета,1
tid_228,муниципальный округ Усинск,Республика Коми,2024,0.488,Продуктовые районы вне лета,0
tid_228,муниципальный округ Усинск,Республика Коми,2025,0.507,Продуктовые районы вне лета,0
tid_229,городской округ Ухта,Республика Коми,2024,1.871,Сбалансированные районы,0
tid_229,городской округ Ухта,Республика Коми,2025,1.848,Сбалансированные районы,0
tid_230,Ижемский муниципальный район,Республика Коми,2024,0.416,Сбалансированные районы,1
tid_230,Ижемский муниципальный район,Республика Коми,2025,0.412,Сбалансированные районы,1
tid_231,Княжпогостский муниципальный район,Республика Коми,2024,0.593,Сбалансированные районы,1
tid_231,Княжпогостский муниципальный район,Республика Коми,2025,0.516,Сбалансированные районы,1
tid_232,Койгородский муниципальный район,Республика Коми,2024,0.288,Сбалансированные районы,1
tid_232,Койгородский муниципальный район,Республика Коми,2025,0.302,Сбалансированные районы,1
tid_233,Корткеросский муниципальный район,Республика Коми,2024,0.564,Сбалансированные районы,1
tid_233,Корткеросский муниципальный район,Республика Коми,2025,0.559,Сбалансированные районы,1
tid_234,муниципальный район Печора,Республика Коми,2024,1.249,Продуктовые районы вне лета,0
tid_234,муниципальный район Печора,Республика Коми,2025,1.238,Продуктовые районы вне лета,0
tid_235,Прилузский муниципальный район,Республика Коми,2024,0.407,Сбалансированные районы,1
tid_235,Прилузский муниципальный район,Республика Коми,2025,0.487,Сбалансированные районы,1
tid_2351,внутригородская территория города федерального значения муниципальный округ Коломна,Санкт-Петербург,2024,2.804,Города и Москва,2
tid_2351,внутригородская территория города федерального значения муниципальный округ Коломна,Санкт-Петербург,2025,3.436,Города и Москва,2
tid_2352,внутригородская территория города федерального значения муниципальный округ Сенной округ,Санкт-Петербург,2024,3.098,Города и Москва,2
tid_2352,внутригородская территория города федерального значения муниципальный округ Сенной округ,Санкт-Петербург,2025,4.057,Города и Москва,2
tid_2353,внутригородская территория города федерального значения муниципальный округ Адмиралтейский округ,Санкт-Петербург,2024,3.059,Города и Москва,2
tid_2353,внутригородская территория города федерального значения муниципальный округ Адмиралтейский округ,Санкт-Петербург,2025,3.632,Города и Москва,2
tid_2354,внутригородская территория города федерального значения муниципальный округ Семеновский,Санкт-Петербург,2024,4.178,Города и Москва,2
tid_2354,внутригородская территория города федерального значения муниципальный округ Семеновский,Санкт-Петербург,2025,5.886,Города и Москва,2
tid_2355,внутригородская территория города федерального значения муниципальный округ Измайловское,Санкт-Петербург,2024,3.604,Города и Москва,2
tid_2355,внутригородская территория города федерального значения муниципальный округ Измайловское,Санкт-Петербург,2025,4.142,Города и Москва,2
tid_2356,внутригородская территория города федерального значения муниципальный округ Екатерингофский,Санкт-Петербург,2024,3.946,Города и Москва,2
tid_2356,внутригородская территория города федерального значения муниципальный округ Екатерингофский,Санкт-Петербург,2025,4.15,Города и Москва,2
tid_2357,внутригородская территория города федерального значения муниципальный округ № 7,Санкт-Петербург,2024,2.814,Города и Москва,2
tid_2357,внутригородская территория города федерального значения муниципальный округ № 7,Санкт-Петербург,2025,3.44,Города и Москва,2
tid_2358,внутригородская территория города федерального значения муниципальный округ Васильевский,Санкт-Петербург,2024,2.699,Города и Москва,2
tid_2358,внутригородская территория города федерального значения муниципальный округ Васильевский,Санкт-Петербург,2025,3.333,Города и Москва,2
tid_2359,внутригородская территория города федерального значения муниципальный округ Гавань,Санкт-Петербург,2024,3.098,Города и Москва,2
tid_2359,внутригородская территория города федерального значения муниципальный округ Гавань,Санкт-Петербург,2025,3.74,Города и Москва,2
tid_236,муниципальный район Сосногорск,Республика Коми,2024,2.311,Продуктовые районы вне лета,1
tid_236,муниципальный район Сосногорск,Республика Коми,2025,1.065,Продуктовые районы вне лета,1
tid_2360,внутригородская территория города федерального значения муниципальный округ Морской,Санкт-Петербург,2024,3.409,Города и Москва,2
tid_2360,внутригородская территория города федерального значения муниципальный округ Морской,Санкт-Петербург,2025,4.436,Города и Москва,2
tid_2361,внутригородская территория города федерального значения муниципальный округ Остров Декабристов,Санкт-Петербург,2024,3.226,Города и Москва,2
tid_2361,внутригородская территория города федерального значения муниципальный округ Остров Декабристов,Санкт-Петербург,2025,3.838,Города и Москва,2
tid_2362,внутригородская территория города федерального значения поселок Левашово,Санкт-Петербург,2024,6.2,Города и Москва,2
tid_2362,внутригородская территория города федерального значения поселок Левашово,Санкт-Петербург,2025,6.819,Города и Москва,2
tid_2363,внутригородская территория города федерального значения поселок Парголово,Санкт-Петербург,2024,6.843,Города и Москва,2
tid_2363,внутригородская территория города федерального значения поселок Парголово,Санкт-Петербург,2025,7.277,Города и Москва,2
tid_2364,внутригородская территория города федерального значения муниципальный округ Сампсониевское,Санкт-Петербург,2024,3.729,Города и Москва,2
tid_2364,внутригородская территория города федерального значения муниципальный округ Сампсониевское,Санкт-Петербург,2025,4.41,Города и Москва,2
tid_2365,внутригородская территория города федерального значения муниципальный округ Светлановское,Санкт-Петербург,2024,4.373,Города и Москва,2
tid_2365,внутригородская территория города федерального значения муниципальный округ Светлановское,Санкт-Петербург,2025,4.888,Города и Москва,2
tid_2366,внутригородская территория города федерального значения муниципальный округ Сосновское,Санкт-Петербург,2024,5.087,Города и Москва,2
tid_2366,внутригородская территория города федерального значения муниципальный округ Сосновское,Санкт-Петербург,2025,5.451,Города и Москва,2
tid_2367,внутригородская территория города федерального значения муниципальный округ № 15,Санкт-Петербург,2024,5.095,Города и Москва,2
tid_2367,внутригородская территория города федерального значения муниципальный округ № 15,Санкт-Петербург,2025,5.499,Города и Москва,2
tid_2368,внутригородская территория города федерального значения муниципальный округ Сергиевское,Санкт-Петербург,2024,5.332,Города и Москва,2
tid_2368,внутригородская территория города федерального значения муниципальный округ Сергиевское,Санкт-Петербург,2025,5.633,Города и Москва,2
tid_2369,внутригородская территория города федерального значения муниципальный округ Шувалово-Озерки,Санкт-Петербург,2024,5.613,Города и Москва,2
tid_2369,внутригородская территория города федерального значения муниципальный округ Шувалово-Озерки,Санкт-Петербург,2025,6.014,Города и Москва,2
tid_237,Сыктывдинский муниципальный район,Республика Коми,2024,2.613,Сбалансированные районы,0
tid_237,Сыктывдинский муниципальный район,Республика Коми,2025,2.439,Сбалансированные районы,0
tid_2370,внутригородская территория города федерального значения поселок Лисий Нос,Санкт-Петербург,2024,8.068,Города и Москва,2
tid_2370,внутригородская территория города федерального значения поселок Лисий Нос,Санкт-Петербург,2025,8.45,Города и Москва,2
tid_2371,внутригородская территория города федерального значения муниципальный округ Лахта-Ольгино,Санкт-Петербург,2024,6.329,Города и Москва,2
tid_2371,внутригородская территория города федерального значения муниципальный округ Лахта-Ольгино,Санкт-Петербург,2025,6.707,Города и Москва,2
tid_2372,внутригородская территория города федерального значения муниципальный округ № 65,Санкт-Петербург,2024,4.512,Города и Москва,2
tid_2372,внутригородская территория города федерального значения муниципальный округ № 65,Санкт-Петербург,2025,5.136,Города и Москва,2
tid_2373,внутригородская территория города федерального значения муниципальный округ Ланское,Санкт-Петербург,2024,3.296,Города и Москва,2
tid_2373,внутригородская территория города федерального значения муниципальный округ Ланское,Санкт-Петербург,2025,3.889,Города и Москва,2
tid_2374,внутригородская территория города федерального значения муниципальный округ Комендантский аэродром,Санкт-Петербург,2024,3.833,Города и Москва,2
tid_2374,внутригородская территория города федерального значения муниципальный округ Комендантский аэродром,Санкт-Петербург,2025,4.335,Города и Москва,2
tid_2375,внутригородская территория города федерального значения муниципальный округ Озеро Долгое,Санкт-Петербург,2024,4.259,Города и Москва,2
tid_2375,внутригородская территория города федерального значения муниципальный округ Озеро Долгое,Санкт-Петербург,2025,4.708,Города и Москва,2
tid_2376,внутригородская территория города федерального значения муниципальный округ Юнтолово,Санкт-Петербург,2024,4.868,Города и Москва,2
tid_2376,внутригородская территория города федерального значения муниципальный округ Юнтолово,Санкт-Петербург,2025,5.234,Города и Москва,2
tid_2377,внутригородская территория города федерального значения муниципальный округ Коломяги,Санкт-Петербург,2024,5.233,Города и Москва,2
tid_2377,внутригородская территория города федерального значения муниципальный округ Коломяги,Санкт-Петербург,2025,5.627,Города и Москва,2
tid_2378,внутригородская территория города федерального значения муниципальный округ Гражданка,Санкт-Петербург,2024,4.335,Города и Москва,2
tid_2378,внутригородская территория города федерального значения муниципальный округ Гражданка,Санкт-Петербург,2025,4.407,Города и Москва,2
tid_2379,внутригородская территория города федерального значения муниципальный округ Академическое,Санкт-Петербург,2024,4.616,Города и Москва,2
tid_2379,внутригородская территория города федерального значения муниципальный округ Академическое,Санкт-Петербург,2025,4.83,Города и Москва,2
tid_238,Сысольский муниципальный район,Республика Коми,2024,0.636,Сбалансированные районы,1
tid_238,Сысольский муниципальный район,Республика Коми,2025,0.687,Сбалансированные районы,1
tid_2380,внутригородская территория города федерального значения муниципальный округ Финляндский округ,Санкт-Петербург,2024,3.683,Города и Москва,2
tid_2380,внутригородская территория города федерального значения муниципальный округ Финляндский округ,Санкт-Петербург,2025,4.183,Города и Москва,2
tid_2381,внутригородская территория города федерального значения муниципальный округ № 21,Санкт-Петербург,2024,5.221,Города и Москва,2
tid_2381,внутригородская территория города федерального значения муниципальный округ № 21,Санкт-Петербург,2025,5.27,Города и Москва,2
tid_2382,внутригородская территория города федерального значения муниципальный округ Пискаревка,Санкт-Петербург,2024,4.139,Города и Москва,2
tid_2382,внутригородская территория города федерального значения муниципальный округ Пискаревка,Санкт-Петербург,2025,4.605,Города и Москва,2
tid_2383,внутригородская территория города федерального значения муниципальный округ Северный,Санкт-Петербург,2024,4.843,Города и Москва,2
tid_2383,внутригородская территория города федерального значения муниципальный округ Северный,Санкт-Петербург,2025,5.102,Города и Москва,2
tid_2384,внутригородская территория города федерального значения муниципальный округ Прометей,Санкт-Петербург,2024,4.947,Города и Москва,2
tid_2384,внутригородская территория города федерального значения муниципальный округ Прометей,Санкт-Петербург,2025,5.067,Города и Москва,2
tid_2385,внутригородская территория города федерального значения муниципальный округ Княжево,Санкт-Петербург,2024,5.07,Города и Москва,2
tid_2385,внутригородская территория города федерального значения муниципальный округ Княжево,Санкт-Петербург,2025,4.898,Города и Москва,2
tid_2386,внутригородская территория города федерального значения муниципальный округ Ульянка,Санкт-Петербург,2024,6.261,Города и Москва,2
tid_2386,внутригородская территория города федерального значения муниципальный округ Ульянка,Санкт-Петербург,2025,5.76,Города и Москва,2
tid_2387,внутригородская территория города федерального значения муниципальный округ Дачное,Санкт-Петербург,2024,5.087,Города и Москва,2
tid_2387,внутригородская территория города федерального значения муниципальный округ Дачное,Санкт-Петербург,2025,4.93,Города и Москва,2
tid_2388,внутригородская территория города федерального значения муниципальный округ Автово,Санкт-Петербург,2024,5.307,Города и Москва,2
tid_2388,внутригородская территория города федерального значения муниципальный округ Автово,Санкт-Петербург,2025,5.776,Города и Москва,2
tid_2389,внутригородская территория города федерального значения муниципальный округ Нарвский округ,Санкт-Петербург,2024,4.525,Города и Москва,2
tid_2389,внутригородская территория города федерального значения муниципальный округ Нарвский округ,Санкт-Петербург,2025,4.27,Города и Москва,2
tid_239,Троицко-Печорский муниципальный район,Республика Коми,2024,0.738,Продуктовые районы вне лета,1
tid_239,Троицко-Печорский муниципальный район,Республика Коми,2025,0.783,Продуктовые районы вне лета,1
tid_2390,внутригородская территория города федерального значения муниципальный округ Красненькая речка,Санкт-Петербург,2024,4.654,Города и Москва,2
tid_2390,внутригородская территория города федерального значения муниципальный округ Красненькая речка,Санкт-Петербург,2025,4.378,Города и Москва,2
tid_2391,внутригородская территория города федерального значения муниципальный округ Морские ворота,Санкт-Петербург,2024,5.442,Города и Москва,2
tid_2391,внутригородская территория города федерального значения муниципальный округ Морские ворота,Санкт-Петербург,2025,6.202,Города и Москва,2
tid_2392,внутригородская территория города федерального значения город Колпино,Санкт-Петербург,2024,9.639,Города и Москва,2
tid_2392,внутригородская территория города федерального значения город Колпино,Санкт-Петербург,2025,8.111,Города и Москва,2
tid_2393,внутригородская территория города федерального значения поселок Металлострой,Санкт-Петербург,2024,6.868,Города и Москва,2
tid_2393,внутригородская территория города федерального значения поселок Металлострой,Санкт-Петербург,2025,6.305,Города и Москва,2
tid_2395,внутригородская территория города федерального значения поселок Понтонный,Санкт-Петербург,2024,8.949,Города и Москва,0
tid_2395,внутригородская территория города федерального значения поселок Понтонный,Санкт-Петербург,2025,7.161,Города и Москва,0
tid_2398,внутригородская территория города федерального значения муниципальный округ Полюстрово,Санкт-Петербург,2024,4.653,Города и Москва,2
tid_2398,внутригородская территория города федерального значения муниципальный округ Полюстрово,Санкт-Петербург,2025,4.709,Города и Москва,2
tid_2399,внутригородская территория города федерального значения муниципальный округ Большая Охта,Санкт-Петербург,2024,3.489,Города и Москва,2
tid_2399,внутригородская территория города федерального значения муниципальный округ Большая Охта,Санкт-Петербург,2025,4.216,Города и Москва,2
tid_240,Удорский муниципальный район,Республика Коми,2024,0.258,Сбалансированные районы,1
tid_240,Удорский муниципальный район,Республика Коми,2025,0.391,Сбалансированные районы,1
tid_2400,внутригородская территория города федерального значения муниципальный округ Малая Охта,Санкт-Петербург,2024,4,Города и Москва,2
tid_2400,внутригородская территория города федерального значения муниципальный округ Малая Охта,Санкт-Петербург,2025,4.635,Города и Москва,2
tid_2401,внутригородская территория города федерального значения муниципальный округ Пороховые,Санкт-Петербург,2024,4.51,Города и Москва,2
tid_2401,внутригородская территория города федерального значения муниципальный округ Пороховые,Санкт-Петербург,2025,4.759,Города и Москва,2
tid_2402,внутригородская территория города федерального значения муниципальный округ Ржевка,Санкт-Петербург,2024,4.767,Города и Москва,2
tid_2402,внутригородская территория города федерального значения муниципальный округ Ржевка,Санкт-Петербург,2025,4.976,Города и Москва,2
tid_2403,внутригородская территория города федерального значения город Красное Село,Санкт-Петербург,2024,8.727,Города и Москва,2
tid_2403,внутригородская территория города федерального значения город Красное Село,Санкт-Петербург,2025,7.926,Города и Москва,2
tid_2404,внутригородская территория города федерального значения муниципальный округ Юго-Запад,Санкт-Петербург,2024,5.268,Города и Москва,2
tid_2404,внутригородская территория города федерального значения муниципальный округ Юго-Запад,Санкт-Петербург,2025,5.123,Города и Москва,2
tid_2405,внутригородская территория города федерального значения муниципальный округ Южно-Приморский,Санкт-Петербург,2024,5.72,Города и Москва,2
tid_2405,внутригородская территория города федерального значения муниципальный округ Южно-Приморский,Санкт-Петербург,2025,5.654,Города и Москва,2
tid_2406,внутригородская территория города федерального значения муниципальный округ Сосновая поляна,Санкт-Петербург,2024,7.05,Города и Москва,2
tid_2406,внутригородская территория города федерального значения муниципальный округ Сосновая поляна,Санкт-Петербург,2025,6.94,Города и Москва,2
tid_2407,внутригородская территория города федерального значения муниципальный округ Урицк,Санкт-Петербург,2024,6.531,Города и Москва,2
tid_2407,внутригородская территория города федерального значения муниципальный округ Урицк,Санкт-Петербург,2025,6.045,Города и Москва,2
tid_2408,внутригородская территория города федерального значения муниципальный округ Константиновское,Санкт-Петербург,2024,6.382,Города и Москва,2
tid_2408,внутригородская территория города федерального значения муниципальный округ Константиновское,Санкт-Петербург,2025,5.96,Города и Москва,2
tid_2409,внутригородская территория города федерального значения муниципальный округ Горелово,Санкт-Петербург,2024,8.101,Города и Москва,2
tid_2409,внутригородская территория города федерального значения муниципальный округ Горелово,Санкт-Петербург,2025,7.072,Города и Москва,2
tid_241,Усть-Вымский муниципальный район,Республика Коми,2024,0.424,Сбалансированные районы,1
tid_241,Усть-Вымский муниципальный район,Республика Коми,2025,0.382,Сбалансированные районы,1
tid_2410,внутригородская территория города федерального значения город Кронштадт,Санкт-Петербург,2024,10.458,Города и Москва,2
tid_2410,внутригородская территория города федерального значения город Кронштадт,Санкт-Петербург,2025,10.152,Города и Москва,2
tid_2411,внутригородская территория города федерального значения город Зеленогорск,Санкт-Петербург,2024,14.447,Города и Москва,2
tid_2411,внутригородская территория города федерального значения город Зеленогорск,Санкт-Петербург,2025,14.398,Города и Москва,2
tid_2412,внутригородская территория города федерального значения город Сестрорецк,Санкт-Петербург,2024,9.633,Города и Москва,2
tid_2412,внутригородская территория города федерального значения город Сестрорецк,Санкт-Петербург,2025,9.731,Города и Москва,2
tid_2416,внутригородская территория города федерального значения поселок Песочный,Санкт-Петербург,2024,9.997,Города и Москва,2
tid_2416,внутригородская территория города федерального значения поселок Песочный,Санкт-Петербург,2025,10.136,Города и Москва,2
tid_242,Усть-Куломский муниципальный район,Республика Коми,2024,0.856,Сбалансированные районы,1
tid_242,Усть-Куломский муниципальный район,Республика Коми,2025,0.857,Сбалансированные районы,1
tid_2422,внутригородская территория города федерального значения город Ломоносов,Санкт-Петербург,2024,11.501,Города и Москва,2
tid_2422,внутригородская территория города федерального значения город Ломоносов,Санкт-Петербург,2025,9.494,Города и Москва,2
tid_2423,внутригородская территория города федерального значения муниципальный округ Московская застава,Санкт-Петербург,2024,4.286,Города и Москва,2
tid_2423,внутригородская территория города федерального значения муниципальный округ Московская застава,Санкт-Петербург,2025,4.866,Города и Москва,2
tid_2424,внутригородская территория города федерального значения муниципальный округ Гагаринское,Санкт-Петербург,2024,5.007,Города и Москва,2
tid_2424,внутригородская территория города федерального значения муниципальный округ Гагаринское,Санкт-Петербург,2025,5.301,Города и Москва,2
tid_2425,внутригородская территория города федерального значения муниципальный округ Новоизмайловское,Санкт-Петербург,2024,4.997,Города и Москва,2
tid_2425,внутригородская территория города федерального значения муниципальный округ Новоизмайловское,Санкт-Петербург,2025,5.262,Города и Москва,2
tid_2426,внутригородская территория города федерального значения муниципальный округ Пулковский меридиан,Санкт-Петербург,2024,6.465,Города и Москва,2
tid_2426,внутригородская территория города федерального значения муниципальный округ Пулковский меридиан,Санкт-Петербург,2025,7.164,Города и Москва,2
tid_2427,внутригородская территория города федерального значения муниципальный округ Звездное,Санкт-Петербург,2024,5.701,Города и Москва,2
tid_2427,внутригородская территория города федерального значения муниципальный округ Звездное,Санкт-Петербург,2025,6.216,Города и Москва,2
tid_2428,внутригородская территория города федерального значения муниципальный округ Невская застава,Санкт-Петербург,2024,4.161,Города и Москва,2
tid_2428,внутригородская территория города федерального значения муниципальный округ Невская застава,Санкт-Петербург,2025,4.544,Города и Москва,2
tid_2429,внутригородская территория города федерального значения муниципальный округ Ивановский,Санкт-Петербург,2024,4.96,Города и Москва,2
tid_2429,внутригородская территория города федерального значения муниципальный округ Ивановский,Санкт-Петербург,2025,5.36,Города и Москва,2
tid_243,Усть-Цилемский муниципальный район,Республика Коми,2024,0.663,Сбалансированные районы,1
tid_243,Усть-Цилемский муниципальный район,Республика Коми,2025,0.693,Сбалансированные районы,1
tid_2430,внутригородская территория города федерального значения муниципальный округ Обуховский,Санкт-Петербург,2024,5.295,Города и Москва,2
tid_2430,внутригородская территория города федерального значения муниципальный округ Обуховский,Санкт-Петербург,2025,5.56,Города и Москва,2
tid_2431,внутригородская территория города федерального значения муниципальный округ Рыбацкое,Санкт-Петербург,2024,7.148,Города и Москва,2
tid_2431,внутригородская территория города федерального значения муниципальный округ Рыбацкое,Санкт-Петербург,2025,7.176,Города и Москва,2
tid_2432,внутригородская территория города федерального значения муниципальный округ Народный,Санкт-Петербург,2024,5.397,Города и Москва,2
tid_2432,внутригородская территория города федерального значения муниципальный округ Народный,Санкт-Петербург,2025,5.573,Города и Москва,2
tid_2433,внутригородская территория города федерального значения муниципальный округ № 54,Санкт-Петербург,2024,4.499,Города и Москва,2
tid_2433,внутригородская территория города федерального значения муниципальный округ № 54,Санкт-Петербург,2025,4.736,Города и Москва,2
tid_2434,внутригородская территория города федерального значения муниципальный округ Невский округ,Санкт-Петербург,2024,4.099,Города и Москва,2
tid_2434,внутригородская территория города федерального значения муниципальный округ Невский округ,Санкт-Петербург,2025,4.591,Города и Москва,2
tid_2435,внутригородская территория города федерального значения муниципальный округ Оккервиль,Санкт-Петербург,2024,4.544,Города и Москва,2
tid_2435,внутригородская территория города федерального значения муниципальный округ Оккервиль,Санкт-Петербург,2025,4.707,Города и Москва,2
tid_2436,внутригородская территория города федерального значения муниципальный округ Правобережный,Санкт-Петербург,2024,4.337,Города и Москва,2
tid_2436,внутригородская территория города федерального значения муниципальный округ Правобережный,Санкт-Петербург,2025,4.776,Города и Москва,2
tid_2437,внутригородская территория города федерального значения город Павловск,Санкт-Петербург,2024,10.067,Города и Москва,2
tid_2437,внутригородская территория города федерального значения город Павловск,Санкт-Петербург,2025,9.136,Города и Москва,2
tid_2439,внутригородская территория города федерального значения муниципальный округ Введенский,Санкт-Петербург,2024,3.107,Города и Москва,2
tid_2439,внутригородская территория города федерального значения муниципальный округ Введенский,Санкт-Петербург,2025,3.803,Города и Москва,2
tid_2440,внутригородская территория города федерального значения муниципальный округ Кронверкское,Санкт-Петербург,2024,3.159,Города и Москва,2
tid_2440,внутригородская территория города федерального значения муниципальный округ Кронверкское,Санкт-Петербург,2025,3.543,Города и Москва,2
tid_2441,внутригородская территория города федерального значения муниципальный округ Посадский,Санкт-Петербург,2024,3.19,Города и Москва,2
tid_2441,внутригородская территория города федерального значения муниципальный округ Посадский,Санкт-Петербург,2025,3.768,Города и Москва,2
tid_2442,внутригородская территория города федерального значения муниципальный округ Аптекарский остров,Санкт-Петербург,2024,3.507,Города и Москва,2
tid_2442,внутригородская территория города федерального значения муниципальный округ Аптекарский остров,Санкт-Петербург,2025,4.168,Города и Москва,2
tid_2443,внутригородская территория города федерального значения муниципальный округ округ Петровский,Санкт-Петербург,2024,3.039,Города и Москва,2
tid_2443,внутригородская территория города федерального значения муниципальный округ округ Петровский,Санкт-Петербург,2025,3.482,Города и Москва,2
tid_2444,внутригородская территория города федерального значения муниципальный округ Чкаловское,Санкт-Петербург,2024,3.315,Города и Москва,2
tid_2444,внутригородская территория города федерального значения муниципальный округ Чкаловское,Санкт-Петербург,2025,4.224,Города и Москва,2
tid_2445,внутригородская территория города федерального значения город Петергоф,Санкт-Петербург,2024,10.405,Города и Москва,2
tid_2445,внутригородская территория города федерального значения город Петергоф,Санкт-Петербург,2025,8.845,Города и Москва,2
tid_2446,внутригородская территория города федерального значения поселок Стрельна,Санкт-Петербург,2024,8.601,Города и Москва,2
tid_2446,внутригородская территория города федерального значения поселок Стрельна,Санкт-Петербург,2025,7.377,Города и Москва,2
tid_2447,внутригородская территория города федерального значения город Пушкин,Санкт-Петербург,2024,9.583,Города и Москва,2
tid_2447,внутригородская территория города федерального значения город Пушкин,Санкт-Петербург,2025,8.741,Города и Москва,2
tid_2449,внутригородская территория города федерального значения поселок Шушары,Санкт-Петербург,2024,8.674,Города и Москва,2
tid_2449,внутригородская территория города федерального значения поселок Шушары,Санкт-Петербург,2025,8.153,Города и Москва,2
tid_2450,внутригородская территория города федерального значения муниципальный округ Волковское,Санкт-Петербург,2024,3.912,Города и Москва,2
tid_2450,внутригородская территория города федерального значения муниципальный округ Волковское,Санкт-Петербург,2025,4.475,Города и Москва,2
tid_2451,внутригородская территория города федерального значения муниципальный округ № 72,Санкт-Петербург,2024,4.444,Города и Москва,2
tid_2451,внутригородская территория города федерального значения муниципальный округ № 72,Санкт-Петербург,2025,4.747,Города и Москва,2
tid_2452,внутригородская территория города федерального значения муниципальный округ Купчино,Санкт-Петербург,2024,4.27,Города и Москва,2
tid_2452,внутригородская территория города федерального значения муниципальный округ Купчино,Санкт-Петербург,2025,4.428,Города и Москва,2
tid_2453,внутригородская территория города федерального значения муниципальный округ Георгиевский,Санкт-Петербург,2024,4.838,Города и Москва,2
tid_2453,внутригородская территория города федерального значения муниципальный округ Георгиевский,Санкт-Петербург,2025,4.914,Города и Москва,2
tid_2455,внутригородская территория города федерального значения муниципальный округ Балканский,Санкт-Петербург,2024,5.575,Города и Москва,2
tid_2455,внутригородская территория города федерального значения муниципальный округ Балканский,Санкт-Петербург,2025,5.604,Города и Москва,2
tid_2456,внутригородская территория города федерального значения муниципальный округ Дворцовый округ,Санкт-Петербург,2024,6.893,Города и Москва,2
tid_2456,внутригородская территория города федерального значения муниципальный округ Дворцовый округ,Санкт-Петербург,2025,9.066,Города и Москва,2
tid_2457,внутригородская территория города федерального значения муниципальный округ № 78,Санкт-Петербург,2024,4.163,Города и Москва,2
tid_2457,внутригородская территория города федерального значения муниципальный округ № 78,Санкт-Петербург,2025,5.21,Города и Москва,2
tid_2458,внутригородская территория города федерального значения муниципальный округ Литейный округ,Санкт-Петербург,2024,3.285,Города и Москва,2
tid_2458,внутригородская территория города федерального значения муниципальный округ Литейный округ,Санкт-Петербург,2025,4.247,Города и Москва,2
tid_2459,внутригородская территория города федерального значения муниципальный округ Смольнинское,Санкт-Петербург,2024,3.264,Города и Москва,2
tid_2459,внутригородская территория города федерального значения муниципальный округ Смольнинское,Санкт-Петербург,2025,3.939,Города и Москва,2
tid_2460,внутригородская территория города федерального значения муниципальный округ Лиговка-Ямская,Санкт-Петербург,2024,4.878,Города и Москва,2
tid_2460,внутригородская территория города федерального значения муниципальный округ Лиговка-Ямская,Санкт-Петербург,2025,9.086,Города и Москва,2
tid_2461,внутригородская территория города федерального значения муниципальный округ Владимирский округ,Санкт-Петербург,2024,3.275,Города и Москва,2
tid_2461,внутригородская территория города федерального значения муниципальный округ Владимирский округ,Санкт-Петербург,2025,4.569,Города и Москва,2
tid_890,городской округ город Архангельск,Архангельская область,2024,3.957,Продуктовые районы вне лета,0
tid_890,городской округ город Архангельск,Архангельская область,2025,3.69,Продуктовые районы вне лета,0
tid_891,городской округ город Коряжма,Архангельская область,2024,0.58,Сбалансированные районы,0
tid_891,городской округ город Коряжма,Архангельская область,2025,0.696,Сбалансированные районы,0
tid_892,городской округ Котлас,Архангельская область,2024,3.377,Сбалансированные районы,0
tid_892,городской округ Котлас,Архангельская область,2025,3.412,Сбалансированные районы,0
tid_895,городской округ город Новодвинск,Архангельская область,2024,0.651,Продуктовые районы вне лета,1
tid_895,городской округ город Новодвинск,Архангельская область,2025,0.637,Продуктовые районы вне лета,1
tid_896,городской округ Северодвинск,Архангельская область,2024,7.545,Продуктовые районы вне лета,0
tid_896,городской округ Северодвинск,Архангельская область,2025,1.616,Продуктовые районы вне лета,0
tid_897,Вельский муниципальный район,Архангельская область,2024,1.345,Сбалансированные районы,1
tid_897,Вельский муниципальный район,Архангельская область,2025,1.495,Сбалансированные районы,1
tid_898,Верхнетоемский муниципальный округ,Архангельская область,2024,0.332,Сбалансированные районы,1
tid_898,Верхнетоемский муниципальный округ,Архангельская область,2025,0.336,Сбалансированные районы,1
tid_899,муниципальный округ Вилегодский,Архангельская область,2024,0.349,Продуктовые районы с маркетплейсами,0
tid_899,муниципальный округ Вилегодский,Архангельская область,2025,0.546,Продуктовые районы с маркетплейсами,0
tid_900,Виноградовский муниципальный округ,Архангельская область,2024,0.558,Сбалансированные районы,1
tid_900,Виноградовский муниципальный округ,Архангельская область,2025,0.557,Сбалансированные районы,1
tid_901,муниципальный округ Каргопольский,Архангельская область,2024,0.734,Сбалансированные районы,1
tid_901,муниципальный округ Каргопольский,Архангельская область,2025,0.706,Сбалансированные районы,1
tid_902,Коношский муниципальный район,Архангельская область,2024,0.673,Сбалансированные районы,1
tid_902,Коношский муниципальный район,Архангельская область,2025,0.711,Сбалансированные районы,1
tid_903,Котласский муниципальный округ,Архангельская область,2024,0.347,Сбалансированные районы,1
tid_903,Котласский муниципальный округ,Архангельская область,2025,1.162,Сбалансированные районы,1
tid_904,Красноборский муниципальный округ,Архангельская область,2024,0.561,Сбалансированные районы,1
tid_904,Красноборский муниципальный округ,Архангельская область,2025,0.793,Сбалансированные районы,1
tid_905,Ленский муниципальный район,Архангельская область,2024,0.569,Сбалансированные районы,1
tid_905,Ленский муниципальный район,Архангельская область,2025,0.62,Сбалансированные районы,1
tid_907,Мезенский муниципальный округ,Архангельская область,2024,0.371,Сбалансированные районы,3
tid_907,Мезенский муниципальный округ,Архангельская область,2025,0.389,Сбалансированные районы,3
tid_908,Няндомский муниципальный округ,Архангельская область,2024,0.823,Сбалансированные районы,1
tid_908,Няндомский муниципальный округ,Архангельская область,2025,0.853,Сбалансированные районы,1
tid_909,Онежский муниципальный район,Архангельская область,2024,0.896,Сбалансированные районы,1
tid_909,Онежский муниципальный район,Архангельская область,2025,0.895,Сбалансированные районы,1
tid_911,Плесецкий муниципальный округ,Архангельская область,2024,0.735,Сбалансированные районы,1
tid_911,Плесецкий муниципальный округ,Архангельская область,2025,0.636,Сбалансированные районы,1
tid_912,Приморский муниципальный округ,Архангельская область,2024,3.167,Продуктовые районы вне лета,0
tid_912,Приморский муниципальный округ,Архангельская область,2025,3.299,Продуктовые районы вне лета,0
tid_913,Устьянский муниципальный округ,Архангельская область,2024,1.246,Сбалансированные районы,1
tid_913,Устьянский муниципальный округ,Архангельская область,2025,0.934,Сбалансированные районы,1
tid_914,Холмогорский муниципальный округ,Архангельская область,2024,0.307,Продуктовые районы вне лета,1
tid_914,Холмогорский муниципальный округ,Архангельская область,2025,0.318,Продуктовые районы вне лета,1
tid_915,Шенкурский муниципальный округ,Архангельская область,2024,0.357,Сбалансированные районы,1
tid_915,Шенкурский муниципальный округ,Архангельская область,2025,0.389,Сбалансированные районы,1
tid_916,городской округ город Нарьян-Мар,Ненецкий автономный округ,2024,0.958,Восток и Север,3
tid_916,городской округ город Нарьян-Мар,Ненецкий автономный округ,2025,1.051,Восток и Север,3
tid_917,муниципальный район Заполярный район,Ненецкий автономный округ,2024,2.229,Восток и Север,3
tid_917,муниципальный район Заполярный район,Ненецкий автономный округ,2025,2.126,Восток и Север,3
