id,method,graph,alpha,k,n,min_cluster_size,SW,MQ,MQ_status,CH,CH_per_n,CH_status,CH_is_infinite,S_Dbw,S_Dbw_status,S_Dbw_paper_convention,S_Dbw_paper,S_Dbw_paper_status,AVI,AVU,AVI_undefined_clusters,AVU_undefined_ordered_pairs,network_convention,TurboMQ,TurboMQ_status,NewmanQ,NewmanQ_status,network_quality_convention,ARI_frozen_k4,permutation_seed
joint_alpha0_k2,reused_kmeans,none,0,2,2016,604,0.34466857979215787,,definition_pending_organizer; see named TurboMQ and NewmanQ candidates,1042.7938914436702,0.5172588747240427,ok,False,1.343800706217523,ok,Shalileh2025-Eq14-literal-outside-radius; diagnostic-only; differs from HV01 density convention; not for ranking,2.1629393963661196,computed_diagnostic_only_not_for_ranking,0.9429769205426377,1.0,0,0,binary; symmetric adjacency; internal edges counted twice; AVU ordered sum divided by K,1.8859538410852754,ok_named_candidate_not_official_MQ,0.37022991239304953,ok_named_candidate_not_official_MQ,binary; symmetric adjacency; TurboMQ sum of cluster factors; NewmanQ configuration-model modularity,0.3457426377779288,
joint_road_k2,graph_regularized_kmeans,transport,0.25,2,2016,495,0.35439681244713134,,definition_pending_organizer; see named TurboMQ and NewmanQ candidates,1003.2558294826583,0.4976467408148107,ok,False,1.260520758501715,ok,Shalileh2025-Eq14-literal-outside-radius; diagnostic-only; differs from HV01 density convention; not for ranking,2.0343444131685873,computed_diagnostic_only_not_for_ranking,0.9408108699984853,1.0,0,0,binary; symmetric adjacency; internal edges counted twice; AVU ordered sum divided by K,1.8816217399969706,ok_named_candidate_not_official_MQ,0.32475291026699926,ok_named_candidate_not_official_MQ,binary; symmetric adjacency; TurboMQ sum of cluster factors; NewmanQ configuration-model modularity,0.34090920467434793,
joint_alpha0_k3,reused_kmeans,none,0,3,2016,496,0.2824849083562593,,definition_pending_organizer; see named TurboMQ and NewmanQ candidates,864.4904009511841,0.42881468301150005,ok,False,1.14454152952137,ok,Shalileh2025-Eq14-literal-outside-radius; diagnostic-only; differs from HV01 density convention; not for ranking,2.264712589541361,computed_diagnostic_only_not_for_ranking,0.9033871145325714,0.6666666666666666,0,0,binary; symmetric adjacency; internal edges counted twice; AVU ordered sum divided by K,2.710161343597714,ok_named_candidate_not_official_MQ,0.5407584856195747,ok_named_candidate_not_official_MQ,binary; symmetric adjacency; TurboMQ sum of cluster factors; NewmanQ configuration-model modularity,0.5137246878131366,
joint_road_k3,graph_regularized_kmeans,transport,0.25,3,2016,391,0.2944813617180177,,definition_pending_organizer; see named TurboMQ and NewmanQ candidates,821.4327631069877,0.40745672773164077,ok,False,1.0555836493060833,ok,Shalileh2025-Eq14-literal-outside-radius; diagnostic-only; differs from HV01 density convention; not for ranking,2.282597724433547,computed_diagnostic_only_not_for_ranking,0.8686959955875366,0.6666666666666666,0,0,binary; symmetric adjacency; internal edges counted twice; AVU ordered sum divided by K,2.60608798676261,ok_named_candidate_not_official_MQ,0.46387609577419003,ok_named_candidate_not_official_MQ,binary; symmetric adjacency; TurboMQ sum of cluster factors; NewmanQ configuration-model modularity,0.4648101499615699,
joint_alpha0_k4,reused_kmeans,none,0,4,2016,127,0.24023677355726694,,definition_pending_organizer; see named TurboMQ and NewmanQ candidates,779.8270404177405,0.3868189684611808,ok,False,0.9959874251806291,ok,Shalileh2025-Eq14-literal-outside-radius; diagnostic-only; differs from HV01 density convention; not for ranking,2.1550278237788945,computed_diagnostic_only_not_for_ranking,0.8847187493492511,0.5296353331236692,0,0,binary; symmetric adjacency; internal edges counted twice; AVU ordered sum divided by K,3.5388749973970044,ok_named_candidate_not_official_MQ,0.5689886419911083,ok_named_candidate_not_official_MQ,binary; symmetric adjacency; TurboMQ sum of cluster factors; NewmanQ configuration-model modularity,1.0,
joint_road_k4,graph_regularized_kmeans,transport,0.25,4,2016,99,0.23257037258833085,,definition_pending_organizer; see named TurboMQ and NewmanQ candidates,726.0896023341554,0.36016349322130725,ok,False,0.9827575977541578,ok,Shalileh2025-Eq14-literal-outside-radius; diagnostic-only; differs from HV01 density convention; not for ranking,2.1618451681868582,computed_diagnostic_only_not_for_ranking,0.850950947801062,0.5115895776835194,0,0,binary; symmetric adjacency; internal edges counted twice; AVU ordered sum divided by K,3.403803791204248,ok_named_candidate_not_official_MQ,0.5102527378604175,ok_named_candidate_not_official_MQ,binary; symmetric adjacency; TurboMQ sum of cluster factors; NewmanQ configuration-model modularity,0.6577402501673151,
joint_road_sensitivity_k4,graph_regularized_kmeans,transport,1.0,4,2016,112,0.15979184950190015,,definition_pending_organizer; see named TurboMQ and NewmanQ candidates,554.7565582479848,0.2751768642103099,ok,False,1.0960249685330323,ok,Shalileh2025-Eq14-literal-outside-radius; diagnostic-only; differs from HV01 density convention; not for ranking,2.199864007052308,computed_diagnostic_only_not_for_ranking,0.7619319400341418,0.512811998981162,0,0,binary; symmetric adjacency; internal edges counted twice; AVU ordered sum divided by K,3.047727760136567,ok_named_candidate_not_official_MQ,0.39784180093365773,ok_named_candidate_not_official_MQ,binary; symmetric adjacency; TurboMQ sum of cluster factors; NewmanQ configuration-model modularity,0.453445936945189,
joint_region_shuffled_1730,graph_regularized_kmeans,region_shuffled_transport,0.25,4,2016,117,0.2348460543023631,,definition_pending_organizer; see named TurboMQ and NewmanQ candidates,731.9930670060807,0.36309179911015904,ok,False,0.9535509725052336,ok,Shalileh2025-Eq14-literal-outside-radius; diagnostic-only; differs from HV01 density convention; not for ranking,2.1539161408939558,computed_diagnostic_only_not_for_ranking,0.8557987244380886,0.5182415050883248,0,0,binary; symmetric adjacency; internal edges counted twice; AVU ordered sum divided by K,3.4231948977523543,ok_named_candidate_not_official_MQ,0.5136857093643423,ok_named_candidate_not_official_MQ,binary; symmetric adjacency; TurboMQ sum of cluster factors; NewmanQ configuration-model modularity,0.6753516990884079,1730
joint_region_shuffled_1731,graph_regularized_kmeans,region_shuffled_transport,0.25,4,2016,102,0.22816912347740215,,definition_pending_organizer; see named TurboMQ and NewmanQ candidates,722.0495010877793,0.35815947474592225,ok,False,0.9941793925870341,ok,Shalileh2025-Eq14-literal-outside-radius; diagnostic-only; differs from HV01 density convention; not for ranking,2.155498253227642,computed_diagnostic_only_not_for_ranking,0.8449087291034928,0.5132646884616143,0,0,binary; symmetric adjacency; internal edges counted twice; AVU ordered sum divided by K,3.379634916413971,ok_named_candidate_not_official_MQ,0.5048572682114808,ok_named_candidate_not_official_MQ,binary; symmetric adjacency; TurboMQ sum of cluster factors; NewmanQ configuration-model modularity,0.6478955552192733,1731
joint_region_shuffled_1732,graph_regularized_kmeans,region_shuffled_transport,0.25,4,2016,92,0.23260085989929286,,definition_pending_organizer; see named TurboMQ and NewmanQ candidates,728.8696496800534,0.36154248496034397,ok,False,1.034180254710091,ok,Shalileh2025-Eq14-literal-outside-radius; diagnostic-only; differs from HV01 density convention; not for ranking,2.170381253325352,computed_diagnostic_only_not_for_ranking,0.8510000515615894,0.511250224530983,0,0,binary; symmetric adjacency; internal edges counted twice; AVU ordered sum divided by K,3.4040002062463577,ok_named_candidate_not_official_MQ,0.5158721604533671,ok_named_candidate_not_official_MQ,binary; symmetric adjacency; TurboMQ sum of cluster factors; NewmanQ configuration-model modularity,0.6320208606273726,1732
spectral_transport_k4,spectral_global,transport,,4,2016,8,0.24100235942454631,,definition_pending_organizer; see named TurboMQ and NewmanQ candidates,86.7926338301297,0.043051901701453225,ok,False,1.5225913323432365,ok,Shalileh2025-Eq14-literal-outside-radius; diagnostic-only; differs from HV01 density convention; not for ranking,2.4157015217458055,computed_diagnostic_only_not_for_ranking,0.4459186326270855,0.535715392752461,0,0,binary; symmetric adjacency; internal edges counted twice; AVU ordered sum divided by K,1.783674530508342,ok_named_candidate_not_official_MQ,0.08358146766026946,ok_named_candidate_not_official_MQ,binary; symmetric adjacency; TurboMQ sum of cluster factors; NewmanQ configuration-model modularity,0.09615314159869304,
