entity_id,held_out_region,observed2023,observed2024,linear_controls,linear_continuous5,linear_kmeans4,linear_huber75,quadratic_controls,quadratic_continuous5,quadratic_kmeans4,quadratic_huber75,histogram_controls,histogram_continuous5,histogram_kmeans4,histogram_huber75
tid_1,1,10.787098055581652,10.958504908419595,10.87043739321495,10.860237712237385,10.865000910154917,10.855908530119594,10.885260281372702,10.826586914265466,10.85463114527532,10.839408163022764,10.891977003806081,10.802726511895443,10.849408285813855,10.745218166535986
tid_2,1,10.567365538914066,10.7665293948819,10.611519477538318,10.662251586242583,10.60462033638035,10.597522819768859,10.624504719234915,10.65063658596621,10.599458168481185,10.589332899672664,10.654789457452594,10.610800602593624,10.521482804539827,10.528269449716522
tid_3,1,10.742145337596082,10.906830827219256,10.658854894710993,10.679629881740174,10.648380210640937,10.655777875339366,10.686811106001812,10.710042253233249,10.670817468385637,10.67904364912664,10.678725159529314,10.703085720509732,10.68150279920933,10.674023124303034
tid_4,1,10.66801774591814,10.844706966694988,10.689612016169498,10.664097695492393,10.718740917602199,10.721618491126195,10.707882565450644,10.623974104066525,10.724142154529146,10.728369894159968,10.742954652986588,10.614237310162391,10.758144099942795,10.799122397248288
tid_5,1,10.63334749627796,10.796491233555049,10.652055762158115,10.588978883936333,10.68475457942759,10.649562650227237,10.68187132368187,10.640797461602522,10.698872054944173,10.67432345720739,10.678398174907379,10.6839802580037,10.705279078273392,10.674023124303034
tid_6,1,10.63388234712274,10.77824353594127,10.812233625508531,10.775478794880117,10.837840747924384,10.839965374477337,10.82117239830296,10.80462031877414,10.83344814370372,10.83653706176406,10.821097731754113,10.80331860499621,10.811388175495681,10.821477357609838
tid_7,1,10.996019728054115,11.23464307674408,11.262787350499941,11.226158539110601,11.218022513301712,11.259627442762326,11.235914516697292,11.188615184394962,11.198285036603506,11.24520113004138,11.212741226899556,11.140326599352486,11.134908644410004,11.234338845929662
tid_8,1,10.915055736406332,11.214088069286818,11.029131353865079,10.990782957093348,11.028112600477348,11.029833648709968,10.997616706507191,10.929058125304133,10.99706749999479,10.999073631059446,10.995430280786767,10.873313833804504,10.967281202732707,11.003138611242841
tid_9,1,10.497681425151924,10.663746503087143,10.547422185295643,10.538077923388517,10.582119201983433,10.585802326266423,10.580155579189661,10.544160979428392,10.606082282764996,10.609244154131664,10.569543722095371,10.634756944307327,10.589996788800704,10.574951642193207
