year,outcome,n,regions,predictor,municipality_rmse,municipality_mae,equal_region_mse,equal_region_mse_improvement_vs_controls,paired_region_bootstrap_improvement_95,region_bootstrap_draws,equal_region_mse_improvement_vs_controls_plus_historical_kmeans4,paired_region_bootstrap_improvement_vs_controls_plus_historical_kmeans4_95,equal_region_mse_improvement_vs_controls_plus_continuous5,paired_region_bootstrap_improvement_vs_controls_plus_continuous5_95
2023,log_annual_monthly_wage_rubles,1797,72,controls,0.18137455143569645,0.1338517347924031,0.03797667600031571,0.0,"[0.0, 0.0]",1999,-0.0017751476535695404,"[-0.0036154437994764953, -0.0001315615554851623]",-0.003270963222505684,"[-0.0073985949309504995, -0.0003121457517743114]"
2023,log_annual_monthly_wage_rubles,1797,72,controls_plus_continuous5,0.17802603298511877,0.13249713901445945,0.03470571277781002,0.003270963222505684,"[0.0003121457517743109, 0.007398594930950499]",1999,0.0014958155689361438,"[-0.0006864721619844815, 0.004310719230754968]",0.0,"[0.0, 0.0]"
2023,log_annual_monthly_wage_rubles,1797,72,controls_plus_quadratic_continuous5,0.1793370223106347,0.13337791489190357,0.03590895766133743,0.002067718338978276,"[-0.0007143999773714537, 0.00539154510060899]",1999,0.00029257068540873603,"[-0.0020204673105362085, 0.0027426590790716066]",-0.0012032448835274077,"[-0.002937954734525413, 0.00041849438255272024]"
2023,log_annual_monthly_wage_rubles,1797,72,controls_plus_historical_kmeans4,0.1775721798124284,0.13072307669042915,0.03620152834674617,0.0017751476535695404,"[0.00013156155548516165, 0.003615443799476495]",1999,0.0,"[0.0, 0.0]",-0.0014958155689361438,"[-0.004310719230754969, 0.0006864721619844813]"
2023,log_annual_monthly_wage_rubles,1797,72,controls_plus_sw_constrained_huber75,0.17736812087166728,0.130677497080187,0.03625235971299217,0.0017243162873235335,"[0.00020405142789510112, 0.0034156887811578034]",1999,-5.083136624600683e-05,"[-0.0005538454855692573, 0.00046728061203459253]",-0.0015466469351821507,"[-0.004609374464153231, 0.0008767894684940499]"
2023,log_annual_monthly_wage_rubles,1797,72,controls_plus_sw_constrained_ordinary,0.17755926886960052,0.13074222499668678,0.03640187581578691,0.0015748001845287938,"[5.5238794252115597e-05, 0.0031789502637178282]",1999,-0.00020034746904074626,"[-0.0007344990782050989, 0.000285412451954967]",-0.00169616303797689,"[-0.004832157870985839, 0.0007142667567957647]"
2023,log_covered_organization_jobs_per_resident,1797,72,controls,0.41601683945480494,0.2864932302666484,0.16587033568919846,0.0,"[0.0, 0.0]",1999,-0.002632840494258882,"[-0.007748163087787073, 0.001982900374352795]",-0.01334352978460717,"[-0.02693761740954872, -0.0025705962230725835]"
2023,log_covered_organization_jobs_per_resident,1797,72,controls_plus_continuous5,0.40496230711576203,0.2812649859484848,0.1525268059045913,0.01334352978460717,"[0.0025705962230725835, 0.02693761740954872]",1999,0.01071068929034829,"[0.0012253910103828592, 0.021353887300672843]",0.0,"[0.0, 0.0]"
2023,log_covered_organization_jobs_per_resident,1797,72,controls_plus_quadratic_continuous5,0.40735215462313085,0.2785737009551143,0.1636814030720629,0.002188932617135574,"[-0.02431909424668957, 0.021535659490499102]",1999,-0.0004439078771233103,"[-0.02906688801169502, 0.021506308225146018]",-0.011154597167471598,"[-0.04094995107817741, 0.010343581401842173]"
2023,log_covered_organization_jobs_per_resident,1797,72,controls_plus_historical_kmeans4,0.41577906451457214,0.28607611790182563,0.16323749519493955,0.002632840494258882,"[-0.0019829003743527954, 0.0077481630877870725]",1999,0.0,"[0.0, 0.0]",-0.01071068929034829,"[-0.021353887300672843, -0.0012253910103828605]"
2023,log_covered_organization_jobs_per_resident,1797,72,controls_plus_sw_constrained_huber75,0.4207784037046734,0.2866986589558524,0.1661878564956061,-0.00031752080640763295,"[-0.007001937036803201, 0.005319499185514395]",1999,-0.002950361300666515,"[-0.0069212045380748636, 0.0002190221986499456]",-0.013661050591014804,"[-0.02689693449743934, -0.0018754215122718536]"
2023,log_covered_organization_jobs_per_resident,1797,72,controls_plus_sw_constrained_ordinary,0.4213317287702435,0.28659851160872085,0.16586294936516477,7.386324033708088e-06,"[-0.007426190644738558, 0.0065242789119539695]",1999,-0.0026254541702251744,"[-0.007435938265493716, 0.001049557544691669]",-0.013336143460573461,"[-0.026629665675142213, -0.0015136225452427878]"
2023,manufacturing_headcount_share,970,71,controls,0.13048388960551954,0.10479784677466615,0.018568627085606564,0.0,"[0.0, 0.0]",1999,-0.000554116899871071,"[-0.0011444101835310753, 9.419353006002722e-06]",-0.0027399477693950485,"[-0.004596711723227412, -0.0012157727051894816]"
2023,manufacturing_headcount_share,970,71,controls_plus_continuous5,0.12400408831216432,0.09879553338969989,0.01582867931621152,0.0027399477693950485,"[0.0012157727051894816, 0.004596711723227412]",1999,0.002185830869523978,"[0.0008761899621717469, 0.003776946261428828]",0.0,"[0.0, 0.0]"
2023,manufacturing_headcount_share,970,71,controls_plus_quadratic_continuous5,0.12378538055166381,0.0986574498528734,0.01521096138581576,0.0033576656997908144,"[0.001632898923827185, 0.0053324758499518985]",1999,0.0028035487999197436,"[0.001277708690209773, 0.004641556409915999]",0.0006177179303957656,"[-0.0007186476939860878, 0.0017495940348974336]"
2023,manufacturing_headcount_share,970,71,controls_plus_historical_kmeans4,0.12879993119027738,0.1028356398543547,0.018014510185735497,0.000554116899871071,"[-9.419353006002766e-06, 0.001144410183531075]",1999,0.0,"[0.0, 0.0]",-0.002185830869523978,"[-0.0037769462614288284, -0.0008761899621717469]"
2023,manufacturing_headcount_share,970,71,controls_plus_sw_constrained_huber75,0.12786476652051493,0.10144049458634326,0.017073332867033646,0.0014952942185729227,"[0.0004160222613908574, 0.0027773899391962354]",1999,0.0009411773187018515,"[2.198037535877799e-05, 0.0019671659632878613]",-0.0012446535508221265,"[-0.0022083049190430963, -0.00035391402120763004]"
2023,manufacturing_headcount_share,970,71,controls_plus_sw_constrained_ordinary,0.1284412944773924,0.10198858930075251,0.01745725492388965,0.001111372161716921,"[0.00030722352866525634, 0.002023472686895301]",1999,0.0005572552618458498,"[-0.00010419120137829843, 0.001317351258796621]",-0.001628575607678128,"[-0.002811894324797272, -0.0005640134917008764]"
2023,agriculture_headcount_share,1043,70,controls,0.08945436494099517,0.06699419789870173,0.0071834622575802625,0.0,"[0.0, 0.0]",1999,5.490816546376144e-05,"[-7.53514874446644e-05, 0.00019494668107871373]",4.0074465627803285e-05,"[-0.00023757706093846057, 0.0003216206562120055]"
2023,agriculture_headcount_share,1043,70,controls_plus_continuous5,0.08911786997191148,0.06576510276442128,0.007223536723208068,-4.0074465627803285e-05,"[-0.0003216206562120056, 0.00023757706093846054]",1999,1.4833699835958158e-05,"[-0.00021067037534205232, 0.0002416709832321747]",0.0,"[0.0, 0.0]"
2023,agriculture_headcount_share,1043,70,controls_plus_quadratic_continuous5,0.08912059382085065,0.06566866027595623,0.007173437500528525,1.00247570517388e-05,"[-0.0003712866950490945, 0.0003939290558314136]",1999,6.493292251550025e-05,"[-0.0002437266992199047, 0.0004083753550579196]",5.0099222679542106e-05,"[-0.0002362266717130511, 0.0003389155490583542]"
2023,agriculture_headcount_share,1043,70,controls_plus_historical_kmeans4,0.08948706048926387,0.06675984212357351,0.007238370423044025,-5.490816546376144e-05,"[-0.00019494668107871376, 7.535148744466431e-05]",1999,0.0,"[0.0, 0.0]",-1.4833699835958158e-05,"[-0.00024167098323217478, 0.0002106703753420523]"
2023,agriculture_headcount_share,1043,70,controls_plus_sw_constrained_huber75,0.08922919228798747,0.0665408977494659,0.007147742189282033,3.572006829822978e-05,"[-0.00010719462813496493, 0.00017237037982545026]",1999,9.062823376199121e-05,"[-2.1379512258275637e-05, 0.00021395486952465695]",7.579453392603307e-05,"[-0.00016590411541140553, 0.0003393804827878977]"
2023,agriculture_headcount_share,1043,70,controls_plus_sw_constrained_ordinary,0.08917132663343266,0.06645189676583295,0.007165062756946109,1.839950063415453e-05,"[-0.00013246581447305542, 0.00016200015035651972]",1999,7.330766609791597e-05,"[-4.8144837868480575e-05, 0.00020339328065194286]",5.847396626195782e-05,"[-0.00016152582146298572, 0.00030281597412934767]"
2023,public_administration_education_health_headcount_share,1594,72,controls,0.13400590750312247,0.10514462675324161,0.022071326818517138,0.0,"[0.0, 0.0]",1999,-0.0008178523388304898,"[-0.0019072636849917933, 0.00017040928309529246]",-0.003972817867851564,"[-0.006171190013689363, -0.0020673473224895396]"
2023,public_administration_education_health_headcount_share,1594,72,controls_plus_continuous5,0.12495429560724447,0.09745292731418422,0.018098508950665577,0.003972817867851564,"[0.0020673473224895396, 0.006171190013689363]",1999,0.0031549655290210744,"[0.001407350880925084, 0.005175561786882292]",0.0,"[0.0, 0.0]"
2023,public_administration_education_health_headcount_share,1594,72,controls_plus_quadratic_continuous5,0.12626279141839988,0.09794047827211899,0.017458556817988295,0.004612770000528845,"[0.0019414802221142898, 0.007788320280280389]",1999,0.0037949176616983555,"[0.001504266282888691, 0.006447214955319195]",0.0006399521326772809,"[-0.0009635915636840633, 0.002411668504115782]"
2023,public_administration_education_health_headcount_share,1594,72,controls_plus_historical_kmeans4,0.13332053254897588,0.10462807319773111,0.021253474479686653,0.0008178523388304898,"[-0.00017040928309529273, 0.0019072636849917929]",1999,0.0,"[0.0, 0.0]",-0.0031549655290210744,"[-0.005175561786882293, -0.001407350880925084]"
2023,public_administration_education_health_headcount_share,1594,72,controls_plus_sw_constrained_huber75,0.13284726793388407,0.10517844433748773,0.02035318237594784,0.0017181444425693009,"[0.0004931336782453619, 0.003182583056949208]",1999,0.0009002921037388112,"[0.00013049309572359385, 0.0018034064990655435]",-0.002254673425282263,"[-0.004269145233530782, -0.00033812914093043963]"
2023,public_administration_education_health_headcount_share,1594,72,controls_plus_sw_constrained_ordinary,0.13314309666617713,0.1054011282182255,0.020611580512003527,0.0014597463065136136,"[0.00041227322918034663, 0.002664921869702989]",1999,0.0006418939676831239,"[-2.0204950060602718e-05, 0.0014438479504798722]",-0.002513071561337951,"[-0.004468222167835677, -0.0007550116354547172]"
2024,log_annual_monthly_wage_rubles,1680,68,controls,0.18188506356105535,0.13635662461163361,0.03555425062881404,0.0,"[0.0, 0.0]",1999,-0.001755453452708219,"[-0.003661270647238535, -0.0001727589157392975]",-0.002854164477322793,"[-0.00628831661448906, -0.00019278377996493758]"
2024,log_annual_monthly_wage_rubles,1680,68,controls_plus_continuous5,0.1788021499835805,0.1350111249602429,0.03270008615149123,0.002854164477322793,"[0.0001927837799649374, 0.006288316614489059]",1999,0.0010987110246145734,"[-0.0009504632476425314, 0.003340339394547351]",0.0,"[0.0, 0.0]"
2024,log_annual_monthly_wage_rubles,1680,68,controls_plus_quadratic_continuous5,0.1805576310533812,0.13622879591802034,0.033950149387647975,0.001604101241166051,"[-0.0008668279183954688, 0.004293819598410585]",1999,-0.00015135221154216779,"[-0.002433313155652832, 0.002064136836119349]",-0.0012500632361567413,"[-0.003033209868184235, 0.00032324205297241173]"
2024,log_annual_monthly_wage_rubles,1680,68,controls_plus_historical_kmeans4,0.17755688880687692,0.13340032590161433,0.03379879717610581,0.001755453452708219,"[0.00017275891573929718, 0.0036612706472385344]",1999,0.0,"[0.0, 0.0]",-0.0010987110246145734,"[-0.003340339394547351, 0.000950463247642531]"
2024,log_annual_monthly_wage_rubles,1680,68,controls_plus_sw_constrained_huber75,0.1775676713943432,0.13333889535962815,0.03393137523737716,0.0016228753914368603,"[9.596708175569902e-05, 0.0034137415023824933]",1999,-0.00013257806127135865,"[-0.0006067142850693796, 0.0003143904699267336]",-0.001231289085885932,"[-0.0036532810316263, 0.0010213830050512863]"
2024,log_annual_monthly_wage_rubles,1680,68,controls_plus_sw_constrained_ordinary,0.17787565176214432,0.133528528255777,0.03412165337780454,0.0014325972510094865,"[-3.2451498555595826e-05, 0.0031174133120447857]",1999,-0.0003228562016987323,"[-0.0007914984429829115, 8.413538482860127e-05]",-0.0014215672263133057,"[-0.003919408069917604, 0.0008130561315641567]"
2024,log_covered_organization_jobs_per_resident,1680,68,controls,0.41831155269050535,0.2923145611892329,0.17059554286822956,0.0,"[0.0, 0.0]",1999,-0.0021570765719657985,"[-0.006914716169361107, 0.0025251219502926783]",-0.011537389315441189,"[-0.02558655292439362, -0.000992700021128032]"
2024,log_covered_organization_jobs_per_resident,1680,68,controls_plus_continuous5,0.40868168770687224,0.28866681787377946,0.1590581535527884,0.011537389315441189,"[0.0009927000211280286, 0.02558655292439362]",1999,0.00938031274347539,"[0.00010359341115697405, 0.02029060295341516]",0.0,"[0.0, 0.0]"
2024,log_covered_organization_jobs_per_resident,1680,68,controls_plus_quadratic_continuous5,0.4071147786801298,0.28576226221297857,0.1640968438231967,0.0064986990450328335,"[-0.009023624723468791, 0.01994657185156353]",1999,0.004341622473067037,"[-0.01375897150888833, 0.01995429206781351]",-0.005038690270408354,"[-0.027067258724446736, 0.010962921269216448]"
2024,log_covered_organization_jobs_per_resident,1680,68,controls_plus_historical_kmeans4,0.4182189285737742,0.2920055996817753,0.16843846629626374,0.0021570765719657985,"[-0.00252512195029268, 0.0069147161693611054]",1999,0.0,"[0.0, 0.0]",-0.00938031274347539,"[-0.020290602953415164, -0.00010359341115697471]"
2024,log_covered_organization_jobs_per_resident,1680,68,controls_plus_sw_constrained_huber75,0.42199176371010494,0.29274008434273086,0.17085733973188127,-0.00026179686365174735,"[-0.006176521093002653, 0.004491318889735825]",1999,-0.0024188734356175457,"[-0.005269552626319589, 5.142373997579121e-05]",-0.011799186179092936,"[-0.024292265265866156, -0.001015671435265827]"
2024,log_covered_organization_jobs_per_resident,1680,68,controls_plus_sw_constrained_ordinary,0.42218784144845223,0.29245398538269723,0.17031478157626875,0.00028076129196079796,"[-0.005954970485286155, 0.005616107155196016]",1999,-0.0018763152800050004,"[-0.00522711040887569, 0.0007735033035302]",-0.01125662802348039,"[-0.0232295979218899, -0.0005441491021948448]"
2024,manufacturing_headcount_share,879,66,controls,0.13664246840932903,0.10952904919606651,0.01979041337198793,0.0,"[0.0, 0.0]",1999,-0.0005528855594407896,"[-0.0010507447510947447, -8.353027577350647e-05]",-0.0024258537037410506,"[-0.003999651944307863, -0.0009213006817690944]"
2024,manufacturing_headcount_share,879,66,controls_plus_continuous5,0.13032047727849452,0.10345731853276795,0.017364559668246883,0.0024258537037410506,"[0.0009213006817690943, 0.003999651944307862]",1999,0.0018729681443002612,"[0.000573927349884236, 0.003228450377856975]",0.0,"[0.0, 0.0]"
2024,manufacturing_headcount_share,879,66,controls_plus_quadratic_continuous5,0.1297910245445668,0.10331784817817832,0.01683829613047555,0.002952117241512384,"[0.001125140813985238, 0.00493044609454698]",1999,0.002399231682071595,"[0.0007466267182608777, 0.004204891571378885]",0.0005262635377713337,"[-0.0005013421311827111, 0.0016182252221970514]"
2024,manufacturing_headcount_share,879,66,controls_plus_historical_kmeans4,0.13550712744686091,0.10789788672377906,0.01923752781254714,0.0005528855594407896,"[8.353027577350618e-05, 0.0010507447510947447]",1999,0.0,"[0.0, 0.0]",-0.0018729681443002612,"[-0.0032284503778569756, -0.0005739273498842361]"
2024,manufacturing_headcount_share,879,66,controls_plus_sw_constrained_huber75,0.134712583965651,0.10679685212283034,0.018631010561393924,0.0011594028105940078,"[0.00037854563113155017, 0.0020216889055328325]",1999,0.0006065172511532183,"[-8.188812229945545e-05, 0.0013758210748691057]",-0.0012664508931470426,"[-0.00234119832235888, -0.00025962720785515926]"
2024,manufacturing_headcount_share,879,66,controls_plus_sw_constrained_ordinary,0.13516043445955392,0.10751350697533349,0.01886855722655073,0.0009218561454372028,"[0.00025767957471642064, 0.001598215801934638]",1999,0.00036897058599641316,"[-0.00021845352722363263, 0.0009636965491005707]",-0.001503997558303848,"[-0.002646183253115018, -0.00039338366472963995]"
2024,agriculture_headcount_share,951,66,controls,0.08867743599246888,0.06576827761764258,0.007207328807371533,0.0,"[0.0, 0.0]",1999,4.566219295926612e-05,"[-0.00010158718100169273, 0.00019227572261671554]",2.4089406805301514e-05,"[-0.00026437490329969036, 0.00030717818123773973]"
2024,agriculture_headcount_share,951,66,controls_plus_continuous5,0.08834505834348907,0.06474057974376979,0.007231418214176836,-2.4089406805301514e-05,"[-0.0003071781812377398, 0.0002643749032996902]",1999,2.15727861539646e-05,"[-0.0002072184987917499, 0.00023521755840831383]",0.0,"[0.0, 0.0]"
2024,agriculture_headcount_share,951,66,controls_plus_quadratic_continuous5,0.088718024032616,0.06488729033730666,0.007159552747391935,4.7776059979598367e-05,"[-0.00038142139576840834, 0.0004727984687990615]",1999,9.343825293886448e-05,"[-0.00030612955584140446, 0.0004684740831474116]",7.186546678489985e-05,"[-0.00030809869826561203, 0.0004333797020392187]"
2024,agriculture_headcount_share,951,66,controls_plus_historical_kmeans4,0.08870810143100097,0.06569552033509918,0.007252991000330799,-4.566219295926612e-05,"[-0.00019227572261671557, 0.00010158718100169271]",1999,0.0,"[0.0, 0.0]",-2.15727861539646e-05,"[-0.00023521755840831391, 0.00020721849879174988]"
2024,agriculture_headcount_share,951,66,controls_plus_sw_constrained_huber75,0.08855044677929835,0.0655324641163895,0.0071762248606445506,3.1103946726982776e-05,"[-0.00010382861091092982, 0.00017089248088143256]",1999,7.676613968624889e-05,"[-2.9768394035224605e-05, 0.00019034192105002448]",5.519335353228431e-05,"[-0.0001664432046952303, 0.0002935128761438063]"
2024,agriculture_headcount_share,951,66,controls_plus_sw_constrained_ordinary,0.08849599560533303,0.0654521610452018,0.007186862614974074,2.046619239746005e-05,"[-0.000123819661673903, 0.0001725666521826777]",1999,6.612838535672617e-05,"[-5.112772784259942e-05, 0.000180648780944812]",4.4555599202761576e-05,"[-0.00016134344024403973, 0.00027093921479839607]"
2024,public_administration_education_health_headcount_share,1502,68,controls,0.1374798768605354,0.10821655661255837,0.022960808642379066,0.0,"[0.0, 0.0]",1999,-0.0008087226654380328,"[-0.0016123577581982382, -4.745035190081112e-05]",-0.0038086566991034606,"[-0.006519444860460937, -0.001404218405862732]"
2024,public_administration_education_health_headcount_share,1502,68,controls_plus_continuous5,0.1281652571065601,0.10026151870367069,0.01915215194327561,0.0038086566991034606,"[0.001404218405862732, 0.006519444860460936]",1999,0.002999934033665428,"[0.0007024648828928114, 0.005472852826889931]",0.0,"[0.0, 0.0]"
2024,public_administration_education_health_headcount_share,1502,68,controls_plus_quadratic_continuous5,0.1315283403634858,0.1020053254416183,0.018866371101957442,0.004094437540421631,"[0.0010935143153451255, 0.007455788235533061]",1999,0.003285714874983598,"[0.00045821348234653664, 0.006409453607494769]",0.0002857808413181704,"[-0.0016226069333271041, 0.0020915616025801004]"
2024,public_administration_education_health_headcount_share,1502,68,controls_plus_historical_kmeans4,0.13697560802368267,0.10792591378376853,0.02215208597694104,0.0008087226654380328,"[4.745035190081103e-05, 0.0016123577581982377]",1999,0.0,"[0.0, 0.0]",-0.002999934033665428,"[-0.005472852826889932, -0.0007024648828928125]"
2024,public_administration_education_health_headcount_share,1502,68,controls_plus_sw_constrained_huber75,0.13642434529107275,0.10804297272251027,0.021399891587708417,0.0015609170546706497,"[0.0004888265017985151, 0.002782649767183353]",1999,0.0007521943892326169,"[5.4004631937048236e-05, 0.0015593307008109124]",-0.002247739644432811,"[-0.004657075088680237, 0.0002446064126896986]"
2024,public_administration_education_health_headcount_share,1502,68,controls_plus_sw_constrained_ordinary,0.13668060506916174,0.10826711007061016,0.021655406245247547,0.0013054023971315204,"[0.00037664265727383714, 0.002322908102223536]",1999,0.0004966797316934878,"[-7.644900213684657e-05, 0.0011798886591356784]",-0.0025032543019719404,"[-0.00490562136729613, -0.00012566166690041938]"
