entity_id,region_code,kind,primary_status,primary_value,archive_value,source_name_verified,comparable,difference_primary_minus_archive,agrees_at_publication_precision,population_primary_kind
tid_1,1,wage,not_published,,48392.4,True,False,,,
tid_1,1,headcount,not_published,,35318.0,True,False,,,
tid_1,1,population,observed,163766.0,163766.0,True,True,0.0,True,population_all_ages_both_sexes
tid_2,1,wage,observed,38846.2,38846.2,True,True,0.0,True,
tid_2,1,headcount,observed,1620.0,1620.0,True,True,0.0,True,
tid_2,1,population,observed,15614.0,15614.0,True,True,0.0,True,population_estimate
tid_3,1,wage,observed,46265.2,46265.2,True,True,0.0,True,
tid_3,1,headcount,observed,5074.0,5074.0,True,True,0.0,True,
tid_3,1,population,observed,31933.0,31933.0,True,True,0.0,True,population_estimate
tid_21,2,wage,not_published,,74150.2,False,False,,,
tid_21,2,headcount,not_published,,303299.0,False,False,,,
tid_21,2,population,not_published,,1180979.0,False,False,,,population_all_ages_both_sexes
tid_22,2,wage,not_published,,51380.7,True,False,,,
tid_22,2,headcount,not_published,,1486.0,True,False,,,
tid_22,2,population,not_published,,14002.0,True,False,,,population_all_ages_both_sexes
tid_23,2,wage,not_published,,48318.0,False,False,,,
tid_23,2,headcount,not_published,,10116.0,False,False,,,
tid_23,2,population,not_published,,61699.0,False,False,,,population_all_ages_both_sexes
tid_10,4,wage,not_published,,61211.1,True,False,,,
tid_10,4,headcount,not_published,,16212.0,True,False,,,
tid_10,4,population,not_published,,64957.0,True,False,,,population_all_ages_both_sexes
tid_11,4,wage,unexpected_unit,,56419.6,True,False,,,
tid_11,4,headcount,observed,2501.0,2501.0,True,True,0.0,True,
tid_11,4,population,observed,18512.0,18512.0,True,True,0.0,True,population_estimate
tid_12,4,wage,unexpected_unit,,63980.1,True,False,,,
tid_12,4,headcount,observed,6654.0,6654.0,True,True,0.0,True,
tid_12,4,population,observed,30665.0,30665.0,True,True,0.0,True,population_estimate
tid_167,7,wage,not_published,,46055.1,True,False,,,
tid_167,7,headcount,not_published,,54394.0,True,False,,,
tid_167,7,population,observed,271656.0,271656.0,True,True,0.0,True,population_all_ages_both_sexes
tid_168,7,wage,not_published,,36964.4,False,False,,,
tid_168,7,headcount,not_published,,4461.0,False,False,,,
tid_168,7,population,not_published,,60724.0,False,False,,,population_all_ages_both_sexes
tid_169,7,wage,not_published,,41272.9,True,False,,,
tid_169,7,headcount,not_published,,6236.0,True,False,,,
tid_169,7,population,not_published,,59778.0,True,False,,,population_all_ages_both_sexes
tid_181,8,wage,observed,31314.8,31314.8,True,True,0.0,True,
tid_181,8,headcount,observed,1343.0,1343.0,True,True,0.0,True,
tid_181,8,population,observed,13530.0,13530.0,True,True,0.0,True,population_estimate
tid_184,8,wage,observed,32911.2,32911.2,True,True,0.0,True,
tid_184,8,headcount,observed,1235.0,1235.0,True,True,0.0,True,
tid_184,8,population,observed,18310.0,18310.0,True,True,0.0,True,population_estimate
tid_185,8,wage,observed,31383.4,31383.4,True,True,0.0,True,
tid_185,8,headcount,observed,853.0,853.0,True,True,0.0,True,
tid_185,8,population,observed,9207.0,9207.0,True,True,0.0,True,population_estimate
tid_194,9,wage,not_published,,48746.3,False,False,,,
tid_194,9,headcount,not_published,,28296.0,False,False,,,
tid_194,9,population,not_published,,112789.0,False,False,,,population_all_ages_both_sexes
tid_195,9,wage,observed,35986.6,35986.6,False,False,,,
tid_195,9,headcount,observed,4429.0,4429.0,False,False,,,
tid_195,9,population,not_published,,41060.0,False,False,,,population_all_ages_both_sexes
tid_196,9,wage,not_published,,34211.4,False,False,,,
tid_196,9,headcount,not_published,,2419.0,False,False,,,
tid_196,9,population,not_published,,17867.0,False,False,,,population_all_ages_both_sexes
tid_206,10,wage,not_published,,71274.3,True,False,,,
tid_206,10,headcount,not_published,,65508.0,True,False,,,
tid_206,10,population,not_published,,235793.0,True,False,,,population_all_ages_both_sexes
tid_207,10,wage,observed,96103.8,96103.8,True,True,0.0,True,
tid_207,10,headcount,observed,8367.0,8367.0,True,True,0.0,True,
tid_207,10,population,observed,26531.0,26531.0,True,True,0.0,True,population_estimate
tid_208,10,wage,not_published,,76949.8,True,False,,,
tid_208,10,headcount,not_published,,3204.0,True,False,,,
tid_208,10,population,observed,12546.0,12546.0,True,True,0.0,True,population_all_ages_both_sexes
tid_224,11,wage,observed,72281.3,72281.3,True,True,0.0,True,
tid_224,11,headcount,observed,71942.0,71942.0,True,True,0.0,True,
tid_224,11,population,observed,233105.0,233105.0,True,True,0.0,True,population_all_ages_both_sexes
tid_225,11,wage,not_published,,101372.5,True,False,,,
tid_225,11,headcount,not_published,,22005.0,True,False,,,
tid_225,11,population,not_published,,67702.0,True,False,,,population_all_ages_both_sexes
tid_226,11,wage,observed,101854.7,101854.7,True,True,0.0,True,
tid_226,11,headcount,observed,3707.0,3707.0,True,True,0.0,True,
tid_226,11,population,observed,10365.0,10365.0,True,True,0.0,True,population_estimate
tid_269,12,wage,not_published,,57503.8,True,False,,,
tid_269,12,headcount,not_published,,66127.0,True,False,,,
tid_269,12,population,not_published,,294128.0,True,False,,,population_all_ages_both_sexes
tid_270,12,wage,not_published,,58662.8,True,False,,,
tid_270,12,headcount,not_published,,11618.0,True,False,,,
tid_270,12,population,not_published,,52164.0,True,False,,,population_all_ages_both_sexes
tid_271,12,wage,not_published,,50132.6,True,False,,,
tid_271,12,headcount,observed,6576.0,6576.0,True,True,0.0,True,
tid_271,12,population,not_published,,19355.0,True,False,,,population_all_ages_both_sexes
tid_287,13,wage,observed,41883.7,41883.7,True,True,0.0,True,
tid_287,13,headcount,observed,3249.0,3249.0,True,True,0.0,True,
tid_287,13,population,observed,23935.0,23935.0,True,True,0.0,True,population_estimate
tid_288,13,wage,not_published,,31097.0,False,False,,,
tid_288,13,headcount,not_published,,803.0,False,False,,,
tid_288,13,population,not_published,,9088.0,False,False,,,population_all_ages_both_sexes
tid_289,13,wage,observed,43655.3,43655.3,True,True,0.0,True,
tid_289,13,headcount,observed,4014.0,4014.0,True,True,0.0,True,
tid_289,13,population,observed,17467.0,17467.0,True,True,0.0,True,population_estimate
tid_309,14,wage,not_published,,107344.4,False,False,,,
tid_309,14,headcount,not_published,,84799.0,False,False,,,
tid_309,14,population,not_published,,378549.0,False,False,,,population_all_ages_both_sexes
tid_312,14,wage,not_published,,119826.1,False,False,,,
tid_312,14,headcount,not_published,,21888.0,False,False,,,
tid_312,14,population,not_published,,39279.0,False,False,,,population_all_ages_both_sexes
tid_314,14,wage,not_published,,71739.4,False,False,,,
tid_314,14,headcount,not_published,,3701.0,False,False,,,
tid_314,14,population,not_published,,16894.0,False,False,,,population_all_ages_both_sexes
tid_345,15,wage,not_published,,45649.6,True,False,,,
tid_345,15,headcount,not_published,,67559.0,True,False,,,
tid_345,15,population,not_published,,309618.0,True,False,,,population_all_ages_both_sexes
tid_346,15,wage,not_published,,33606.5,True,False,,,
tid_346,15,headcount,not_published,,3572.0,True,False,,,
tid_346,15,population,not_published,,38381.0,True,False,,,population_all_ages_both_sexes
tid_347,15,wage,not_published,,32252.1,True,False,,,
tid_347,15,headcount,not_published,,2708.0,True,False,,,
tid_347,15,population,observed,31288.0,31288.0,True,True,0.0,True,population_estimate
tid_354,16,wage,not_published,,77449.7,True,False,,,
tid_354,16,headcount,not_published,,335715.0,True,False,,,
tid_354,16,population,observed,1314685.0,1314685.0,True,True,0.0,True,population_all_ages_both_sexes
tid_355,16,wage,not_published,,70392.5,True,False,,,
tid_355,16,headcount,not_published,,129838.0,True,False,,,
tid_355,16,population,observed,545750.0,545750.0,True,True,0.0,True,population_all_ages_both_sexes
tid_356,16,wage,observed,55092.9,55092.9,True,True,0.0,True,
tid_356,16,headcount,observed,5918.0,5918.0,True,True,0.0,True,
tid_356,16,population,observed,34692.0,34692.0,True,True,0.0,True,population_all_ages_both_sexes
tid_401,17,wage,not_published,,39736.3,True,False,,,
tid_401,17,headcount,not_published,,1567.0,True,False,,,
tid_401,17,population,not_published,,10548.0,True,False,,,population_all_ages_both_sexes
tid_402,17,wage,not_published,,41664.6,True,False,,,
tid_402,17,headcount,not_published,,2321.0,True,False,,,
tid_402,17,population,not_published,,11881.0,True,False,,,population_all_ages_both_sexes
tid_403,17,wage,not_published,,42744.3,False,False,,,
tid_403,17,headcount,not_published,,2929.0,False,False,,,
tid_403,17,population,not_published,,19185.0,False,False,,,population_all_ages_both_sexes
tid_418,18,wage,not_published,,62842.3,True,False,,,
tid_418,18,headcount,not_published,,166006.0,True,False,,,
tid_418,18,population,not_published,,620591.0,True,False,,,population_all_ages_both_sexes
tid_419,18,wage,not_published,,61440.8,True,False,,,
tid_419,18,headcount,not_published,,24548.0,True,False,,,
tid_419,18,population,observed,96646.0,96646.0,True,True,0.0,True,population_all_ages_both_sexes
tid_420,18,wage,not_published,,52295.9,True,False,,,
tid_420,18,headcount,not_published,,21509.0,True,False,,,
tid_420,18,population,observed,86996.0,86996.0,True,True,0.0,True,population_all_ages_both_sexes
tid_448,19,wage,not_published,,69250.6,True,False,,,
tid_448,19,headcount,not_published,,46564.0,True,False,,,
tid_448,19,population,not_published,,185348.0,True,False,,,population_all_ages_both_sexes
tid_449,19,wage,not_published,,55899.1,False,False,,,
tid_449,19,headcount,not_published,,2451.0,False,False,,,
tid_449,19,population,not_published,,12055.0,False,False,,,population_all_ages_both_sexes
tid_450,19,wage,not_published,,77235.5,False,False,,,
tid_450,19,headcount,not_published,,15627.0,False,False,,,
tid_450,19,population,not_published,,55899.0,False,False,,,population_all_ages_both_sexes
tid_478,21,wage,not_published,,60093.6,True,False,,,
tid_478,21,headcount,not_published,,117905.0,True,False,,,
tid_478,21,population,not_published,,506351.0,True,False,,,population_all_ages_both_sexes
tid_479,21,wage,observed,40946.3,40946.3,True,True,0.0,True,
tid_479,21,headcount,observed,7308.0,7308.0,True,True,0.0,True,
tid_479,21,population,not_published,,31550.0,True,False,,,population_all_ages_both_sexes
tid_480,21,wage,not_published,,49770.0,True,False,,,
tid_480,21,headcount,not_published,,10382.0,True,False,,,
tid_480,21,population,not_published,,44257.0,True,False,,,population_all_ages_both_sexes
tid_504,22,wage,not_published,,58747.8,True,False,,,
tid_504,22,headcount,not_published,,156536.0,True,False,,,
tid_504,22,population,not_published,,690128.0,True,False,,,population_all_ages_both_sexes
tid_505,22,wage,observed,49221.9,49221.9,True,True,0.0,True,
tid_505,22,headcount,observed,5325.0,5325.0,True,True,0.0,True,
tid_505,22,population,observed,24804.0,24804.0,True,True,0.0,True,population_all_ages_both_sexes
tid_506,22,wage,not_published,,55378.6,False,False,,,
tid_506,22,headcount,not_published,,5626.0,False,False,,,
tid_506,22,population,not_published,,14791.0,False,False,,,population_all_ages_both_sexes
tid_666,24,wage,not_published,,83947.8,True,False,,,
tid_666,24,headcount,not_published,,279835.0,True,False,,,
tid_666,24,population,observed,1197659.0,1197659.0,True,True,0.0,True,population_all_ages_both_sexes
tid_667,24,wage,observed,67165.3,67165.3,True,True,0.0,True,
tid_667,24,headcount,observed,27094.0,27094.0,True,True,0.0,True,
tid_667,24,population,observed,101384.0,101384.0,True,True,0.0,True,population_all_ages_both_sexes
tid_668,24,wage,observed,63938.0,63938.0,True,True,0.0,True,
tid_668,24,headcount,observed,6144.0,6144.0,True,True,0.0,True,
tid_668,24,population,observed,17841.0,17841.0,True,True,0.0,True,population_all_ages_both_sexes
tid_775,25,wage,not_published,,97875.7,True,False,,,
tid_775,25,headcount,not_published,,170668.0,True,False,,,
tid_775,25,population,observed,628385.0,628385.0,True,True,0.0,True,population_all_ages_both_sexes
tid_776,25,wage,not_published,,78837.4,True,False,,,
tid_776,25,headcount,not_published,,12116.0,True,False,,,
tid_776,25,population,not_published,,47306.0,True,False,,,population_all_ages_both_sexes
tid_777,25,wage,not_published,,74866.5,True,False,,,
tid_777,25,headcount,not_published,,20107.0,True,False,,,
tid_777,25,population,not_published,,117858.0,True,False,,,population_all_ages_both_sexes
tid_809,26,wage,not_published,,60218.6,True,False,,,
tid_809,26,headcount,not_published,,116616.0,True,False,,,
tid_809,26,population,not_published,,550260.0,True,False,,,population_all_ages_both_sexes
tid_810,26,wage,not_published,,44098.5,False,False,,,
tid_810,26,headcount,not_published,,7645.0,False,False,,,
tid_810,26,population,not_published,,56932.0,False,False,,,population_all_ages_both_sexes
tid_811,26,wage,not_published,,,True,False,,,
tid_811,26,headcount,not_published,,,True,False,,,
tid_811,26,population,not_published,,,True,False,,,population_all_ages_both_sexes
tid_842,27,wage,observed,90275.7,90275.7,True,True,0.0,True,
tid_842,27,headcount,observed,176040.0,176040.0,True,True,0.0,True,
tid_842,27,population,observed,617168.0,617168.0,True,True,0.0,True,population_all_ages_both_sexes
tid_843,27,wage,not_published,,80493.4,True,False,,,
tid_843,27,headcount,not_published,,61841.0,True,False,,,
tid_843,27,population,observed,236158.0,236158.0,True,True,0.0,True,population_all_ages_both_sexes
tid_844,27,wage,observed,79647.6,79647.6,True,True,0.0,True,
tid_844,27,headcount,observed,10545.0,10545.0,True,True,0.0,True,
tid_844,27,population,observed,56707.0,56707.0,True,True,0.0,True,population_all_ages_both_sexes
tid_870,28,wage,not_published,,59548.2,False,False,,,
tid_870,28,headcount,not_published,,2364.0,False,False,,,
tid_870,28,population,not_published,,12729.0,False,False,,,population_all_ages_both_sexes
tid_871,28,wage,not_published,,52185.1,False,False,,,
tid_871,28,headcount,not_published,,2309.0,False,False,,,
tid_871,28,population,not_published,,17256.0,False,False,,,population_all_ages_both_sexes
tid_872,28,wage,not_published,,65152.6,False,False,,,
tid_872,28,headcount,not_published,,2058.0,False,False,,,
tid_872,28,population,not_published,,35071.0,False,False,,,population_all_ages_both_sexes
tid_890,29,wage,observed,80965.2,,True,False,,,
tid_890,29,headcount,observed,83100.0,,True,False,,,
tid_890,29,population,observed,303357.0,,True,False,,,population_all_ages_both_sexes
tid_891,29,wage,not_published,,,False,False,,,
tid_891,29,headcount,not_published,,,False,False,,,
tid_891,29,population,not_published,,,False,False,,,population_all_ages_both_sexes
tid_892,29,wage,observed,68057.4,,True,False,,,
tid_892,29,headcount,observed,16757.0,,True,False,,,
tid_892,29,population,observed,67023.0,,True,False,,,population_estimate
tid_918,30,wage,observed,56972.7,56972.7,True,True,0.0,True,
tid_918,30,headcount,observed,104431.0,104431.0,True,True,0.0,True,
tid_918,30,population,observed,468842.0,468842.0,True,True,0.0,True,population_estimate
tid_920,30,wage,observed,46591.3,46591.3,True,True,0.0,True,
tid_920,30,headcount,observed,11689.0,11689.0,True,True,0.0,True,
tid_920,30,population,observed,57400.0,57400.0,True,True,0.0,True,population_estimate
tid_922,30,wage,observed,67411.6,67411.6,True,True,0.0,True,
tid_922,30,headcount,observed,3597.0,3597.0,True,True,0.0,True,
tid_922,30,population,observed,25035.0,25035.0,True,True,0.0,True,population_estimate
tid_986,33,wage,observed,61288.3,61288.3,True,True,0.0,True,
tid_986,33,headcount,observed,98452.0,98452.0,True,True,0.0,True,
tid_986,33,population,observed,349315.0,349315.0,True,True,0.0,True,population_estimate
tid_987,33,wage,observed,51096.1,51096.1,True,True,0.0,True,
tid_987,33,headcount,observed,11777.0,11777.0,True,True,0.0,True,
tid_987,33,population,observed,52002.0,52002.0,True,True,0.0,True,population_estimate
tid_988,33,wage,observed,60408.0,60408.0,True,True,0.0,True,
tid_988,33,headcount,observed,40618.0,40618.0,True,True,0.0,True,
tid_988,33,population,observed,130327.0,130327.0,True,True,0.0,True,population_estimate
tid_1007,34,wage,observed,59328.7,59328.7,True,True,0.0,True,
tid_1007,34,headcount,observed,225688.0,225688.0,True,True,0.0,True,
tid_1007,34,population,observed,1025662.0,1025662.0,True,True,0.0,True,population_all_ages_both_sexes
tid_1008,34,wage,observed,57695.2,57695.2,True,True,0.0,True,
tid_1008,34,headcount,not_published,,56328.0,True,False,,,
tid_1008,34,population,not_published,,316544.0,True,False,,,population_all_ages_both_sexes
tid_1009,34,wage,observed,42500.5,42500.5,True,True,0.0,True,
tid_1009,34,headcount,observed,17922.0,17922.0,True,True,0.0,True,
tid_1009,34,population,observed,105471.0,105471.0,True,True,0.0,True,population_estimate
tid_1047,35,wage,not_published,,60549.3,False,False,,,
tid_1047,35,headcount,not_published,,4689.0,False,False,,,
tid_1047,35,population,not_published,,19014.0,False,False,,,population_all_ages_both_sexes
tid_1048,35,wage,not_published,,46377.2,False,False,,,
tid_1048,35,headcount,not_published,,1174.0,False,False,,,
tid_1048,35,population,not_published,,9641.0,False,False,,,population_all_ages_both_sexes
tid_1049,35,wage,not_published,,49311.6,False,False,,,
tid_1049,35,headcount,not_published,,2894.0,False,False,,,
tid_1049,35,population,not_published,,13492.0,False,False,,,population_all_ages_both_sexes
tid_1107,37,wage,not_published,,51303.2,False,False,,,
tid_1107,37,headcount,not_published,,77299.0,False,False,,,
tid_1107,37,population,not_published,,360687.0,False,False,,,population_all_ages_both_sexes
tid_1108,37,wage,not_published,,32515.6,False,False,,,
tid_1108,37,headcount,not_published,,4210.0,False,False,,,
tid_1108,37,population,not_published,,30010.0,False,False,,,population_all_ages_both_sexes
tid_1109,37,wage,not_published,,38188.8,False,False,,,
tid_1109,37,headcount,not_published,,11023.0,False,False,,,
tid_1109,37,population,not_published,,75823.0,False,False,,,population_all_ages_both_sexes
tid_1134,38,wage,not_published,,86085.3,True,False,,,
tid_1134,38,headcount,not_published,,190163.0,True,False,,,
tid_1134,38,population,not_published,,611215.0,True,False,,,population_all_ages_both_sexes
tid_1135,38,wage,not_published,,68084.9,True,False,,,
tid_1135,38,headcount,not_published,,52594.0,True,False,,,
tid_1135,38,population,not_published,,230058.0,True,False,,,population_all_ages_both_sexes
tid_1136,38,wage,not_published,,80434.6,True,False,,,
tid_1136,38,headcount,not_published,,48466.0,True,False,,,
tid_1136,38,population,not_published,,221244.0,True,False,,,population_all_ages_both_sexes
tid_1176,39,wage,observed,67801.2,67801.2,True,True,0.0,True,
tid_1176,39,headcount,observed,113936.0,113936.0,True,True,0.0,True,
tid_1176,39,population,observed,489735.0,489735.0,True,True,0.0,True,population_all_ages_both_sexes
tid_1178,39,wage,not_published,,46436.2,False,False,,,
tid_1178,39,headcount,not_published,,578.0,False,False,,,
tid_1178,39,population,not_published,,8508.0,False,False,,,population_all_ages_both_sexes
tid_1179,39,wage,not_published,,58816.4,True,False,,,
tid_1179,39,headcount,observed,2005.0,2005.0,True,True,0.0,True,
tid_1179,39,population,not_published,,12873.0,True,False,,,population_all_ages_both_sexes
tid_1198,40,wage,not_published,,65669.2,True,False,,,
tid_1198,40,headcount,not_published,,111525.0,True,False,,,
tid_1198,40,population,not_published,,355488.0,True,False,,,population_all_ages_both_sexes
tid_1200,40,wage,unexpected_unit,,57015.2,True,False,,,
tid_1200,40,headcount,observed,3297.0,3297.0,True,True,0.0,True,
tid_1200,40,population,observed,20704.0,20704.0,True,True,0.0,True,population_all_ages_both_sexes
tid_1201,40,wage,unexpected_unit,,51689.2,True,False,,,
tid_1201,40,headcount,observed,755.0,755.0,True,True,0.0,True,
tid_1201,40,population,observed,5393.0,5393.0,True,True,0.0,True,population_all_ages_both_sexes
tid_608,41,wage,not_published,,132021.4,True,False,,,
tid_608,41,headcount,not_published,,55647.0,True,False,,,
tid_608,41,population,not_published,,162992.0,True,False,,,population_all_ages_both_sexes
tid_612,41,wage,not_published,,104995.7,False,False,,,
tid_612,41,headcount,not_published,,16935.0,False,False,,,
tid_612,41,population,not_published,,59658.0,False,False,,,population_all_ages_both_sexes
tid_613,41,wage,observed,88089.6,88089.6,True,True,0.0,True,
tid_613,41,headcount,observed,2227.0,2227.0,True,True,0.0,True,
tid_613,41,population,observed,8890.0,8890.0,True,True,0.0,True,population_estimate
tid_1224,42,wage,not_published,,77793.8,True,False,,,
tid_1224,42,headcount,not_published,,135830.0,True,False,,,
tid_1224,42,population,not_published,,,True,False,,,population_all_ages_both_sexes
tid_1225,42,wage,not_published,,54175.5,True,False,,,
tid_1225,42,headcount,not_published,,13794.0,True,False,,,
tid_1225,42,population,not_published,,,True,False,,,population_all_ages_both_sexes
tid_1226,42,wage,not_published,,71657.3,True,False,,,
tid_1226,42,headcount,not_published,,28803.0,True,False,,,
tid_1226,42,population,not_published,,,True,False,,,population_all_ages_both_sexes
tid_1258,43,wage,observed,59430.6,59430.6,True,True,0.0,True,
tid_1258,43,headcount,observed,133995.0,133995.0,True,True,0.0,True,
tid_1258,43,population,observed,496941.0,496941.0,True,True,0.0,True,population_all_ages_both_sexes
tid_1259,43,wage,observed,44959.4,44959.4,True,True,0.0,True,
tid_1259,43,headcount,observed,7531.0,7531.0,True,True,0.0,True,
tid_1259,43,population,observed,29227.0,29227.0,True,True,0.0,True,population_all_ages_both_sexes
tid_1260,43,wage,observed,56079.2,56079.2,True,True,0.0,True,
tid_1260,43,headcount,observed,18886.0,18886.0,True,True,0.0,True,
tid_1260,43,population,observed,65262.0,65262.0,True,True,0.0,True,population_all_ages_both_sexes
tid_1303,44,wage,not_published,,55348.3,True,False,,,
tid_1303,44,headcount,not_published,,64152.0,True,False,,,
tid_1303,44,population,not_published,,265965.0,True,False,,,population_all_ages_both_sexes
tid_1304,44,wage,not_published,,51687.6,True,False,,,
tid_1304,44,headcount,not_published,,6948.0,True,False,,,
tid_1304,44,population,not_published,,20211.0,True,False,,,population_all_ages_both_sexes
tid_1305,44,wage,not_published,,58862.5,True,False,,,
tid_1305,44,headcount,not_published,,5400.0,True,False,,,
tid_1305,44,population,not_published,,14079.0,True,False,,,population_all_ages_both_sexes
tid_1333,45,wage,not_published,,60705.4,True,False,,,
tid_1333,45,headcount,not_published,,92108.0,True,False,,,
tid_1333,45,population,not_published,,305505.0,True,False,,,population_all_ages_both_sexes
tid_1334,45,wage,not_published,,52654.7,True,False,,,
tid_1334,45,headcount,not_published,,16864.0,True,False,,,
tid_1334,45,population,not_published,,68102.0,True,False,,,population_all_ages_both_sexes
tid_1335,45,wage,not_published,,35249.4,True,False,,,
tid_1335,45,headcount,not_published,,988.0,True,False,,,
tid_1335,45,population,not_published,,7642.0,True,False,,,population_all_ages_both_sexes
tid_1392,47,wage,not_published,,63511.6,True,False,,,
tid_1392,47,headcount,not_published,,9693.0,True,False,,,
tid_1392,47,population,observed,50977.0,50977.0,True,True,0.0,True,population_all_ages_both_sexes
tid_1393,47,wage,not_published,,57428.7,True,False,,,
tid_1393,47,headcount,not_published,,6640.0,True,False,,,
tid_1393,47,population,observed,50211.0,50211.0,True,True,0.0,True,population_all_ages_both_sexes
tid_1394,47,wage,not_published,,64265.0,True,False,,,
tid_1394,47,headcount,not_published,,19893.0,True,False,,,
tid_1394,47,population,observed,79417.0,79417.0,True,True,0.0,True,population_all_ages_both_sexes
tid_1410,48,wage,not_published,,64336.9,True,False,,,
tid_1410,48,headcount,observed,127940.0,127940.0,True,True,0.0,True,
tid_1410,48,population,not_published,,490428.0,True,False,,,population_all_ages_both_sexes
tid_1411,48,wage,not_published,,50984.5,True,False,,,
tid_1411,48,headcount,not_published,,23136.0,True,False,,,
tid_1411,48,population,not_published,,96918.0,True,False,,,population_all_ages_both_sexes
tid_1412,48,wage,observed,42462.7,42462.7,True,True,0.0,True,
tid_1412,48,headcount,observed,1623.0,1623.0,True,True,0.0,True,
tid_1412,48,population,observed,12561.0,12561.0,True,True,0.0,True,population_estimate
tid_1430,49,wage,not_published,,135145.6,False,False,,,
tid_1430,49,headcount,not_published,,31086.0,False,False,,,
tid_1430,49,population,not_published,,95408.0,False,False,,,population_all_ages_both_sexes
tid_1431,49,wage,unexpected_unit,,99260.3,True,False,,,
tid_1431,49,headcount,observed,1931.0,1931.0,True,True,0.0,True,
tid_1431,49,population,not_published,,,True,False,,,population_all_ages_both_sexes
tid_1438,49,wage,not_published,,148808.2,True,False,,,
tid_1438,49,headcount,not_published,,4529.0,True,False,,,
tid_1438,49,population,not_published,,,True,False,,,population_all_ages_both_sexes
tid_1439,50,wage,observed,86622.4,86622.4,True,True,0.0,True,
tid_1439,50,headcount,observed,61641.0,61641.0,True,True,0.0,True,
tid_1439,50,population,observed,549846.0,549846.0,True,True,0.0,True,population_estimate
tid_1440,50,wage,observed,69765.3,69765.3,True,True,0.0,True,
tid_1440,50,headcount,observed,5496.0,5496.0,True,True,0.0,True,
tid_1440,50,population,observed,21294.0,21294.0,True,True,0.0,True,population_estimate
tid_1443,50,wage,observed,91279.6,91279.6,True,True,0.0,True,
tid_1443,50,headcount,observed,12068.0,12068.0,True,True,0.0,True,
tid_1443,50,population,observed,57700.0,57700.0,True,True,0.0,True,population_estimate
tid_1506,51,wage,unexpected_unit,,109287.2,True,False,,,
tid_1506,51,headcount,observed,84486.0,84486.0,True,True,0.0,True,
tid_1506,51,population,observed,267422.0,267422.0,True,True,0.0,True,population_all_ages_both_sexes
tid_1507,51,wage,not_published,,87323.0,True,False,,,
tid_1507,51,headcount,not_published,,12790.0,True,False,,,
tid_1507,51,population,not_published,,48763.0,True,False,,,population_all_ages_both_sexes
tid_1508,51,wage,not_published,,127682.0,True,False,,,
tid_1508,51,headcount,not_published,,15665.0,True,False,,,
tid_1508,51,population,not_published,,26253.0,True,False,,,population_all_ages_both_sexes
tid_1523,52,wage,observed,76098.7,76098.7,True,True,0.0,True,
tid_1523,52,headcount,observed,385703.0,385703.0,True,True,0.0,True,
tid_1523,52,population,observed,1237128.0,1237128.0,True,True,0.0,True,population_estimate
tid_1525,52,wage,not_published,,56674.9,True,False,,,
tid_1525,52,headcount,not_published,,24602.0,True,False,,,
tid_1525,52,population,observed,117831.0,117831.0,True,True,0.0,True,population_all_ages_both_sexes
tid_1526,52,wage,not_published,,74002.4,False,False,,,
tid_1526,52,headcount,not_published,,29518.0,False,False,,,
tid_1526,52,population,not_published,,72979.0,False,False,,,population_all_ages_both_sexes
tid_1575,53,wage,not_published,,62694.8,False,False,,,
tid_1575,53,headcount,not_published,,62041.0,False,False,,,
tid_1575,53,population,not_published,,223191.0,False,False,,,population_all_ages_both_sexes
tid_1577,53,wage,not_published,,49728.0,False,False,,,
tid_1577,53,headcount,not_published,,14488.0,False,False,,,
tid_1577,53,population,not_published,,60848.0,False,False,,,population_all_ages_both_sexes
tid_1578,53,wage,not_published,,50895.4,False,False,,,
tid_1578,53,headcount,not_published,,5424.0,False,False,,,
tid_1578,53,population,not_published,,21976.0,False,False,,,population_all_ages_both_sexes
tid_1597,54,wage,observed,78754.6,78754.6,True,True,0.0,True,
tid_1597,54,headcount,observed,390768.0,390768.0,True,True,0.0,True,
tid_1597,54,population,observed,1635338.0,1635338.0,True,True,0.0,True,population_estimate
tid_1598,54,wage,observed,59108.5,59108.5,True,True,0.0,True,
tid_1598,54,headcount,observed,15161.0,15161.0,True,True,0.0,True,
tid_1598,54,population,observed,102965.0,102965.0,True,True,0.0,True,population_estimate
tid_1599,54,wage,observed,63523.8,63523.8,True,True,0.0,True,
tid_1599,54,headcount,observed,12245.0,12245.0,True,True,0.0,True,
tid_1599,54,population,observed,56781.0,56781.0,True,True,0.0,True,population_estimate
tid_1632,55,wage,observed,65738.2,65738.2,True,True,0.0,True,
tid_1632,55,headcount,observed,274819.0,274819.0,True,True,0.0,True,
tid_1632,55,population,not_published,,1110836.0,True,False,,,population_all_ages_both_sexes
tid_1633,55,wage,not_published,,42797.7,True,False,,,
tid_1633,55,headcount,not_published,,3048.0,True,False,,,
tid_1633,55,population,observed,25205.0,25205.0,True,True,0.0,True,population_all_ages_both_sexes
tid_1634,55,wage,not_published,,38308.6,False,False,,,
tid_1634,55,headcount,not_published,,3540.0,False,False,,,
tid_1634,55,population,not_published,,21790.0,False,False,,,population_all_ages_both_sexes
tid_1665,56,wage,not_published,,67632.3,True,False,,,
tid_1665,56,headcount,not_published,,151976.0,True,False,,,
tid_1665,56,population,not_published,,552831.0,True,False,,,population_all_ages_both_sexes
tid_1666,56,wage,not_published,,54194.1,False,False,,,
tid_1666,56,headcount,not_published,,4180.0,False,False,,,
tid_1666,56,population,not_published,,23702.0,False,False,,,population_all_ages_both_sexes
tid_1667,56,wage,observed,53870.5,53870.5,True,True,0.0,True,
tid_1667,56,headcount,observed,7960.0,7960.0,True,True,0.0,True,
tid_1667,56,population,observed,43072.0,43072.0,True,True,0.0,True,population_estimate
tid_1707,57,wage,observed,52693.8,52693.8,True,True,0.0,True,
tid_1707,57,headcount,observed,78549.0,78549.0,True,True,0.0,True,
tid_1707,57,population,not_published,,296633.0,True,False,,,population_all_ages_both_sexes
tid_1708,57,wage,not_published,,43617.5,False,False,,,
tid_1708,57,headcount,not_published,,12681.0,False,False,,,
tid_1708,57,population,not_published,,42928.0,False,False,,,population_all_ages_both_sexes
tid_1709,57,wage,not_published,,42411.9,False,False,,,
tid_1709,57,headcount,not_published,,8526.0,False,False,,,
tid_1709,57,population,not_published,,36070.0,False,False,,,population_all_ages_both_sexes
tid_1737,58,wage,not_published,,51914.5,False,False,,,
tid_1737,58,headcount,not_published,,2783.0,False,False,,,
tid_1737,58,population,not_published,,19237.0,False,False,,,population_all_ages_both_sexes
tid_1738,58,wage,not_published,,39036.6,False,False,,,
tid_1738,58,headcount,not_published,,2631.0,False,False,,,
tid_1738,58,population,not_published,,13678.0,False,False,,,population_all_ages_both_sexes
tid_1739,58,wage,not_published,,39640.7,False,False,,,
tid_1739,58,headcount,not_published,,3402.0,False,False,,,
tid_1739,58,population,not_published,,24016.0,False,False,,,population_all_ages_both_sexes
tid_727,59,wage,observed,74374.9,74374.9,False,False,,,
tid_727,59,headcount,not_published,,271849.0,False,False,,,
tid_727,59,population,not_published,,1027157.0,False,False,,,population_all_ages_both_sexes
tid_731,59,wage,observed,48786.6,48786.6,True,True,0.0,True,
tid_731,59,headcount,not_published,,12755.0,True,False,,,
tid_731,59,population,not_published,,61656.0,True,False,,,population_all_ages_both_sexes
tid_734,59,wage,observed,48168.1,48168.1,True,True,0.0,True,
tid_734,59,headcount,not_published,,3781.0,True,False,,,
tid_734,59,population,not_published,,22972.0,True,False,,,population_all_ages_both_sexes
tid_1764,60,wage,observed,54130.0,54130.0,True,True,0.0,True,
tid_1764,60,headcount,observed,51084.0,51084.0,True,True,0.0,True,
tid_1764,60,population,observed,189315.0,189315.0,True,True,0.0,True,population_all_ages_both_sexes
tid_1765,60,wage,not_published,,48198.8,True,False,,,
tid_1765,60,headcount,not_published,,27818.0,True,False,,,
tid_1765,60,population,not_published,,85989.0,True,False,,,population_all_ages_both_sexes
tid_1766,60,wage,not_published,,41114.3,True,False,,,
tid_1766,60,headcount,not_published,,2050.0,True,False,,,
tid_1766,60,population,not_published,,10091.0,True,False,,,population_all_ages_both_sexes
tid_1845,62,wage,observed,63591.8,63591.8,True,True,0.0,True,
tid_1845,62,headcount,observed,148433.0,148433.0,True,True,0.0,True,
tid_1845,62,population,observed,523203.0,520509.0,True,True,2694.0,False,population_all_ages_both_sexes
tid_1846,62,wage,observed,44889.1,44889.1,True,True,0.0,True,
tid_1846,62,headcount,observed,6630.0,6630.0,True,True,0.0,True,
tid_1846,62,population,observed,27821.0,27537.0,True,True,284.0,False,population_all_ages_both_sexes
tid_1848,62,wage,observed,41017.1,41017.1,True,True,0.0,True,
tid_1848,62,headcount,observed,4724.0,4724.0,True,True,0.0,True,
tid_1848,62,population,observed,25708.0,25424.0,True,True,284.0,False,population_all_ages_both_sexes
tid_1874,63,wage,observed,69148.7,69148.7,True,True,0.0,True,
tid_1874,63,headcount,observed,329396.0,329396.0,True,True,0.0,True,
tid_1874,63,population,observed,1163724.0,1163724.0,True,True,0.0,True,population_estimate
tid_1875,63,wage,not_published,,51977.0,True,False,,,
tid_1875,63,headcount,not_published,,10943.0,True,False,,,
tid_1875,63,population,not_published,,52957.0,True,False,,,population_all_ages_both_sexes
tid_1876,63,wage,not_published,,51658.9,True,False,,,
tid_1876,63,headcount,not_published,,10869.0,True,False,,,
tid_1876,63,population,not_published,,57729.0,True,False,,,population_all_ages_both_sexes
tid_1912,64,wage,not_published,,43044.9,False,False,,,
tid_1912,64,headcount,not_published,,698.0,False,False,,,
tid_1912,64,population,not_published,,4958.0,False,False,,,population_all_ages_both_sexes
tid_1915,64,wage,not_published,,45399.5,False,False,,,
tid_1915,64,headcount,not_published,,1915.0,False,False,,,
tid_1915,64,population,not_published,,14481.0,False,False,,,population_all_ages_both_sexes
tid_1916,64,wage,not_published,,37719.4,False,False,,,
tid_1916,64,headcount,not_published,,3025.0,False,False,,,
tid_1916,64,population,not_published,,19480.0,False,False,,,population_all_ages_both_sexes
tid_1954,65,wage,not_published,,81574.6,True,False,,,
tid_1954,65,headcount,not_published,,2125.0,True,False,,,
tid_1954,65,population,not_published,,10043.0,True,False,,,population_all_ages_both_sexes
tid_1955,65,wage,not_published,,92166.7,True,False,,,
tid_1955,65,headcount,not_published,,3064.0,True,False,,,
tid_1955,65,population,not_published,,20946.0,True,False,,,population_all_ages_both_sexes
tid_1956,65,wage,not_published,,89080.2,False,False,,,
tid_1956,65,headcount,not_published,,3396.0,False,False,,,
tid_1956,65,population,not_published,,22155.0,False,False,,,population_all_ages_both_sexes
tid_1971,66,wage,not_published,,84542.6,True,False,,,
tid_1971,66,headcount,not_published,,459281.0,True,False,,,
tid_1971,66,population,not_published,,1583307.0,True,False,,,population_all_ages_both_sexes
tid_1972,66,wage,not_published,,46683.5,True,False,,,
tid_1972,66,headcount,not_published,,6584.0,True,False,,,
tid_1972,66,population,not_published,,41198.0,True,False,,,population_all_ages_both_sexes
tid_1973,66,wage,not_published,,49140.3,True,False,,,
tid_1973,66,headcount,not_published,,9956.0,True,False,,,
tid_1973,66,population,not_published,,52575.0,True,False,,,population_all_ages_both_sexes
tid_2044,67,wage,unexpected_unit,,56937.3,True,False,,,
tid_2044,67,headcount,observed,88520.0,88520.0,True,True,0.0,True,
tid_2044,67,population,observed,312896.0,312896.0,True,True,0.0,True,population_estimate
tid_2045,67,wage,unexpected_unit,,74010.2,True,False,,,
tid_2045,67,headcount,observed,10794.0,10794.0,True,True,0.0,True,
tid_2045,67,population,observed,24956.0,24956.0,True,True,0.0,True,population_estimate
tid_2046,67,wage,unexpected_unit,,35384.2,True,False,,,
tid_2046,67,headcount,observed,1229.0,1229.0,True,True,0.0,True,
tid_2046,67,population,observed,8985.0,8985.0,True,True,0.0,True,population_estimate
