id,n,k,min_cluster_size,SW,MQ,MQ_status,CH,CH_per_n,CH_status,CH_is_infinite,S_Dbw,S_Dbw_status,S_Dbw_paper_convention,S_Dbw_paper,S_Dbw_paper_status,AVI,AVU,AVI_undefined_clusters,AVU_undefined_ordered_pairs,network_convention,TurboMQ,TurboMQ_status,NewmanQ,NewmanQ_status,network_quality_convention,ARI_frozen_k4
kmeans_k2,2016,2,604,0.34466857979215787,,definition_pending_organizer; see named TurboMQ and NewmanQ candidates,1042.7938914436702,0.5172588747240427,ok,False,1.343800706217523,ok,Shalileh2025-Eq14-literal-outside-radius; diagnostic-only; differs from HV01 density convention; not for ranking,2.1629393963661196,computed_diagnostic_only_not_for_ranking,0.9429769205426377,1.0,0,0,binary; symmetric adjacency; internal edges counted twice; AVU ordered sum divided by K,1.8859538410852754,ok_named_candidate_not_official_MQ,0.37022991239304953,ok_named_candidate_not_official_MQ,binary; symmetric adjacency; TurboMQ sum of cluster factors; NewmanQ configuration-model modularity,0.3457426377779288
joint_road_k2,2016,2,495,0.35439681244713134,,definition_pending_organizer; see named TurboMQ and NewmanQ candidates,1003.2558294826583,0.4976467408148107,ok,False,1.260520758501715,ok,Shalileh2025-Eq14-literal-outside-radius; diagnostic-only; differs from HV01 density convention; not for ranking,2.0343444131685873,computed_diagnostic_only_not_for_ranking,0.9408108699984853,1.0,0,0,binary; symmetric adjacency; internal edges counted twice; AVU ordered sum divided by K,1.8816217399969706,ok_named_candidate_not_official_MQ,0.32475291026699926,ok_named_candidate_not_official_MQ,binary; symmetric adjacency; TurboMQ sum of cluster factors; NewmanQ configuration-model modularity,0.34090920467434793
dmon_k2_seed1729,2016,2,900,0.1807232361498534,,definition_pending_organizer; see named TurboMQ and NewmanQ candidates,460.0712673595421,0.22820995404739192,ok,False,1.9280782024516356,ok,Shalileh2025-Eq14-literal-outside-radius; diagnostic-only; differs from HV01 density convention; not for ranking,2.7891048729420285,computed_diagnostic_only_not_for_ranking,0.7716737771115878,1.0,0,0,binary; symmetric adjacency; internal edges counted twice; AVU ordered sum divided by K,1.5433475542231756,ok_named_candidate_not_official_MQ,0.2684263574485177,ok_named_candidate_not_official_MQ,binary; symmetric adjacency; TurboMQ sum of cluster factors; NewmanQ configuration-model modularity,0.2678609295308904
dmon_k2_seed2718,2016,2,900,0.17991835604062734,,definition_pending_organizer; see named TurboMQ and NewmanQ candidates,458.19338948134,0.22727846700463292,ok,False,1.9283875833466566,ok,Shalileh2025-Eq14-literal-outside-radius; diagnostic-only; differs from HV01 density convention; not for ranking,2.7894142538370494,computed_diagnostic_only_not_for_ranking,0.7714612538515078,1.0,0,0,binary; symmetric adjacency; internal edges counted twice; AVU ordered sum divided by K,1.5429225077030155,ok_named_candidate_not_official_MQ,0.2681989602117808,ok_named_candidate_not_official_MQ,binary; symmetric adjacency; TurboMQ sum of cluster factors; NewmanQ configuration-model modularity,0.26649750370409564
dmon_k2_seed3141,2016,2,900,0.18024209795435323,,definition_pending_organizer; see named TurboMQ and NewmanQ candidates,458.31695999577795,0.22733976190266764,ok,False,1.92173947280701,ok,Shalileh2025-Eq14-literal-outside-radius; diagnostic-only; differs from HV01 density convention; not for ranking,2.791263886250257,computed_diagnostic_only_not_for_ranking,0.7714043930493049,1.0,0,0,binary; symmetric adjacency; internal edges counted twice; AVU ordered sum divided by K,1.5428087860986097,ok_named_candidate_not_official_MQ,0.26813405991306294,ok_named_candidate_not_official_MQ,binary; symmetric adjacency; TurboMQ sum of cluster factors; NewmanQ configuration-model modularity,0.2678609295308904
kmeans_k4,2016,4,127,0.24023677355726694,,definition_pending_organizer; see named TurboMQ and NewmanQ candidates,779.8270404177405,0.3868189684611808,ok,False,0.9959874251806291,ok,Shalileh2025-Eq14-literal-outside-radius; diagnostic-only; differs from HV01 density convention; not for ranking,2.1550278237788945,computed_diagnostic_only_not_for_ranking,0.8847187493492511,0.5296353331236692,0,0,binary; symmetric adjacency; internal edges counted twice; AVU ordered sum divided by K,3.5388749973970044,ok_named_candidate_not_official_MQ,0.5689886419911083,ok_named_candidate_not_official_MQ,binary; symmetric adjacency; TurboMQ sum of cluster factors; NewmanQ configuration-model modularity,1.0
joint_road_k4,2016,4,99,0.23257037258833085,,definition_pending_organizer; see named TurboMQ and NewmanQ candidates,726.0896023341554,0.36016349322130725,ok,False,0.9827575977541578,ok,Shalileh2025-Eq14-literal-outside-radius; diagnostic-only; differs from HV01 density convention; not for ranking,2.1618451681868582,computed_diagnostic_only_not_for_ranking,0.850950947801062,0.5115895776835194,0,0,binary; symmetric adjacency; internal edges counted twice; AVU ordered sum divided by K,3.403803791204248,ok_named_candidate_not_official_MQ,0.5102527378604175,ok_named_candidate_not_official_MQ,binary; symmetric adjacency; TurboMQ sum of cluster factors; NewmanQ configuration-model modularity,0.6577402501673151
dmon_k4_seed1729,2016,4,398,0.09963520790001668,,definition_pending_organizer; see named TurboMQ and NewmanQ candidates,362.2777704731786,0.1797012750362989,ok,False,1.4866838907783284,ok,Shalileh2025-Eq14-literal-outside-radius; diagnostic-only; differs from HV01 density convention; not for ranking,2.5112388006742137,computed_diagnostic_only_not_for_ranking,0.6546427686784227,0.5789598157292126,0,0,binary; symmetric adjacency; internal edges counted twice; AVU ordered sum divided by K,2.618571074713691,ok_named_candidate_not_official_MQ,0.38636083114929926,ok_named_candidate_not_official_MQ,binary; symmetric adjacency; TurboMQ sum of cluster factors; NewmanQ configuration-model modularity,0.22802133168195682
dmon_k4_seed2718,2016,4,400,0.10165930760761212,,definition_pending_organizer; see named TurboMQ and NewmanQ candidates,397.57343982172364,0.19720904753061688,ok,False,1.241145782006075,ok,Shalileh2025-Eq14-literal-outside-radius; diagnostic-only; differs from HV01 density convention; not for ranking,2.528029008024792,computed_diagnostic_only_not_for_ranking,0.6699116316037801,0.5824682406754924,0,0,binary; symmetric adjacency; internal edges counted twice; AVU ordered sum divided by K,2.6796465264151204,ok_named_candidate_not_official_MQ,0.4045028568089295,ok_named_candidate_not_official_MQ,binary; symmetric adjacency; TurboMQ sum of cluster factors; NewmanQ configuration-model modularity,0.2360074140911036
dmon_k4_seed3141,2016,4,477,0.07725562506148688,,definition_pending_organizer; see named TurboMQ and NewmanQ candidates,305.435601748108,0.15150575483537104,ok,False,1.5191640441830083,ok,Shalileh2025-Eq14-literal-outside-radius; diagnostic-only; differs from HV01 density convention; not for ranking,2.6844499475201165,computed_diagnostic_only_not_for_ranking,0.6196610984026392,0.606534140645712,0,0,binary; symmetric adjacency; internal edges counted twice; AVU ordered sum divided by K,2.4786443936105567,ok_named_candidate_not_official_MQ,0.3676536303163628,ok_named_candidate_not_official_MQ,binary; symmetric adjacency; TurboMQ sum of cluster factors; NewmanQ configuration-model modularity,0.21180046254130575
