omega_relative,period,n,k,min_cluster_size,SW,MQ,MQ_status,CH,CH_per_n,CH_status,CH_is_infinite,S_Dbw,S_Dbw_status,S_Dbw_paper_convention,S_Dbw_paper,S_Dbw_paper_status,AVI,AVU,AVI_undefined_clusters,AVU_undefined_ordered_pairs,network_convention,TurboMQ,TurboMQ_status,NewmanQ,NewmanQ_status,network_quality_convention
0.1,2023-01-01,2016,5,57,0.13151213235947667,,definition_pending_organizer; see named TurboMQ and NewmanQ candidates,313.18838547561074,0.1553513816843307,ok,False,0.9816741738995066,ok,Shalileh2025-Eq14-literal-outside-radius; diagnostic-only; differs from HV01 density convention; not for ranking,2.2404963683814754,computed_diagnostic_only_not_for_ranking,0.7940805929949122,0.4903297701741997,0,0,binary; symmetric adjacency; internal edges counted twice; AVU ordered sum divided by K,3.9704029649745607,ok_named_candidate_not_official_MQ,0.5126370720863763,ok_named_candidate_not_official_MQ,binary; symmetric adjacency; TurboMQ sum of cluster factors; NewmanQ configuration-model modularity
0.1,2023-02-01,2016,5,57,0.12908821633293285,,definition_pending_organizer; see named TurboMQ and NewmanQ candidates,324.44620069878096,0.16093561542598261,ok,False,0.9681998792919374,ok,Shalileh2025-Eq14-literal-outside-radius; diagnostic-only; differs from HV01 density convention; not for ranking,2.268531476851968,computed_diagnostic_only_not_for_ranking,0.781100748594656,0.49060994567716226,0,0,binary; symmetric adjacency; internal edges counted twice; AVU ordered sum divided by K,3.9055037429732797,ok_named_candidate_not_official_MQ,0.5134036155489173,ok_named_candidate_not_official_MQ,binary; symmetric adjacency; TurboMQ sum of cluster factors; NewmanQ configuration-model modularity
0.1,2023-03-01,2016,5,58,0.1362558017120491,,definition_pending_organizer; see named TurboMQ and NewmanQ candidates,363.0382481890301,0.18007849612551097,ok,False,0.9754698170835153,ok,Shalileh2025-Eq14-literal-outside-radius; diagnostic-only; differs from HV01 density convention; not for ranking,2.2110949757387326,computed_diagnostic_only_not_for_ranking,0.7831152723840651,0.4965936715113732,0,0,binary; symmetric adjacency; internal edges counted twice; AVU ordered sum divided by K,3.9155763619203254,ok_named_candidate_not_official_MQ,0.5179653079436168,ok_named_candidate_not_official_MQ,binary; symmetric adjacency; TurboMQ sum of cluster factors; NewmanQ configuration-model modularity
0.1,2023-04-01,2016,5,60,0.11274974286099172,,definition_pending_organizer; see named TurboMQ and NewmanQ candidates,356.25891133521475,0.17671572982897557,ok,False,0.945760496677675,ok,Shalileh2025-Eq14-literal-outside-radius; diagnostic-only; differs from HV01 density convention; not for ranking,2.254128034859719,computed_diagnostic_only_not_for_ranking,0.7663684669557703,0.4953133665868429,0,0,binary; symmetric adjacency; internal edges counted twice; AVU ordered sum divided by K,3.8318423347788517,ok_named_candidate_not_official_MQ,0.5020442670252323,ok_named_candidate_not_official_MQ,binary; symmetric adjacency; TurboMQ sum of cluster factors; NewmanQ configuration-model modularity
0.1,2023-05-01,2016,5,61,0.12125184714906295,,definition_pending_organizer; see named TurboMQ and NewmanQ candidates,359.0413194123852,0.17809589256566724,ok,False,0.9347459185202147,ok,Shalileh2025-Eq14-literal-outside-radius; diagnostic-only; differs from HV01 density convention; not for ranking,2.2417581993395537,computed_diagnostic_only_not_for_ranking,0.7888602191050584,0.5001396928578871,0,0,binary; symmetric adjacency; internal edges counted twice; AVU ordered sum divided by K,3.9443010955252924,ok_named_candidate_not_official_MQ,0.5200500730708953,ok_named_candidate_not_official_MQ,binary; symmetric adjacency; TurboMQ sum of cluster factors; NewmanQ configuration-model modularity
0.1,2023-06-01,2016,5,61,0.1202399758025917,,definition_pending_organizer; see named TurboMQ and NewmanQ candidates,364.6032434596096,0.18085478346210793,ok,False,0.9285188942568051,ok,Shalileh2025-Eq14-literal-outside-radius; diagnostic-only; differs from HV01 density convention; not for ranking,2.236749456705552,computed_diagnostic_only_not_for_ranking,0.7942471943326723,0.5138967187503612,0,0,binary; symmetric adjacency; internal edges counted twice; AVU ordered sum divided by K,3.9712359716633614,ok_named_candidate_not_official_MQ,0.5316976631047098,ok_named_candidate_not_official_MQ,binary; symmetric adjacency; TurboMQ sum of cluster factors; NewmanQ configuration-model modularity
0.1,2023-07-01,2016,5,59,0.13320831280385648,,definition_pending_organizer; see named TurboMQ and NewmanQ candidates,378.8838425499681,0.18793841396327784,ok,False,0.877261581825511,ok,Shalileh2025-Eq14-literal-outside-radius; diagnostic-only; differs from HV01 density convention; not for ranking,2.2042819563541745,computed_diagnostic_only_not_for_ranking,0.8000174691842773,0.5137466709847509,0,0,binary; symmetric adjacency; internal edges counted twice; AVU ordered sum divided by K,4.000087345921386,ok_named_candidate_not_official_MQ,0.53920589597392,ok_named_candidate_not_official_MQ,binary; symmetric adjacency; TurboMQ sum of cluster factors; NewmanQ configuration-model modularity
0.1,2023-08-01,2016,5,59,0.11537847749131254,,definition_pending_organizer; see named TurboMQ and NewmanQ candidates,356.9174377647133,0.1770423798436078,ok,False,0.8730178918345582,ok,Shalileh2025-Eq14-literal-outside-radius; diagnostic-only; differs from HV01 density convention; not for ranking,2.158489251923582,computed_diagnostic_only_not_for_ranking,0.7954429709028904,0.5040592705239217,0,0,binary; symmetric adjacency; internal edges counted twice; AVU ordered sum divided by K,3.977214854514452,ok_named_candidate_not_official_MQ,0.5303642314277824,ok_named_candidate_not_official_MQ,binary; symmetric adjacency; TurboMQ sum of cluster factors; NewmanQ configuration-model modularity
0.1,2023-09-01,2016,5,58,0.11187463275035439,,definition_pending_organizer; see named TurboMQ and NewmanQ candidates,353.49661170497114,0.175345541520323,ok,False,0.9156061368627397,ok,Shalileh2025-Eq14-literal-outside-radius; diagnostic-only; differs from HV01 density convention; not for ranking,2.212387089702821,computed_diagnostic_only_not_for_ranking,0.7885250112412951,0.5058368043422963,0,0,binary; symmetric adjacency; internal edges counted twice; AVU ordered sum divided by K,3.9426250562064755,ok_named_candidate_not_official_MQ,0.5286914385271175,ok_named_candidate_not_official_MQ,binary; symmetric adjacency; TurboMQ sum of cluster factors; NewmanQ configuration-model modularity
0.1,2023-10-01,2016,5,58,0.10931552080910761,,definition_pending_organizer; see named TurboMQ and NewmanQ candidates,346.13200210007955,0.17169246135916644,ok,False,0.9141793064086011,ok,Shalileh2025-Eq14-literal-outside-radius; diagnostic-only; differs from HV01 density convention; not for ranking,2.1955689309053463,computed_diagnostic_only_not_for_ranking,0.7840050929044984,0.5151185181720821,0,0,binary; symmetric adjacency; internal edges counted twice; AVU ordered sum divided by K,3.920025464522492,ok_named_candidate_not_official_MQ,0.531163449473526,ok_named_candidate_not_official_MQ,binary; symmetric adjacency; TurboMQ sum of cluster factors; NewmanQ configuration-model modularity
0.1,2023-11-01,2016,5,58,0.09231347564136719,,definition_pending_organizer; see named TurboMQ and NewmanQ candidates,332.2673264222751,0.16481514207454123,ok,False,0.8595396463570759,ok,Shalileh2025-Eq14-literal-outside-radius; diagnostic-only; differs from HV01 density convention; not for ranking,2.1955818519885444,computed_diagnostic_only_not_for_ranking,0.7740812377400836,0.5061264589874392,0,0,binary; symmetric adjacency; internal edges counted twice; AVU ordered sum divided by K,3.870406188700418,ok_named_candidate_not_official_MQ,0.5142113962297613,ok_named_candidate_not_official_MQ,binary; symmetric adjacency; TurboMQ sum of cluster factors; NewmanQ configuration-model modularity
0.1,2023-12-01,2016,5,59,0.10267158378564754,,definition_pending_organizer; see named TurboMQ and NewmanQ candidates,339.78454355607454,0.16854392041471952,ok,False,0.9199437562053218,ok,Shalileh2025-Eq14-literal-outside-radius; diagnostic-only; differs from HV01 density convention; not for ranking,2.2432400289046206,computed_diagnostic_only_not_for_ranking,0.783387099686979,0.513080662132005,0,0,binary; symmetric adjacency; internal edges counted twice; AVU ordered sum divided by K,3.9169354984348947,ok_named_candidate_not_official_MQ,0.5217270121311025,ok_named_candidate_not_official_MQ,binary; symmetric adjacency; TurboMQ sum of cluster factors; NewmanQ configuration-model modularity
0.1,2024-01-01,2016,5,59,0.08269688285063627,,definition_pending_organizer; see named TurboMQ and NewmanQ candidates,302.21483956290734,0.14990815454509293,ok,False,0.8405478270501812,ok,Shalileh2025-Eq14-literal-outside-radius; diagnostic-only; differs from HV01 density convention; not for ranking,2.1990414277707915,computed_diagnostic_only_not_for_ranking,0.7868937318822384,0.48053233721686384,0,0,binary; symmetric adjacency; internal edges counted twice; AVU ordered sum divided by K,3.934468659411192,ok_named_candidate_not_official_MQ,0.49649682096038994,ok_named_candidate_not_official_MQ,binary; symmetric adjacency; TurboMQ sum of cluster factors; NewmanQ configuration-model modularity
0.1,2024-02-01,2016,5,59,0.08356814576516773,,definition_pending_organizer; see named TurboMQ and NewmanQ candidates,321.9613046528951,0.15970302810163448,ok,False,0.8722867769081537,ok,Shalileh2025-Eq14-literal-outside-radius; diagnostic-only; differs from HV01 density convention; not for ranking,2.179762012879061,computed_diagnostic_only_not_for_ranking,0.7748017397413369,0.4920326948475666,0,0,binary; symmetric adjacency; internal edges counted twice; AVU ordered sum divided by K,3.8740086987066844,ok_named_candidate_not_official_MQ,0.4943881938802817,ok_named_candidate_not_official_MQ,binary; symmetric adjacency; TurboMQ sum of cluster factors; NewmanQ configuration-model modularity
0.1,2024-03-01,2016,5,59,0.09018398779445397,,definition_pending_organizer; see named TurboMQ and NewmanQ candidates,339.6432705128682,0.16847384450043065,ok,False,0.9154594672160473,ok,Shalileh2025-Eq14-literal-outside-radius; diagnostic-only; differs from HV01 density convention; not for ranking,2.1549818354670025,computed_diagnostic_only_not_for_ranking,0.7835322360186829,0.49282225312498207,0,0,binary; symmetric adjacency; internal edges counted twice; AVU ordered sum divided by K,3.9176611800934147,ok_named_candidate_not_official_MQ,0.5100942511242306,ok_named_candidate_not_official_MQ,binary; symmetric adjacency; TurboMQ sum of cluster factors; NewmanQ configuration-model modularity
0.1,2024-04-01,2016,5,59,0.08162708730785491,,definition_pending_organizer; see named TurboMQ and NewmanQ candidates,357.60922906003816,0.17738553028771734,ok,False,0.9118492897408248,ok,Shalileh2025-Eq14-literal-outside-radius; diagnostic-only; differs from HV01 density convention; not for ranking,2.136799845392603,computed_diagnostic_only_not_for_ranking,0.7607745939004721,0.49867794309882935,0,0,binary; symmetric adjacency; internal edges counted twice; AVU ordered sum divided by K,3.8038729695023603,ok_named_candidate_not_official_MQ,0.4916994347759152,ok_named_candidate_not_official_MQ,binary; symmetric adjacency; TurboMQ sum of cluster factors; NewmanQ configuration-model modularity
0.1,2024-05-01,2016,5,58,0.0857542760428492,,definition_pending_organizer; see named TurboMQ and NewmanQ candidates,342.96259133235975,0.1701203330021626,ok,False,0.8257557660470102,ok,Shalileh2025-Eq14-literal-outside-radius; diagnostic-only; differs from HV01 density convention; not for ranking,2.1698118171447653,computed_diagnostic_only_not_for_ranking,0.7688124411264207,0.49684678003814725,0,0,binary; symmetric adjacency; internal edges counted twice; AVU ordered sum divided by K,3.8440622056321034,ok_named_candidate_not_official_MQ,0.4987036525726805,ok_named_candidate_not_official_MQ,binary; symmetric adjacency; TurboMQ sum of cluster factors; NewmanQ configuration-model modularity
0.1,2024-06-01,2016,5,58,0.0918825144348532,,definition_pending_organizer; see named TurboMQ and NewmanQ candidates,377.4360281444228,0.18722025205576526,ok,False,0.8109418546168916,ok,Shalileh2025-Eq14-literal-outside-radius; diagnostic-only; differs from HV01 density convention; not for ranking,2.1207049619504383,computed_diagnostic_only_not_for_ranking,0.7753581264765409,0.5051366887160686,0,0,binary; symmetric adjacency; internal edges counted twice; AVU ordered sum divided by K,3.8767906323827046,ok_named_candidate_not_official_MQ,0.5044126639965151,ok_named_candidate_not_official_MQ,binary; symmetric adjacency; TurboMQ sum of cluster factors; NewmanQ configuration-model modularity
0.1,2024-07-01,2016,5,58,0.09775063457245603,,definition_pending_organizer; see named TurboMQ and NewmanQ candidates,380.04344439120797,0.18851361328928967,ok,False,0.7903837162637135,ok,Shalileh2025-Eq14-literal-outside-radius; diagnostic-only; differs from HV01 density convention; not for ranking,2.090905941238222,computed_diagnostic_only_not_for_ranking,0.7815284892218692,0.5042028626956225,0,0,binary; symmetric adjacency; internal edges counted twice; AVU ordered sum divided by K,3.907642446109346,ok_named_candidate_not_official_MQ,0.5123045516770719,ok_named_candidate_not_official_MQ,binary; symmetric adjacency; TurboMQ sum of cluster factors; NewmanQ configuration-model modularity
0.1,2024-08-01,2016,5,58,0.08892763158066236,,definition_pending_organizer; see named TurboMQ and NewmanQ candidates,368.561179226987,0.18281804525148165,ok,False,0.7823760368232331,ok,Shalileh2025-Eq14-literal-outside-radius; diagnostic-only; differs from HV01 density convention; not for ranking,2.10236761143124,computed_diagnostic_only_not_for_ranking,0.7709908949957665,0.4972483527486008,0,0,binary; symmetric adjacency; internal edges counted twice; AVU ordered sum divided by K,3.854954474978832,ok_named_candidate_not_official_MQ,0.5022681463179878,ok_named_candidate_not_official_MQ,binary; symmetric adjacency; TurboMQ sum of cluster factors; NewmanQ configuration-model modularity
0.1,2024-09-01,2016,5,58,0.09016669664618153,,definition_pending_organizer; see named TurboMQ and NewmanQ candidates,345.2968420182203,0.17127819544554576,ok,False,0.8098548206740233,ok,Shalileh2025-Eq14-literal-outside-radius; diagnostic-only; differs from HV01 density convention; not for ranking,2.1383438034023574,computed_diagnostic_only_not_for_ranking,0.7691914340705381,0.4921727890870164,0,0,binary; symmetric adjacency; internal edges counted twice; AVU ordered sum divided by K,3.8459571703526905,ok_named_candidate_not_official_MQ,0.49889171743297445,ok_named_candidate_not_official_MQ,binary; symmetric adjacency; TurboMQ sum of cluster factors; NewmanQ configuration-model modularity
0.1,2024-10-01,2016,5,59,0.09051697964207951,,definition_pending_organizer; see named TurboMQ and NewmanQ candidates,353.97397470060116,0.17558232872053628,ok,False,0.8259824323644913,ok,Shalileh2025-Eq14-literal-outside-radius; diagnostic-only; differs from HV01 density convention; not for ranking,2.1265670673025623,computed_diagnostic_only_not_for_ranking,0.7703848157475534,0.49929187457949364,0,0,binary; symmetric adjacency; internal edges counted twice; AVU ordered sum divided by K,3.851924078737767,ok_named_candidate_not_official_MQ,0.505283641265692,ok_named_candidate_not_official_MQ,binary; symmetric adjacency; TurboMQ sum of cluster factors; NewmanQ configuration-model modularity
0.1,2024-11-01,2016,5,59,0.07950009634851357,,definition_pending_organizer; see named TurboMQ and NewmanQ candidates,335.49250493211656,0.16641493300204194,ok,False,,S_Dbw undefined: zero centroid density,Shalileh2025-Eq14-literal-outside-radius; diagnostic-only; differs from HV01 density convention; not for ranking,2.130886930076376,computed_diagnostic_only_not_for_ranking,0.7612284612126964,0.4996024899719894,0,0,binary; symmetric adjacency; internal edges counted twice; AVU ordered sum divided by K,3.806142306063482,ok_named_candidate_not_official_MQ,0.4926560431717131,ok_named_candidate_not_official_MQ,binary; symmetric adjacency; TurboMQ sum of cluster factors; NewmanQ configuration-model modularity
0.1,2024-12-01,2016,5,59,0.08142403572098758,,definition_pending_organizer; see named TurboMQ and NewmanQ candidates,335.22089376155355,0.16628020523886586,ok,False,,S_Dbw undefined: zero centroid density,Shalileh2025-Eq14-literal-outside-radius; diagnostic-only; differs from HV01 density convention; not for ranking,2.1538909063635043,computed_diagnostic_only_not_for_ranking,0.7749211734488692,0.5005369026844855,0,0,binary; symmetric adjacency; internal edges counted twice; AVU ordered sum divided by K,3.8746058672443464,ok_named_candidate_not_official_MQ,0.5039593184133092,ok_named_candidate_not_official_MQ,binary; symmetric adjacency; TurboMQ sum of cluster factors; NewmanQ configuration-model modularity
0,2023-01-01,2016,8,6,0.07180419457386052,,definition_pending_organizer; see named TurboMQ and NewmanQ candidates,246.81054640573225,0.12242586627268465,ok,False,,S_Dbw undefined: zero centroid density,Shalileh2025-Eq14-literal-outside-radius; diagnostic-only; differs from HV01 density convention; not for ranking,2.2350836690700793,computed_diagnostic_only_not_for_ranking,0.6612113014764036,0.43708812468487923,0,0,binary; symmetric adjacency; internal edges counted twice; AVU ordered sum divided by K,5.289690411811229,ok_named_candidate_not_official_MQ,0.530644732115852,ok_named_candidate_not_official_MQ,binary; symmetric adjacency; TurboMQ sum of cluster factors; NewmanQ configuration-model modularity
0,2023-02-01,2016,6,5,0.09066703482429282,,definition_pending_organizer; see named TurboMQ and NewmanQ candidates,273.9427958531006,0.13588432333983166,ok,False,1.2275549329000894,ok,Shalileh2025-Eq14-literal-outside-radius; diagnostic-only; differs from HV01 density convention; not for ranking,2.4175731282991384,computed_diagnostic_only_not_for_ranking,0.6562668048004338,0.4586060097669606,0,0,binary; symmetric adjacency; internal edges counted twice; AVU ordered sum divided by K,3.9376008288026023,ok_named_candidate_not_official_MQ,0.5400301839986533,ok_named_candidate_not_official_MQ,binary; symmetric adjacency; TurboMQ sum of cluster factors; NewmanQ configuration-model modularity
0,2023-03-01,2016,9,5,0.07461045222270522,,definition_pending_organizer; see named TurboMQ and NewmanQ candidates,254.74383160675137,0.12636102758271398,ok,False,,S_Dbw undefined: zero centroid density,Shalileh2025-Eq14-literal-outside-radius; diagnostic-only; differs from HV01 density convention; not for ranking,1.9200708596798322,computed_diagnostic_only_not_for_ranking,0.6337793533051498,0.39613639336765494,0,0,binary; symmetric adjacency; internal edges counted twice; AVU ordered sum divided by K,5.704014179746348,ok_named_candidate_not_official_MQ,0.5449532244711325,ok_named_candidate_not_official_MQ,binary; symmetric adjacency; TurboMQ sum of cluster factors; NewmanQ configuration-model modularity
0,2023-04-01,2016,7,4,0.1322309557808395,,definition_pending_organizer; see named TurboMQ and NewmanQ candidates,269.5980273711222,0.13372918024361222,ok,False,,S_Dbw undefined: zero centroid density,Shalileh2025-Eq14-literal-outside-radius; diagnostic-only; differs from HV01 density convention; not for ranking,2.006640837644386,computed_diagnostic_only_not_for_ranking,0.5818405858045869,0.35509718696260206,0,0,binary; symmetric adjacency; internal edges counted twice; AVU ordered sum divided by K,4.072884100632108,ok_named_candidate_not_official_MQ,0.5137077364894217,ok_named_candidate_not_official_MQ,binary; symmetric adjacency; TurboMQ sum of cluster factors; NewmanQ configuration-model modularity
0,2023-05-01,2016,6,13,0.11608272791922863,,definition_pending_organizer; see named TurboMQ and NewmanQ candidates,300.87840554185146,0.14924524084417234,ok,False,,S_Dbw undefined: zero centroid density,Shalileh2025-Eq14-literal-outside-radius; diagnostic-only; differs from HV01 density convention; not for ranking,2.0804701869294604,computed_diagnostic_only_not_for_ranking,0.6954918257047521,0.4448993198446849,0,0,binary; symmetric adjacency; internal edges counted twice; AVU ordered sum divided by K,4.172950954228512,ok_named_candidate_not_official_MQ,0.5273959918342509,ok_named_candidate_not_official_MQ,binary; symmetric adjacency; TurboMQ sum of cluster factors; NewmanQ configuration-model modularity
0,2023-06-01,2016,7,3,0.11095052940270089,,definition_pending_organizer; see named TurboMQ and NewmanQ candidates,294.7263986686052,0.1461936501332367,ok,False,,S_Dbw undefined: zero centroid density,Shalileh2025-Eq14-literal-outside-radius; diagnostic-only; differs from HV01 density convention; not for ranking,1.8923237441958902,computed_diagnostic_only_not_for_ranking,0.662105252287939,0.41502081964306325,0,0,binary; symmetric adjacency; internal edges counted twice; AVU ordered sum divided by K,4.634736766015573,ok_named_candidate_not_official_MQ,0.5398877319562314,ok_named_candidate_not_official_MQ,binary; symmetric adjacency; TurboMQ sum of cluster factors; NewmanQ configuration-model modularity
0,2023-07-01,2016,5,59,0.13585035492739628,,definition_pending_organizer; see named TurboMQ and NewmanQ candidates,390.4197212424041,0.19366057601309727,ok,False,0.8489145844810035,ok,Shalileh2025-Eq14-literal-outside-radius; diagnostic-only; differs from HV01 density convention; not for ranking,2.183427977808467,computed_diagnostic_only_not_for_ranking,0.7992152260278079,0.5230110634346986,0,0,binary; symmetric adjacency; internal edges counted twice; AVU ordered sum divided by K,3.9960761301390395,ok_named_candidate_not_official_MQ,0.5428316472664546,ok_named_candidate_not_official_MQ,binary; symmetric adjacency; TurboMQ sum of cluster factors; NewmanQ configuration-model modularity
0,2023-08-01,2016,6,5,0.11550609984203347,,definition_pending_organizer; see named TurboMQ and NewmanQ candidates,300.9370356224932,0.14927432322544307,ok,False,,S_Dbw undefined: zero centroid density,Shalileh2025-Eq14-literal-outside-radius; diagnostic-only; differs from HV01 density convention; not for ranking,1.990605785301479,computed_diagnostic_only_not_for_ranking,0.6868162325406967,0.42830850635381584,0,0,binary; symmetric adjacency; internal edges counted twice; AVU ordered sum divided by K,4.12089739524418,ok_named_candidate_not_official_MQ,0.5346832918769312,ok_named_candidate_not_official_MQ,binary; symmetric adjacency; TurboMQ sum of cluster factors; NewmanQ configuration-model modularity
0,2023-09-01,2016,5,224,0.1058381679491088,,definition_pending_organizer; see named TurboMQ and NewmanQ candidates,348.59045457739523,0.17291193183402542,ok,False,0.969526597293326,ok,Shalileh2025-Eq14-literal-outside-radius; diagnostic-only; differs from HV01 density convention; not for ranking,2.3899940406771165,computed_diagnostic_only_not_for_ranking,0.7761368384833747,0.524941554971406,0,0,binary; symmetric adjacency; internal edges counted twice; AVU ordered sum divided by K,3.880684192416873,ok_named_candidate_not_official_MQ,0.543922208075537,ok_named_candidate_not_official_MQ,binary; symmetric adjacency; TurboMQ sum of cluster factors; NewmanQ configuration-model modularity
0,2023-10-01,2016,6,39,0.10933297366555864,,definition_pending_organizer; see named TurboMQ and NewmanQ candidates,325.2959158932461,0.16135710113752286,ok,False,0.8536011466291791,ok,Shalileh2025-Eq14-literal-outside-radius; diagnostic-only; differs from HV01 density convention; not for ranking,2.108278376982699,computed_diagnostic_only_not_for_ranking,0.739058266322349,0.47451549473357413,0,0,binary; symmetric adjacency; internal edges counted twice; AVU ordered sum divided by K,4.4343495979340934,ok_named_candidate_not_official_MQ,0.542701132294638,ok_named_candidate_not_official_MQ,binary; symmetric adjacency; TurboMQ sum of cluster factors; NewmanQ configuration-model modularity
0,2023-11-01,2016,6,32,0.0876975811076413,,definition_pending_organizer; see named TurboMQ and NewmanQ candidates,316.13257727320814,0.15681179428234532,ok,False,,S_Dbw undefined: zero centroid density,Shalileh2025-Eq14-literal-outside-radius; diagnostic-only; differs from HV01 density convention; not for ranking,2.1082792141488054,computed_diagnostic_only_not_for_ranking,0.7362781291411955,0.46233691235033314,0,0,binary; symmetric adjacency; internal edges counted twice; AVU ordered sum divided by K,4.417668774847173,ok_named_candidate_not_official_MQ,0.5299349304703455,ok_named_candidate_not_official_MQ,binary; symmetric adjacency; TurboMQ sum of cluster factors; NewmanQ configuration-model modularity
0,2023-12-01,2016,6,58,0.10276176412975192,,definition_pending_organizer; see named TurboMQ and NewmanQ candidates,313.732088887143,0.15562107583687648,ok,False,,S_Dbw undefined: zero centroid density,Shalileh2025-Eq14-literal-outside-radius; diagnostic-only; differs from HV01 density convention; not for ranking,2.1911025732532172,computed_diagnostic_only_not_for_ranking,0.7502454684962908,0.46804634903857334,0,0,binary; symmetric adjacency; internal edges counted twice; AVU ordered sum divided by K,4.501472810977745,ok_named_candidate_not_official_MQ,0.5329099767342825,ok_named_candidate_not_official_MQ,binary; symmetric adjacency; TurboMQ sum of cluster factors; NewmanQ configuration-model modularity
0,2024-01-01,2016,6,6,0.1064511407398456,,definition_pending_organizer; see named TurboMQ and NewmanQ candidates,284.2552852347968,0.14099964545376825,ok,False,,S_Dbw undefined: zero centroid density,Shalileh2025-Eq14-literal-outside-radius; diagnostic-only; differs from HV01 density convention; not for ranking,2.013479768945259,computed_diagnostic_only_not_for_ranking,0.6744757896121408,0.41913270250750306,0,0,binary; symmetric adjacency; internal edges counted twice; AVU ordered sum divided by K,4.046854737672845,ok_named_candidate_not_official_MQ,0.5139145125215541,ok_named_candidate_not_official_MQ,binary; symmetric adjacency; TurboMQ sum of cluster factors; NewmanQ configuration-model modularity
0,2024-02-01,2016,7,5,0.08306680121155285,,definition_pending_organizer; see named TurboMQ and NewmanQ candidates,274.0557393332231,0.13594034689147969,ok,False,,S_Dbw undefined: zero centroid density,Shalileh2025-Eq14-literal-outside-radius; diagnostic-only; differs from HV01 density convention; not for ranking,1.9442244343984978,computed_diagnostic_only_not_for_ranking,0.6594444233526253,0.4153069430637552,0,0,binary; symmetric adjacency; internal edges counted twice; AVU ordered sum divided by K,4.616110963468377,ok_named_candidate_not_official_MQ,0.5248301786980625,ok_named_candidate_not_official_MQ,binary; symmetric adjacency; TurboMQ sum of cluster factors; NewmanQ configuration-model modularity
0,2024-03-01,2016,7,4,0.08827136584337231,,definition_pending_organizer; see named TurboMQ and NewmanQ candidates,271.5661068025907,0.13470541012033269,ok,False,,S_Dbw undefined: zero centroid density,Shalileh2025-Eq14-literal-outside-radius; diagnostic-only; differs from HV01 density convention; not for ranking,1.9484648989916633,computed_diagnostic_only_not_for_ranking,0.6581613440756465,0.4169206085335961,0,0,binary; symmetric adjacency; internal edges counted twice; AVU ordered sum divided by K,4.607129408529525,ok_named_candidate_not_official_MQ,0.5251987118582607,ok_named_candidate_not_official_MQ,binary; symmetric adjacency; TurboMQ sum of cluster factors; NewmanQ configuration-model modularity
0,2024-04-01,2016,5,60,0.09734187026501012,,definition_pending_organizer; see named TurboMQ and NewmanQ candidates,358.2791598017826,0.17771783720326517,ok,False,0.9900899457514758,ok,Shalileh2025-Eq14-literal-outside-radius; diagnostic-only; differs from HV01 density convention; not for ranking,2.162866850903427,computed_diagnostic_only_not_for_ranking,0.7507515463400324,0.49821121730139206,0,0,binary; symmetric adjacency; internal edges counted twice; AVU ordered sum divided by K,3.753757731700162,ok_named_candidate_not_official_MQ,0.48091837188958025,ok_named_candidate_not_official_MQ,binary; symmetric adjacency; TurboMQ sum of cluster factors; NewmanQ configuration-model modularity
0,2024-05-01,2016,8,3,0.09100061483765466,,definition_pending_organizer; see named TurboMQ and NewmanQ candidates,219.90596590215057,0.10908034022924136,ok,False,,S_Dbw undefined: zero centroid density,Shalileh2025-Eq14-literal-outside-radius; diagnostic-only; differs from HV01 density convention; not for ranking,1.8913757395990287,computed_diagnostic_only_not_for_ranking,0.530229815980839,0.3584245259470105,0,0,binary; symmetric adjacency; internal edges counted twice; AVU ordered sum divided by K,4.241838527846712,ok_named_candidate_not_official_MQ,0.4952501176224298,ok_named_candidate_not_official_MQ,binary; symmetric adjacency; TurboMQ sum of cluster factors; NewmanQ configuration-model modularity
0,2024-06-01,2016,6,21,0.10105802688740344,,definition_pending_organizer; see named TurboMQ and NewmanQ candidates,334.6959402927717,0.16601981165316057,ok,False,1.027034565944135,ok,Shalileh2025-Eq14-literal-outside-radius; diagnostic-only; differs from HV01 density convention; not for ranking,2.247559964649665,computed_diagnostic_only_not_for_ranking,0.7024531098939878,0.4459159102777273,0,0,binary; symmetric adjacency; internal edges counted twice; AVU ordered sum divided by K,4.2147186593639265,ok_named_candidate_not_official_MQ,0.5002706055812165,ok_named_candidate_not_official_MQ,binary; symmetric adjacency; TurboMQ sum of cluster factors; NewmanQ configuration-model modularity
0,2024-07-01,2016,5,58,0.10500913133083552,,definition_pending_organizer; see named TurboMQ and NewmanQ candidates,382.68304907538595,0.18982294100961605,ok,False,0.8555493649162693,ok,Shalileh2025-Eq14-literal-outside-radius; diagnostic-only; differs from HV01 density convention; not for ranking,2.1203074219214795,computed_diagnostic_only_not_for_ranking,0.7710485112607717,0.5056726266157028,0,0,binary; symmetric adjacency; internal edges counted twice; AVU ordered sum divided by K,3.8552425563038586,ok_named_candidate_not_official_MQ,0.5037289523244394,ok_named_candidate_not_official_MQ,binary; symmetric adjacency; TurboMQ sum of cluster factors; NewmanQ configuration-model modularity
0,2024-08-01,2016,5,40,0.09138496957607223,,definition_pending_organizer; see named TurboMQ and NewmanQ candidates,379.60363855041896,0.18829545563016814,ok,False,0.9136736508763685,ok,Shalileh2025-Eq14-literal-outside-radius; diagnostic-only; differs from HV01 density convention; not for ranking,2.119179593858795,computed_diagnostic_only_not_for_ranking,0.7582504136003575,0.5000983655625653,0,0,binary; symmetric adjacency; internal edges counted twice; AVU ordered sum divided by K,3.7912520680017874,ok_named_candidate_not_official_MQ,0.5081254540665556,ok_named_candidate_not_official_MQ,binary; symmetric adjacency; TurboMQ sum of cluster factors; NewmanQ configuration-model modularity
0,2024-09-01,2016,6,59,0.08674496361948908,,definition_pending_organizer; see named TurboMQ and NewmanQ candidates,305.1684696129248,0.15137324881593492,ok,False,,S_Dbw undefined: zero centroid density,Shalileh2025-Eq14-literal-outside-radius; diagnostic-only; differs from HV01 density convention; not for ranking,2.16045238183316,computed_diagnostic_only_not_for_ranking,0.7400528643877458,0.46052136873812727,0,0,binary; symmetric adjacency; internal edges counted twice; AVU ordered sum divided by K,4.4403171863264745,ok_named_candidate_not_official_MQ,0.526029766722805,ok_named_candidate_not_official_MQ,binary; symmetric adjacency; TurboMQ sum of cluster factors; NewmanQ configuration-model modularity
0,2024-10-01,2016,7,3,0.08352712590096735,,definition_pending_organizer; see named TurboMQ and NewmanQ candidates,258.9637276343105,0.12845422997733655,ok,False,,S_Dbw undefined: zero centroid density,Shalileh2025-Eq14-literal-outside-radius; diagnostic-only; differs from HV01 density convention; not for ranking,1.986148598328006,computed_diagnostic_only_not_for_ranking,0.6341376334233695,0.39888028852342033,0,0,binary; symmetric adjacency; internal edges counted twice; AVU ordered sum divided by K,4.438963433963586,ok_named_candidate_not_official_MQ,0.5114134564683563,ok_named_candidate_not_official_MQ,binary; symmetric adjacency; TurboMQ sum of cluster factors; NewmanQ configuration-model modularity
0,2024-11-01,2016,7,12,0.09346885077368544,,definition_pending_organizer; see named TurboMQ and NewmanQ candidates,276.5816774460944,0.13719329238397537,ok,False,,S_Dbw undefined: zero centroid density,Shalileh2025-Eq14-literal-outside-radius; diagnostic-only; differs from HV01 density convention; not for ranking,1.9337427302571548,computed_diagnostic_only_not_for_ranking,0.6735637185207309,0.39612786652294657,0,0,binary; symmetric adjacency; internal edges counted twice; AVU ordered sum divided by K,4.714946029645117,ok_named_candidate_not_official_MQ,0.5085036623277709,ok_named_candidate_not_official_MQ,binary; symmetric adjacency; TurboMQ sum of cluster factors; NewmanQ configuration-model modularity
0,2024-12-01,2016,7,10,0.09261847508941476,,definition_pending_organizer; see named TurboMQ and NewmanQ candidates,282.7106684887634,0.14023346651228344,ok,False,,S_Dbw undefined: zero centroid density,Shalileh2025-Eq14-literal-outside-radius; diagnostic-only; differs from HV01 density convention; not for ranking,2.22832609772055,computed_diagnostic_only_not_for_ranking,0.6780576285611998,0.39662504185352515,0,0,binary; symmetric adjacency; internal edges counted twice; AVU ordered sum divided by K,4.746403399928399,ok_named_candidate_not_official_MQ,0.5145934847498869,ok_named_candidate_not_official_MQ,binary; symmetric adjacency; TurboMQ sum of cluster factors; NewmanQ configuration-model modularity
