omega,period,entity_id,seed_votes,ambiguous_seed_count,unanimous_unambiguous_change,seed_count,original_low_marketplace_profile
0.03,2023-02-01,tid_1001,1,0,False,3,False
0.03,2023-02-01,tid_1004,3,0,True,3,False
0.03,2023-02-01,tid_1061,3,0,True,3,False
0.03,2023-02-01,tid_1062,2,0,False,3,False
0.03,2023-02-01,tid_1064,1,0,False,3,False
0.03,2023-02-01,tid_1065,3,0,True,3,False
0.03,2023-02-01,tid_1160,1,0,False,3,False
0.03,2023-02-01,tid_1161,3,0,True,3,False
0.03,2023-02-01,tid_1176,2,0,False,3,False
0.03,2023-02-01,tid_1178,2,0,False,3,False
0.03,2023-02-01,tid_1179,2,0,False,3,False
0.03,2023-02-01,tid_1181,3,0,True,3,False
0.03,2023-02-01,tid_1185,3,0,True,3,True
0.03,2023-02-01,tid_1186,2,0,False,3,False
0.03,2023-02-01,tid_1187,3,0,True,3,False
0.03,2023-02-01,tid_1188,2,0,False,3,False
0.03,2023-02-01,tid_1189,3,0,True,3,False
0.03,2023-02-01,tid_1191,3,0,True,3,False
0.03,2023-02-01,tid_1192,3,0,True,3,False
0.03,2023-02-01,tid_1194,3,0,True,3,False
0.03,2023-02-01,tid_1195,3,0,True,3,False
0.03,2023-02-01,tid_1196,3,0,True,3,False
0.03,2023-02-01,tid_1197,3,0,True,3,False
0.03,2023-02-01,tid_1201,1,0,False,3,False
0.03,2023-02-01,tid_1208,1,0,False,3,False
0.03,2023-02-01,tid_1268,3,0,True,3,False
0.03,2023-02-01,tid_1281,1,0,False,3,False
0.03,2023-02-01,tid_1286,3,0,True,3,False
0.03,2023-02-01,tid_1326,3,0,True,3,True
0.03,2023-02-01,tid_1353,3,0,True,3,False
0.03,2023-02-01,tid_1406,1,0,False,3,False
0.03,2023-02-01,tid_1486,1,0,False,3,False
0.03,2023-02-01,tid_1494,1,0,False,3,False
0.03,2023-02-01,tid_1504,1,0,False,3,False
0.03,2023-02-01,tid_1545,3,0,True,3,False
0.03,2023-02-01,tid_1577,2,0,False,3,False
0.03,2023-02-01,tid_1578,1,0,False,3,False
0.03,2023-02-01,tid_1580,2,0,False,3,False
0.03,2023-02-01,tid_1584,2,0,False,3,False
0.03,2023-02-01,tid_1589,1,0,False,3,False
0.03,2023-02-01,tid_1605,3,0,True,3,False
0.03,2023-02-01,tid_1607,3,0,True,3,False
0.03,2023-02-01,tid_1610,3,0,True,3,False
0.03,2023-02-01,tid_1615,1,0,False,3,False
0.03,2023-02-01,tid_1624,3,0,True,3,False
0.03,2023-02-01,tid_1627,2,0,False,3,False
0.03,2023-02-01,tid_1628,3,0,True,3,False
0.03,2023-02-01,tid_1630,3,0,True,3,False
0.03,2023-02-01,tid_1631,1,0,False,3,False
0.03,2023-02-01,tid_1634,3,0,True,3,False
0.03,2023-02-01,tid_1648,3,0,True,3,False
0.03,2023-02-01,tid_1655,2,0,False,3,False
0.03,2023-02-01,tid_1679,3,0,True,3,False
0.03,2023-02-01,tid_1680,3,0,True,3,False
0.03,2023-02-01,tid_1682,3,0,True,3,False
0.03,2023-02-01,tid_1691,3,0,True,3,False
0.03,2023-02-01,tid_1700,3,0,True,3,False
0.03,2023-02-01,tid_1704,3,0,True,3,False
0.03,2023-02-01,tid_181,2,0,False,3,False
0.03,2023-02-01,tid_1875,1,0,False,3,False
0.03,2023-02-01,tid_1892,3,0,True,3,False
0.03,2023-02-01,tid_1909,3,0,True,3,False
0.03,2023-02-01,tid_1919,1,0,False,3,False
0.03,2023-02-01,tid_1936,1,0,False,3,False
0.03,2023-02-01,tid_1983,2,0,False,3,False
0.03,2023-02-01,tid_1991,2,0,False,3,False
0.03,2023-02-01,tid_1992,2,0,False,3,False
0.03,2023-02-01,tid_2,3,0,True,3,False
0.03,2023-02-01,tid_2005,2,0,False,3,False
0.03,2023-02-01,tid_2021,3,0,True,3,False
0.03,2023-02-01,tid_2022,2,0,False,3,False
0.03,2023-02-01,tid_2039,3,0,True,3,False
0.03,2023-02-01,tid_2044,3,0,True,3,False
0.03,2023-02-01,tid_2045,2,0,False,3,False
0.03,2023-02-01,tid_2047,2,0,False,3,False
0.03,2023-02-01,tid_2049,2,0,False,3,False
0.03,2023-02-01,tid_2050,3,0,True,3,False
0.03,2023-02-01,tid_2051,2,0,False,3,False
0.03,2023-02-01,tid_2052,3,0,True,3,False
0.03,2023-02-01,tid_2053,2,0,False,3,False
0.03,2023-02-01,tid_2054,2,0,False,3,False
0.03,2023-02-01,tid_2055,3,0,True,3,False
0.03,2023-02-01,tid_2057,3,0,True,3,False
0.03,2023-02-01,tid_2058,2,0,False,3,False
0.03,2023-02-01,tid_2059,2,0,False,3,False
0.03,2023-02-01,tid_2060,2,0,False,3,False
0.03,2023-02-01,tid_2062,2,0,False,3,False
0.03,2023-02-01,tid_2063,3,0,True,3,False
0.03,2023-02-01,tid_2064,2,0,False,3,False
0.03,2023-02-01,tid_2065,2,0,False,3,False
0.03,2023-02-01,tid_2066,2,0,False,3,False
0.03,2023-02-01,tid_2067,3,0,True,3,False
0.03,2023-02-01,tid_2068,2,0,False,3,False
0.03,2023-02-01,tid_2069,3,0,True,3,False
0.03,2023-02-01,tid_2070,2,0,False,3,False
0.03,2023-02-01,tid_2101,2,0,False,3,False
0.03,2023-02-01,tid_2105,2,0,False,3,False
0.03,2023-02-01,tid_2108,2,0,False,3,False
0.03,2023-02-01,tid_2109,1,0,False,3,False
0.03,2023-02-01,tid_2110,2,0,False,3,False
0.03,2023-02-01,tid_2112,2,0,False,3,False
0.03,2023-02-01,tid_2113,2,0,False,3,False
0.03,2023-02-01,tid_2116,2,0,False,3,False
0.03,2023-02-01,tid_2117,2,0,False,3,False
0.03,2023-02-01,tid_2118,2,0,False,3,False
0.03,2023-02-01,tid_2120,1,0,False,3,False
0.03,2023-02-01,tid_2121,3,0,True,3,False
0.03,2023-02-01,tid_2126,2,0,False,3,False
0.03,2023-02-01,tid_2131,2,0,False,3,False
0.03,2023-02-01,tid_2132,2,0,False,3,False
0.03,2023-02-01,tid_2133,2,0,False,3,False
0.03,2023-02-01,tid_2137,2,0,False,3,False
0.03,2023-02-01,tid_2139,3,0,True,3,False
0.03,2023-02-01,tid_2140,2,0,False,3,False
0.03,2023-02-01,tid_2142,2,0,False,3,False
0.03,2023-02-01,tid_2143,2,0,False,3,False
0.03,2023-02-01,tid_2150,1,0,False,3,False
0.03,2023-02-01,tid_2153,2,0,False,3,False
0.03,2023-02-01,tid_2156,2,0,False,3,False
0.03,2023-02-01,tid_2158,3,0,True,3,False
0.03,2023-02-01,tid_2211,2,0,False,3,False
0.03,2023-02-01,tid_2260,3,0,True,3,False
0.03,2023-02-01,tid_2269,3,0,True,3,False
0.03,2023-02-01,tid_2299,1,0,False,3,False
0.03,2023-02-01,tid_230,3,0,True,3,False
0.03,2023-02-01,tid_2311,1,0,False,3,False
0.03,2023-02-01,tid_2315,3,0,True,3,False
0.03,2023-02-01,tid_2339,3,0,True,3,True
0.03,2023-02-01,tid_240,3,0,True,3,False
0.03,2023-02-01,tid_2619,1,0,False,3,False
0.03,2023-02-01,tid_2710,2,0,False,3,False
0.03,2023-02-01,tid_2813,1,0,False,3,False
0.03,2023-02-01,tid_2883,2,0,False,3,False
0.03,2023-02-01,tid_3007,3,0,True,3,False
0.03,2023-02-01,tid_325,1,0,False,3,True
0.03,2023-02-01,tid_4,3,0,True,3,False
0.03,2023-02-01,tid_404,1,0,False,3,False
0.03,2023-02-01,tid_416,3,0,True,3,False
0.03,2023-02-01,tid_451,1,0,False,3,False
0.03,2023-02-01,tid_522,2,0,False,3,False
0.03,2023-02-01,tid_555,3,0,True,3,False
0.03,2023-02-01,tid_570,3,0,True,3,False
0.03,2023-02-01,tid_613,3,0,True,3,False
0.03,2023-02-01,tid_675,1,0,False,3,False
0.03,2023-02-01,tid_677,1,0,False,3,False
0.03,2023-02-01,tid_683,3,0,True,3,False
0.03,2023-02-01,tid_692,1,0,False,3,False
0.03,2023-02-01,tid_694,1,0,False,3,False
0.03,2023-02-01,tid_699,3,0,True,3,False
0.03,2023-02-01,tid_701,2,0,False,3,False
0.03,2023-02-01,tid_703,3,0,True,3,False
0.03,2023-02-01,tid_705,2,0,False,3,False
0.03,2023-02-01,tid_706,1,0,False,3,False
0.03,2023-02-01,tid_721,3,0,True,3,False
0.03,2023-02-01,tid_747,3,0,True,3,False
0.03,2023-02-01,tid_809,2,0,False,3,False
0.03,2023-02-01,tid_810,2,0,False,3,False
0.03,2023-02-01,tid_814,2,0,False,3,False
0.03,2023-02-01,tid_815,2,0,False,3,False
0.03,2023-02-01,tid_820,1,0,False,3,False
0.03,2023-02-01,tid_822,2,0,False,3,False
0.03,2023-02-01,tid_823,2,0,False,3,False
0.03,2023-02-01,tid_828,3,0,True,3,False
0.03,2023-02-01,tid_829,1,0,False,3,False
0.03,2023-02-01,tid_831,2,0,False,3,False
0.03,2023-02-01,tid_832,2,0,False,3,False
0.03,2023-02-01,tid_839,2,0,False,3,False
0.03,2023-02-01,tid_840,2,0,False,3,False
0.03,2023-02-01,tid_841,2,0,False,3,False
0.03,2023-02-01,tid_9,3,0,True,3,False
0.03,2023-02-01,tid_900,1,0,False,3,False
0.03,2023-02-01,tid_903,3,0,True,3,False
0.03,2023-02-01,tid_905,2,0,False,3,False
0.03,2023-02-01,tid_923,1,0,False,3,False
0.03,2023-02-01,tid_925,3,0,True,3,False
0.03,2023-02-01,tid_927,3,0,True,3,False
0.03,2023-02-01,tid_928,3,0,True,3,False
0.03,2023-02-01,tid_993,1,0,False,3,False
0.03,2023-02-01,tid_996,1,0,False,3,False
0.03,2023-03-01,tid_1004,3,0,True,3,False
0.03,2023-03-01,tid_1009,3,0,True,3,False
0.03,2023-03-01,tid_1053,1,0,False,3,False
0.03,2023-03-01,tid_1055,3,0,True,3,False
0.03,2023-03-01,tid_1056,1,0,False,3,False
0.03,2023-03-01,tid_1058,2,0,False,3,False
0.03,2023-03-01,tid_1060,1,0,False,3,False
0.03,2023-03-01,tid_1062,1,0,False,3,False
0.03,2023-03-01,tid_1064,2,0,False,3,False
0.03,2023-03-01,tid_1201,1,0,False,3,False
0.03,2023-03-01,tid_1206,2,0,False,3,False
0.03,2023-03-01,tid_1208,3,0,True,3,False
0.03,2023-03-01,tid_1231,2,0,False,3,False
0.03,2023-03-01,tid_1250,1,0,False,3,False
0.03,2023-03-01,tid_1268,3,0,True,3,False
0.03,2023-03-01,tid_1281,2,0,False,3,False
0.03,2023-03-01,tid_1286,1,0,False,3,False
0.03,2023-03-01,tid_1311,3,0,True,3,False
0.03,2023-03-01,tid_1316,1,0,False,3,False
0.03,2023-03-01,tid_1319,3,0,True,3,False
0.03,2023-03-01,tid_1322,3,0,True,3,False
0.03,2023-03-01,tid_1324,3,0,True,3,False
0.03,2023-03-01,tid_1327,3,0,True,3,False
0.03,2023-03-01,tid_1344,2,0,False,3,False
0.03,2023-03-01,tid_1353,3,0,True,3,False
0.03,2023-03-01,tid_1405,2,0,False,3,False
0.03,2023-03-01,tid_1473,2,0,False,3,False
0.03,2023-03-01,tid_1474,2,0,False,3,False
0.03,2023-03-01,tid_1486,1,0,False,3,False
0.03,2023-03-01,tid_1494,1,0,False,3,False
0.03,2023-03-01,tid_1504,1,0,False,3,False
0.03,2023-03-01,tid_1547,1,0,False,3,False
0.03,2023-03-01,tid_1570,2,0,False,3,False
0.03,2023-03-01,tid_1571,1,0,False,3,False
0.03,2023-03-01,tid_1573,2,0,False,3,False
0.03,2023-03-01,tid_1577,1,0,False,3,False
0.03,2023-03-01,tid_1580,2,0,False,3,False
0.03,2023-03-01,tid_1584,1,0,False,3,False
0.03,2023-03-01,tid_1585,1,0,False,3,False
0.03,2023-03-01,tid_1587,1,0,False,3,False
0.03,2023-03-01,tid_1589,1,0,False,3,False
0.03,2023-03-01,tid_1593,1,0,False,3,False
0.03,2023-03-01,tid_1594,1,0,False,3,False
0.03,2023-03-01,tid_1615,3,0,True,3,False
0.03,2023-03-01,tid_1616,1,0,False,3,False
0.03,2023-03-01,tid_1617,1,0,False,3,False
0.03,2023-03-01,tid_1618,1,0,False,3,False
0.03,2023-03-01,tid_1622,3,0,True,3,False
0.03,2023-03-01,tid_1623,1,0,False,3,False
0.03,2023-03-01,tid_1624,3,0,True,3,False
0.03,2023-03-01,tid_1627,1,0,False,3,False
0.03,2023-03-01,tid_1630,3,0,True,3,False
0.03,2023-03-01,tid_1631,1,0,False,3,False
0.03,2023-03-01,tid_1648,3,0,True,3,False
0.03,2023-03-01,tid_1660,1,0,False,3,False
0.03,2023-03-01,tid_1662,1,0,False,3,True
0.03,2023-03-01,tid_1674,3,0,True,3,False
0.03,2023-03-01,tid_1675,1,0,False,3,False
0.03,2023-03-01,tid_1687,1,0,False,3,False
0.03,2023-03-01,tid_1765,1,0,False,3,False
0.03,2023-03-01,tid_1768,1,0,False,3,False
0.03,2023-03-01,tid_1773,2,0,False,3,False
0.03,2023-03-01,tid_1774,1,0,False,3,False
0.03,2023-03-01,tid_1784,2,0,False,3,False
0.03,2023-03-01,tid_181,1,0,False,3,False
0.03,2023-03-01,tid_1875,1,0,False,3,False
0.03,2023-03-01,tid_1881,1,0,False,3,False
0.03,2023-03-01,tid_1896,1,0,False,3,False
0.03,2023-03-01,tid_1903,2,0,False,3,False
0.03,2023-03-01,tid_1905,1,0,False,3,False
0.03,2023-03-01,tid_1919,3,0,True,3,False
0.03,2023-03-01,tid_1936,3,0,True,3,False
0.03,2023-03-01,tid_1948,3,0,True,3,False
0.03,2023-03-01,tid_1971,2,0,False,3,False
0.03,2023-03-01,tid_1973,3,0,True,3,False
0.03,2023-03-01,tid_1974,2,0,False,3,False
0.03,2023-03-01,tid_1975,2,0,False,3,False
0.03,2023-03-01,tid_1976,2,0,False,3,False
0.03,2023-03-01,tid_1977,2,0,False,3,False
0.03,2023-03-01,tid_1978,2,0,False,3,False
0.03,2023-03-01,tid_1979,2,0,False,3,False
0.03,2023-03-01,tid_1980,2,0,False,3,False
0.03,2023-03-01,tid_1981,2,0,False,3,False
0.03,2023-03-01,tid_1982,2,0,False,3,False
0.03,2023-03-01,tid_1983,2,0,False,3,False
0.03,2023-03-01,tid_1985,3,0,True,3,False
0.03,2023-03-01,tid_1986,2,0,False,3,False
0.03,2023-03-01,tid_1987,2,0,False,3,False
0.03,2023-03-01,tid_1999,2,0,False,3,False
0.03,2023-03-01,tid_2,3,0,True,3,False
0.03,2023-03-01,tid_2000,2,0,False,3,False
0.03,2023-03-01,tid_2001,2,0,False,3,False
0.03,2023-03-01,tid_2004,2,0,False,3,False
0.03,2023-03-01,tid_2006,2,0,False,3,False
0.03,2023-03-01,tid_2007,2,0,False,3,False
0.03,2023-03-01,tid_2008,1,0,False,3,False
0.03,2023-03-01,tid_2011,2,0,False,3,False
0.03,2023-03-01,tid_2019,2,0,False,3,False
0.03,2023-03-01,tid_2021,1,0,False,3,False
0.03,2023-03-01,tid_2023,3,0,True,3,False
0.03,2023-03-01,tid_2027,2,0,False,3,False
0.03,2023-03-01,tid_2030,1,0,False,3,False
0.03,2023-03-01,tid_2032,2,0,False,3,False
0.03,2023-03-01,tid_2033,2,0,False,3,False
0.03,2023-03-01,tid_2034,1,0,False,3,False
0.03,2023-03-01,tid_2036,1,0,False,3,False
0.03,2023-03-01,tid_2045,1,0,False,3,False
0.03,2023-03-01,tid_2047,1,0,False,3,False
0.03,2023-03-01,tid_2048,1,0,False,3,False
0.03,2023-03-01,tid_2049,1,0,False,3,False
0.03,2023-03-01,tid_2051,1,0,False,3,False
0.03,2023-03-01,tid_2053,1,0,False,3,False
0.03,2023-03-01,tid_2054,1,0,False,3,False
0.03,2023-03-01,tid_2058,2,0,False,3,False
0.03,2023-03-01,tid_2059,1,0,False,3,False
0.03,2023-03-01,tid_2060,1,0,False,3,False
0.03,2023-03-01,tid_2062,1,0,False,3,False
0.03,2023-03-01,tid_2063,1,0,False,3,False
0.03,2023-03-01,tid_2064,2,0,False,3,False
0.03,2023-03-01,tid_2065,1,0,False,3,False
0.03,2023-03-01,tid_2066,2,0,False,3,False
0.03,2023-03-01,tid_2068,2,0,False,3,False
0.03,2023-03-01,tid_2070,1,0,False,3,False
0.03,2023-03-01,tid_2101,2,0,False,3,False
0.03,2023-03-01,tid_2105,2,0,False,3,False
0.03,2023-03-01,tid_2108,2,0,False,3,False
0.03,2023-03-01,tid_2109,1,0,False,3,False
0.03,2023-03-01,tid_2110,2,0,False,3,False
0.03,2023-03-01,tid_2111,2,0,False,3,False
0.03,2023-03-01,tid_2112,2,0,False,3,False
0.03,2023-03-01,tid_2113,2,0,False,3,False
0.03,2023-03-01,tid_2114,2,0,False,3,False
0.03,2023-03-01,tid_2116,1,0,False,3,False
0.03,2023-03-01,tid_2117,2,0,False,3,False
0.03,2023-03-01,tid_2118,2,0,False,3,False
0.03,2023-03-01,tid_2120,1,0,False,3,False
0.03,2023-03-01,tid_2122,2,0,False,3,False
0.03,2023-03-01,tid_2125,2,0,False,3,False
0.03,2023-03-01,tid_2126,2,0,False,3,False
0.03,2023-03-01,tid_2127,2,0,False,3,False
0.03,2023-03-01,tid_2129,2,0,False,3,False
0.03,2023-03-01,tid_2130,2,0,False,3,False
0.03,2023-03-01,tid_2131,2,0,False,3,False
0.03,2023-03-01,tid_2132,2,0,False,3,False
0.03,2023-03-01,tid_2133,2,0,False,3,False
0.03,2023-03-01,tid_2134,2,0,False,3,False
0.03,2023-03-01,tid_2136,2,0,False,3,False
0.03,2023-03-01,tid_2137,2,0,False,3,False
0.03,2023-03-01,tid_2138,2,0,False,3,False
0.03,2023-03-01,tid_2139,1,0,False,3,False
0.03,2023-03-01,tid_2140,2,0,False,3,False
0.03,2023-03-01,tid_2142,2,0,False,3,False
0.03,2023-03-01,tid_2143,2,0,False,3,False
0.03,2023-03-01,tid_2150,1,0,False,3,False
0.03,2023-03-01,tid_2153,1,0,False,3,False
0.03,2023-03-01,tid_2156,2,0,False,3,False
0.03,2023-03-01,tid_2162,1,0,False,3,False
0.03,2023-03-01,tid_2190,1,0,False,3,False
0.03,2023-03-01,tid_2193,1,0,False,3,False
0.03,2023-03-01,tid_2195,3,0,True,3,False
0.03,2023-03-01,tid_2197,1,0,False,3,False
0.03,2023-03-01,tid_220,3,0,True,3,False
0.03,2023-03-01,tid_2207,3,0,True,3,False
0.03,2023-03-01,tid_2211,1,0,False,3,False
0.03,2023-03-01,tid_222,3,0,True,3,False
0.03,2023-03-01,tid_224,3,0,True,3,False
0.03,2023-03-01,tid_2249,3,0,True,3,True
0.03,2023-03-01,tid_2293,3,0,True,3,False
0.03,2023-03-01,tid_2294,2,0,False,3,False
0.03,2023-03-01,tid_2299,1,0,False,3,False
0.03,2023-03-01,tid_2311,2,0,False,3,False
0.03,2023-03-01,tid_2323,2,0,False,3,False
0.03,2023-03-01,tid_2328,2,0,False,3,False
0.03,2023-03-01,tid_233,3,0,True,3,False
0.03,2023-03-01,tid_237,3,0,True,3,False
0.03,2023-03-01,tid_2619,2,0,False,3,False
0.03,2023-03-01,tid_270,3,0,True,3,False
0.03,2023-03-01,tid_2710,2,0,False,3,False
0.03,2023-03-01,tid_2883,1,0,False,3,False
0.03,2023-03-01,tid_2884,2,0,False,3,False
0.03,2023-03-01,tid_3007,3,0,True,3,False
0.03,2023-03-01,tid_312,3,0,True,3,False
0.03,2023-03-01,tid_325,2,0,False,3,True
0.03,2023-03-01,tid_327,3,0,True,3,False
0.03,2023-03-01,tid_360,1,0,False,3,False
0.03,2023-03-01,tid_4,1,0,False,3,False
0.03,2023-03-01,tid_414,1,0,False,3,False
0.03,2023-03-01,tid_449,1,0,False,3,False
0.03,2023-03-01,tid_450,1,0,False,3,False
0.03,2023-03-01,tid_510,1,0,False,3,False
0.03,2023-03-01,tid_518,2,0,False,3,False
0.03,2023-03-01,tid_538,3,0,True,3,False
0.03,2023-03-01,tid_555,2,0,False,3,False
0.03,2023-03-01,tid_562,3,0,True,3,False
0.03,2023-03-01,tid_565,3,0,True,3,False
0.03,2023-03-01,tid_574,3,0,True,3,False
0.03,2023-03-01,tid_581,1,0,False,3,False
0.03,2023-03-01,tid_6,3,0,True,3,False
0.03,2023-03-01,tid_668,2,0,False,3,False
0.03,2023-03-01,tid_675,2,0,False,3,False
0.03,2023-03-01,tid_677,2,0,False,3,False
0.03,2023-03-01,tid_679,3,0,True,3,False
0.03,2023-03-01,tid_691,3,0,True,3,False
0.03,2023-03-01,tid_692,2,0,False,3,False
0.03,2023-03-01,tid_694,2,0,False,3,False
0.03,2023-03-01,tid_698,3,0,True,3,False
0.03,2023-03-01,tid_701,1,0,False,3,False
0.03,2023-03-01,tid_703,3,0,True,3,False
0.03,2023-03-01,tid_706,1,0,False,3,False
0.03,2023-03-01,tid_712,3,0,True,3,False
0.03,2023-03-01,tid_714,3,0,True,3,False
0.03,2023-03-01,tid_715,3,0,True,3,False
0.03,2023-03-01,tid_721,3,0,True,3,False
0.03,2023-03-01,tid_723,3,0,True,3,False
0.03,2023-03-01,tid_767,1,0,False,3,False
0.03,2023-03-01,tid_8,3,0,True,3,False
0.03,2023-03-01,tid_809,1,0,False,3,False
0.03,2023-03-01,tid_810,1,0,False,3,False
0.03,2023-03-01,tid_814,1,0,False,3,False
0.03,2023-03-01,tid_815,1,0,False,3,False
0.03,2023-03-01,tid_822,1,0,False,3,False
0.03,2023-03-01,tid_823,1,0,False,3,False
0.03,2023-03-01,tid_831,1,0,False,3,False
0.03,2023-03-01,tid_832,1,0,False,3,False
0.03,2023-03-01,tid_839,1,0,False,3,False
0.03,2023-03-01,tid_840,1,0,False,3,False
0.03,2023-03-01,tid_841,1,0,False,3,False
0.03,2023-03-01,tid_886,3,0,True,3,True
0.03,2023-03-01,tid_9,3,0,True,3,False
0.03,2023-03-01,tid_900,2,0,False,3,False
0.03,2023-03-01,tid_905,2,0,False,3,False
0.03,2023-03-01,tid_909,2,0,False,3,False
0.03,2023-03-01,tid_915,3,0,True,3,False
0.03,2023-03-01,tid_923,2,0,False,3,False
0.03,2023-03-01,tid_925,1,0,False,3,False
0.03,2023-03-01,tid_991,2,0,False,3,False
