outcome,candidate,reference,eligible_n,observed_n,missing_n,eligible_regions,observed_regions,equal_region_lower,equal_region_upper,municipality_lower,municipality_upper,conclusion,endpoint_note
manufacturing_headcount_share,controls,controls,1797,970,827,72,71,0.0,0.0,0.0,0.0,not_identified_under_arbitrary_missingness,"Sharp for independently unrestricted missing shares in[0,1]; joint sector constraints not imposed; not a confidence interval"
manufacturing_headcount_share,controls,continuous5,1797,970,827,72,71,-0.023005468153223727,0.023781009905584474,-0.023170758550562862,0.02299046540601216,not_identified_under_arbitrary_missingness,"Sharp for independently unrestricted missing shares in[0,1]; joint sector constraints not imposed; not a confidence interval"
manufacturing_headcount_share,controls,kmeans4,1797,970,827,72,71,-0.007806646480636361,0.00984689096082111,-0.008205071808331386,0.00935805181527154,not_identified_under_arbitrary_missingness,"Sharp for independently unrestricted missing shares in[0,1]; joint sector constraints not imposed; not a confidence interval"
manufacturing_headcount_share,controls,huber75,1797,970,827,72,71,-0.007190908862008922,0.0074592984647683476,-0.007356929268260968,0.006799033331893945,not_identified_under_arbitrary_missingness,"Sharp for independently unrestricted missing shares in[0,1]; joint sector constraints not imposed; not a confidence interval"
manufacturing_headcount_share,continuous5,controls,1797,970,827,72,71,-0.023781009905584474,0.023005468153223727,-0.02299046540601216,0.023170758550562862,not_identified_under_arbitrary_missingness,"Sharp for independently unrestricted missing shares in[0,1]; joint sector constraints not imposed; not a confidence interval"
manufacturing_headcount_share,continuous5,continuous5,1797,970,827,72,71,0.0,0.0,0.0,0.0,not_identified_under_arbitrary_missingness,"Sharp for independently unrestricted missing shares in[0,1]; joint sector constraints not imposed; not a confidence interval"
manufacturing_headcount_share,continuous5,kmeans4,1797,970,827,72,71,-0.020227345799313748,0.021492048527137746,-0.01964499266388571,0.020978265815376578,not_identified_under_arbitrary_missingness,"Sharp for independently unrestricted missing shares in[0,1]; joint sector constraints not imposed; not a confidence interval"
manufacturing_headcount_share,continuous5,huber75,1797,970,827,72,71,-0.022190634118718133,0.02168348196911681,-0.021711890455641192,0.021334287663824877,not_identified_under_arbitrary_missingness,"Sharp for independently unrestricted missing shares in[0,1]; joint sector constraints not imposed; not a confidence interval"
manufacturing_headcount_share,kmeans4,controls,1797,970,827,72,71,-0.00984689096082111,0.007806646480636361,-0.00935805181527154,0.008205071808331386,not_identified_under_arbitrary_missingness,"Sharp for independently unrestricted missing shares in[0,1]; joint sector constraints not imposed; not a confidence interval"
manufacturing_headcount_share,kmeans4,continuous5,1797,970,827,72,71,-0.021492048527137746,0.020227345799313748,-0.020978265815376578,0.01964499266388571,not_identified_under_arbitrary_missingness,"Sharp for independently unrestricted missing shares in[0,1]; joint sector constraints not imposed; not a confidence interval"
manufacturing_headcount_share,kmeans4,kmeans4,1797,970,827,72,71,0.0,0.0,0.0,0.0,not_identified_under_arbitrary_missingness,"Sharp for independently unrestricted missing shares in[0,1]; joint sector constraints not imposed; not a confidence interval"
manufacturing_headcount_share,kmeans4,huber75,1797,970,827,72,71,-0.00867460867426724,0.006902753796841917,-0.008446286469751358,0.006735410526444177,not_identified_under_arbitrary_missingness,"Sharp for independently unrestricted missing shares in[0,1]; joint sector constraints not imposed; not a confidence interval"
manufacturing_headcount_share,huber75,controls,1797,970,827,72,71,-0.0074592984647683476,0.007190908862008922,-0.006799033331893945,0.007356929268260968,not_identified_under_arbitrary_missingness,"Sharp for independently unrestricted missing shares in[0,1]; joint sector constraints not imposed; not a confidence interval"
manufacturing_headcount_share,huber75,continuous5,1797,970,827,72,71,-0.02168348196911681,0.022190634118718133,-0.021334287663824877,0.021711890455641192,not_identified_under_arbitrary_missingness,"Sharp for independently unrestricted missing shares in[0,1]; joint sector constraints not imposed; not a confidence interval"
manufacturing_headcount_share,huber75,kmeans4,1797,970,827,72,71,-0.006902753796841917,0.00867460867426724,-0.006735410526444177,0.008446286469751358,not_identified_under_arbitrary_missingness,"Sharp for independently unrestricted missing shares in[0,1]; joint sector constraints not imposed; not a confidence interval"
manufacturing_headcount_share,huber75,huber75,1797,970,827,72,71,0.0,0.0,0.0,0.0,not_identified_under_arbitrary_missingness,"Sharp for independently unrestricted missing shares in[0,1]; joint sector constraints not imposed; not a confidence interval"
agriculture_headcount_share,controls,controls,1797,1043,754,72,70,0.0,0.0,0.0,0.0,not_identified_under_arbitrary_missingness,"Sharp for independently unrestricted missing shares in[0,1]; joint sector constraints not imposed; not a confidence interval"
agriculture_headcount_share,controls,continuous5,1797,1043,754,72,70,-0.00948331195621181,0.01238812023365239,-0.009374242135262596,0.011499620241277651,not_identified_under_arbitrary_missingness,"Sharp for independently unrestricted missing shares in[0,1]; joint sector constraints not imposed; not a confidence interval"
agriculture_headcount_share,controls,kmeans4,1797,1043,754,72,70,-0.003136487144242411,0.0030694086986255017,-0.0031878136901226702,0.0033695803265379833,not_identified_under_arbitrary_missingness,"Sharp for independently unrestricted missing shares in[0,1]; joint sector constraints not imposed; not a confidence interval"
agriculture_headcount_share,controls,huber75,1797,1043,754,72,70,-0.004745352608187317,0.004821609944861429,-0.004898196635932767,0.0038749394231490262,not_identified_under_arbitrary_missingness,"Sharp for independently unrestricted missing shares in[0,1]; joint sector constraints not imposed; not a confidence interval"
agriculture_headcount_share,continuous5,controls,1797,1043,754,72,70,-0.01238812023365239,0.00948331195621181,-0.011499620241277651,0.009374242135262596,not_identified_under_arbitrary_missingness,"Sharp for independently unrestricted missing shares in[0,1]; joint sector constraints not imposed; not a confidence interval"
agriculture_headcount_share,continuous5,continuous5,1797,1043,754,72,70,0.0,0.0,0.0,0.0,not_identified_under_arbitrary_missingness,"Sharp for independently unrestricted missing shares in[0,1]; joint sector constraints not imposed; not a confidence interval"
agriculture_headcount_share,continuous5,kmeans4,1797,1043,754,72,70,-0.012389016912675268,0.00941713018961778,-0.011364926714590249,0.009421315244990507,not_identified_under_arbitrary_missingness,"Sharp for independently unrestricted missing shares in[0,1]; joint sector constraints not imposed; not a confidence interval"
agriculture_headcount_share,continuous5,huber75,1797,1043,754,72,70,-0.012109155013497358,0.00928060407273089,-0.011757863029747068,0.008609227710948271,not_identified_under_arbitrary_missingness,"Sharp for independently unrestricted missing shares in[0,1]; joint sector constraints not imposed; not a confidence interval"
agriculture_headcount_share,kmeans4,controls,1797,1043,754,72,70,-0.0030694086986255017,0.003136487144242411,-0.0033695803265379833,0.0031878136901226702,not_identified_under_arbitrary_missingness,"Sharp for independently unrestricted missing shares in[0,1]; joint sector constraints not imposed; not a confidence interval"
agriculture_headcount_share,kmeans4,continuous5,1797,1043,754,72,70,-0.00941713018961778,0.012389016912675268,-0.009421315244990507,0.011364926714590249,not_identified_under_arbitrary_missingness,"Sharp for independently unrestricted missing shares in[0,1]; joint sector constraints not imposed; not a confidence interval"
agriculture_headcount_share,kmeans4,kmeans4,1797,1043,754,72,70,0.0,0.0,0.0,0.0,not_identified_under_arbitrary_missingness,"Sharp for independently unrestricted missing shares in[0,1]; joint sector constraints not imposed; not a confidence interval"
agriculture_headcount_share,kmeans4,huber75,1797,1043,754,72,70,-0.004791799447581864,0.004935135229872886,-0.005244067354746492,0.004039043505547438,not_identified_under_arbitrary_missingness,"Sharp for independently unrestricted missing shares in[0,1]; joint sector constraints not imposed; not a confidence interval"
agriculture_headcount_share,huber75,controls,1797,1043,754,72,70,-0.004821609944861429,0.004745352608187317,-0.0038749394231490262,0.004898196635932767,not_identified_under_arbitrary_missingness,"Sharp for independently unrestricted missing shares in[0,1]; joint sector constraints not imposed; not a confidence interval"
agriculture_headcount_share,huber75,continuous5,1797,1043,754,72,70,-0.00928060407273089,0.012109155013497358,-0.008609227710948271,0.011757863029747068,not_identified_under_arbitrary_missingness,"Sharp for independently unrestricted missing shares in[0,1]; joint sector constraints not imposed; not a confidence interval"
agriculture_headcount_share,huber75,kmeans4,1797,1043,754,72,70,-0.004935135229872886,0.004791799447581864,-0.004039043505547438,0.005244067354746492,not_identified_under_arbitrary_missingness,"Sharp for independently unrestricted missing shares in[0,1]; joint sector constraints not imposed; not a confidence interval"
agriculture_headcount_share,huber75,huber75,1797,1043,754,72,70,0.0,0.0,0.0,0.0,not_identified_under_arbitrary_missingness,"Sharp for independently unrestricted missing shares in[0,1]; joint sector constraints not imposed; not a confidence interval"
public_administration_education_health_headcount_share,controls,controls,1797,1594,203,72,72,0.0,0.0,0.0,0.0,not_identified_under_arbitrary_missingness,"Sharp for independently unrestricted missing shares in[0,1]; joint sector constraints not imposed; not a confidence interval"
public_administration_education_health_headcount_share,controls,continuous5,1797,1594,203,72,72,-0.008666512879697913,0.0013666713633883527,-0.007897534855312584,0.002506101084883676,not_identified_under_arbitrary_missingness,"Sharp for independently unrestricted missing shares in[0,1]; joint sector constraints not imposed; not a confidence interval"
public_administration_education_health_headcount_share,controls,kmeans4,1797,1594,203,72,72,-0.0029119939356707448,0.001209773281276504,-0.002738703858355906,0.0015297800440273951,not_identified_under_arbitrary_missingness,"Sharp for independently unrestricted missing shares in[0,1]; joint sector constraints not imposed; not a confidence interval"
public_administration_education_health_headcount_share,controls,huber75,1797,1594,203,72,72,-0.00306973135468485,0.0012075528238245934,-0.0028754772380720976,0.001355065903527435,not_identified_under_arbitrary_missingness,"Sharp for independently unrestricted missing shares in[0,1]; joint sector constraints not imposed; not a confidence interval"
public_administration_education_health_headcount_share,continuous5,controls,1797,1594,203,72,72,-0.0013666713633883527,0.008666512879697913,-0.002506101084883676,0.007897534855312584,not_identified_under_arbitrary_missingness,"Sharp for independently unrestricted missing shares in[0,1]; joint sector constraints not imposed; not a confidence interval"
public_administration_education_health_headcount_share,continuous5,continuous5,1797,1594,203,72,72,0.0,0.0,0.0,0.0,not_identified_under_arbitrary_missingness,"Sharp for independently unrestricted missing shares in[0,1]; joint sector constraints not imposed; not a confidence interval"
public_administration_education_health_headcount_share,continuous5,kmeans4,1797,1594,203,72,72,-0.0015580279217790659,0.007155648783694386,-0.002545546636502589,0.006728056592602984,not_identified_under_arbitrary_missingness,"Sharp for independently unrestricted missing shares in[0,1]; joint sector constraints not imposed; not a confidence interval"
public_administration_education_health_headcount_share,continuous5,huber75,1797,1594,203,72,72,-0.001689238754752253,0.007126901740201558,-0.002845118524858548,0.006716140960742792,not_identified_under_arbitrary_missingness,"Sharp for independently unrestricted missing shares in[0,1]; joint sector constraints not imposed; not a confidence interval"
public_administration_education_health_headcount_share,kmeans4,controls,1797,1594,203,72,72,-0.001209773281276504,0.0029119939356707448,-0.0015297800440273951,0.002738703858355906,not_identified_under_arbitrary_missingness,"Sharp for independently unrestricted missing shares in[0,1]; joint sector constraints not imposed; not a confidence interval"
public_administration_education_health_headcount_share,kmeans4,continuous5,1797,1594,203,72,72,-0.007155648783694386,0.0015580279217790659,-0.006728056592602984,0.002545546636502589,not_identified_under_arbitrary_missingness,"Sharp for independently unrestricted missing shares in[0,1]; joint sector constraints not imposed; not a confidence interval"
public_administration_education_health_headcount_share,kmeans4,kmeans4,1797,1594,203,72,72,0.0,0.0,0.0,0.0,not_identified_under_arbitrary_missingness,"Sharp for independently unrestricted missing shares in[0,1]; joint sector constraints not imposed; not a confidence interval"
public_administration_education_health_headcount_share,kmeans4,huber75,1797,1594,203,72,72,-0.0018697513331819174,0.001709793456715902,-0.0020025448509655252,0.0016910573307493747,not_identified_under_arbitrary_missingness,"Sharp for independently unrestricted missing shares in[0,1]; joint sector constraints not imposed; not a confidence interval"
public_administration_education_health_headcount_share,huber75,controls,1797,1594,203,72,72,-0.0012075528238245934,0.00306973135468485,-0.001355065903527435,0.0028754772380720976,not_identified_under_arbitrary_missingness,"Sharp for independently unrestricted missing shares in[0,1]; joint sector constraints not imposed; not a confidence interval"
public_administration_education_health_headcount_share,huber75,continuous5,1797,1594,203,72,72,-0.007126901740201558,0.001689238754752253,-0.006716140960742792,0.002845118524858548,not_identified_under_arbitrary_missingness,"Sharp for independently unrestricted missing shares in[0,1]; joint sector constraints not imposed; not a confidence interval"
public_administration_education_health_headcount_share,huber75,kmeans4,1797,1594,203,72,72,-0.001709793456715902,0.0018697513331819174,-0.0016910573307493747,0.0020025448509655252,not_identified_under_arbitrary_missingness,"Sharp for independently unrestricted missing shares in[0,1]; joint sector constraints not imposed; not a confidence interval"
public_administration_education_health_headcount_share,huber75,huber75,1797,1594,203,72,72,0.0,0.0,0.0,0.0,not_identified_under_arbitrary_missingness,"Sharp for independently unrestricted missing shares in[0,1]; joint sector constraints not imposed; not a confidence interval"
