region_code,0,1,2,3
1,5,1,3,0
2,49,1,10,1
4,8,1,2,0
7,0,1,3,0
8,2,2,1,0
9,0,1,7,0
10,4,13,1,0
11,5,15,0,0
12,7,8,1,1
13,2,18,0,0
14,3,0,0,26
15,0,0,7,0
16,33,4,6,0
17,9,1,0,0
18,17,8,2,0
19,8,4,0,0
21,17,5,1,0
22,19,43,1,2
24,19,27,1,4
25,12,3,4,14
26,13,9,11,0
27,2,1,1,12
28,4,0,1,14
29,6,15,0,1
30,2,7,2,0
33,8,10,0,0
34,10,24,1,0
35,7,18,0,0
37,6,20,0,0
38,26,10,2,1
39,14,0,4,1
40,2,21,2,0
41,2,0,1,6
42,23,6,1,0
43,10,29,1,3
44,2,25,0,1
45,4,20,0,0
47,9,5,4,0
48,2,15,1,0
49,1,0,0,2
50,19,2,31,0
51,7,4,1,0
52,12,36,2,0
53,4,17,0,0
54,11,20,4,0
55,8,23,1,1
56,18,20,1,0
57,4,17,0,0
58,5,19,1,0
59,21,18,1,2
60,3,18,1,0
62,1,24,1,0
63,12,23,1,0
64,7,30,2,0
65,1,0,0,15
66,33,27,3,1
67,6,20,1,0
68,3,20,1,0
69,6,30,1,0
70,1,15,2,1
71,7,16,1,0
72,11,11,2,0
73,3,17,1,0
74,12,22,3,0
75,21,1,1,5
76,5,14,0,0
77,4,1,139,0
78,1,0,97,0
79,2,0,0,4
83,0,0,0,2
86,16,3,3,0
87,0,0,1,3
89,8,0,1,4
