id,n,k,min_cluster_size,SW,MQ,MQ_status,CH,CH_per_n,CH_status,CH_is_infinite,S_Dbw,S_Dbw_status,S_Dbw_paper_convention,S_Dbw_paper,S_Dbw_paper_status,AVI,AVU,AVI_undefined_clusters,AVU_undefined_ordered_pairs,network_convention,TurboMQ,TurboMQ_status,NewmanQ,NewmanQ_status,network_quality_convention,ARI_frozen_k4
kmeans_k2,2016,2,604,0.34466857979215787,,definition_pending_organizer; see named TurboMQ and NewmanQ candidates,1042.7938914436702,0.5172588747240427,ok,False,1.343800706217523,ok,Shalileh2025-Eq14-literal-outside-radius; diagnostic-only; differs from HV01 density convention; not for ranking,2.1629393963661196,computed_diagnostic_only_not_for_ranking,0.9429769205426377,1.0,0,0,binary; symmetric adjacency; internal edges counted twice; AVU ordered sum divided by K,1.8859538410852754,ok_named_candidate_not_official_MQ,0.37022991239304953,ok_named_candidate_not_official_MQ,binary; symmetric adjacency; TurboMQ sum of cluster factors; NewmanQ configuration-model modularity,0.3457426377779288
joint_road_k2,2016,2,495,0.35439681244713134,,definition_pending_organizer; see named TurboMQ and NewmanQ candidates,1003.2558294826583,0.4976467408148107,ok,False,1.260520758501715,ok,Shalileh2025-Eq14-literal-outside-radius; diagnostic-only; differs from HV01 density convention; not for ranking,2.0343444131685873,computed_diagnostic_only_not_for_ranking,0.9408108699984853,1.0,0,0,binary; symmetric adjacency; internal edges counted twice; AVU ordered sum divided by K,1.8816217399969706,ok_named_candidate_not_official_MQ,0.32475291026699926,ok_named_candidate_not_official_MQ,binary; symmetric adjacency; TurboMQ sum of cluster factors; NewmanQ configuration-model modularity,0.34090920467434793
joint_same_region_k2,2016,2,478,0.35190433301849555,,definition_pending_organizer; see named TurboMQ and NewmanQ candidates,1003.7764141712987,0.49790496734687434,ok,False,1.1590300317330127,ok,Shalileh2025-Eq14-literal-outside-radius; diagnostic-only; differs from HV01 density convention; not for ranking,1.9673500054247957,computed_diagnostic_only_not_for_ranking,0.9543080939300506,1.0,0,0,binary; symmetric adjacency; internal edges counted twice; AVU ordered sum divided by K,1.9086161878601011,ok_named_candidate_not_official_MQ,0.32772247477732763,ok_named_candidate_not_official_MQ,binary; symmetric adjacency; TurboMQ sum of cluster factors; NewmanQ configuration-model modularity,0.33797209666954153
kmeans_k4,2016,4,127,0.24023677355726694,,definition_pending_organizer; see named TurboMQ and NewmanQ candidates,779.8270404177405,0.3868189684611808,ok,False,0.9959874251806291,ok,Shalileh2025-Eq14-literal-outside-radius; diagnostic-only; differs from HV01 density convention; not for ranking,2.1550278237788945,computed_diagnostic_only_not_for_ranking,0.8847187493492511,0.5296353331236692,0,0,binary; symmetric adjacency; internal edges counted twice; AVU ordered sum divided by K,3.5388749973970044,ok_named_candidate_not_official_MQ,0.5689886419911083,ok_named_candidate_not_official_MQ,binary; symmetric adjacency; TurboMQ sum of cluster factors; NewmanQ configuration-model modularity,1.0
joint_road_k4,2016,4,99,0.23257037258833085,,definition_pending_organizer; see named TurboMQ and NewmanQ candidates,726.0896023341554,0.36016349322130725,ok,False,0.9827575977541578,ok,Shalileh2025-Eq14-literal-outside-radius; diagnostic-only; differs from HV01 density convention; not for ranking,2.1618451681868582,computed_diagnostic_only_not_for_ranking,0.850950947801062,0.5115895776835194,0,0,binary; symmetric adjacency; internal edges counted twice; AVU ordered sum divided by K,3.403803791204248,ok_named_candidate_not_official_MQ,0.5102527378604175,ok_named_candidate_not_official_MQ,binary; symmetric adjacency; TurboMQ sum of cluster factors; NewmanQ configuration-model modularity,0.6577402501673151
joint_same_region_k4,2016,4,133,0.2316315148060642,,definition_pending_organizer; see named TurboMQ and NewmanQ candidates,723.0379880931431,0.3586497956811226,ok,False,0.9043759006445069,ok,Shalileh2025-Eq14-literal-outside-radius; diagnostic-only; differs from HV01 density convention; not for ranking,2.1515576690059763,computed_diagnostic_only_not_for_ranking,0.8559789999476222,0.5214068034679473,0,0,binary; symmetric adjacency; internal edges counted twice; AVU ordered sum divided by K,3.4239159997904887,ok_named_candidate_not_official_MQ,0.5084419710032709,ok_named_candidate_not_official_MQ,binary; symmetric adjacency; TurboMQ sum of cluster factors; NewmanQ configuration-model modularity,0.6370374602669453
joint_region_shuffled_1730,2016,4,117,0.2348460543023631,,definition_pending_organizer; see named TurboMQ and NewmanQ candidates,731.9930670060807,0.36309179911015904,ok,False,0.9535509725052336,ok,Shalileh2025-Eq14-literal-outside-radius; diagnostic-only; differs from HV01 density convention; not for ranking,2.1539161408939558,computed_diagnostic_only_not_for_ranking,0.8557987244380886,0.5182415050883248,0,0,binary; symmetric adjacency; internal edges counted twice; AVU ordered sum divided by K,3.4231948977523543,ok_named_candidate_not_official_MQ,0.5136857093643423,ok_named_candidate_not_official_MQ,binary; symmetric adjacency; TurboMQ sum of cluster factors; NewmanQ configuration-model modularity,0.6753516990884079
joint_region_shuffled_1731,2016,4,102,0.22816912347740215,,definition_pending_organizer; see named TurboMQ and NewmanQ candidates,722.0495010877793,0.35815947474592225,ok,False,0.9941793925870341,ok,Shalileh2025-Eq14-literal-outside-radius; diagnostic-only; differs from HV01 density convention; not for ranking,2.155498253227642,computed_diagnostic_only_not_for_ranking,0.8449087291034928,0.5132646884616143,0,0,binary; symmetric adjacency; internal edges counted twice; AVU ordered sum divided by K,3.379634916413971,ok_named_candidate_not_official_MQ,0.5048572682114808,ok_named_candidate_not_official_MQ,binary; symmetric adjacency; TurboMQ sum of cluster factors; NewmanQ configuration-model modularity,0.6478955552192733
joint_region_shuffled_1732,2016,4,92,0.23260085989929286,,definition_pending_organizer; see named TurboMQ and NewmanQ candidates,728.8696496800534,0.36154248496034397,ok,False,1.034180254710091,ok,Shalileh2025-Eq14-literal-outside-radius; diagnostic-only; differs from HV01 density convention; not for ranking,2.170381253325352,computed_diagnostic_only_not_for_ranking,0.8510000515615894,0.511250224530983,0,0,binary; symmetric adjacency; internal edges counted twice; AVU ordered sum divided by K,3.4040002062463577,ok_named_candidate_not_official_MQ,0.5158721604533671,ok_named_candidate_not_official_MQ,binary; symmetric adjacency; TurboMQ sum of cluster factors; NewmanQ configuration-model modularity,0.6320208606273726
