year,candidate,reference,delta_candidate_minus_reference,descriptive_region_bootstrap_low,descriptive_region_bootstrap_high,fraction_regions_improved,median_region_delta
2023,controls,continuous5,0.00134128038846974,-0.0017955592225872923,0.004508572090994119,0.375,0.0009637873336281948
2023,controls,controls,0.0,0.0,0.0,0.0,0.0
2023,controls,controls_geo3,0.0069526883551692086,0.0025300539533804818,0.011695263029466572,0.375,0.002047897731630748
2023,controls,continuous5_geo3,0.005605091339913619,0.0015812778415182393,0.009930355804494032,0.4027777777777778,0.0017138192872693508
2023,continuous5,continuous5,0.0,0.0,0.0,0.0,0.0
2023,continuous5,controls,-0.00134128038846974,-0.004508572090994118,0.0017955592225872927,0.625,-0.0009637873336281948
2023,continuous5,controls_geo3,0.005611407966699469,0.0013959293464924363,0.009950502929308748,0.3611111111111111,0.0015949791738582297
2023,continuous5,continuous5_geo3,0.004263810951443878,0.0016145977437203888,0.007153109154177797,0.4027777777777778,0.0013379425715974906
2023,mixture4,continuous5,-0.0004954616106815759,-0.0028543740308116213,0.0019739858625459775,0.4722222222222222,0.00034780240151842477
2023,mixture4,controls,-0.0018367419991513162,-0.004023758872190174,0.00020479536336395464,0.5972222222222222,-0.0012057142752515291
2023,mixture4,controls_geo3,0.005115946356017893,0.0013721619905721501,0.008901112597640357,0.3472222222222222,0.0019576857810218217
2023,mixture4,continuous5_geo3,0.0037683493407623023,0.0007937428431899539,0.0068315087330327266,0.4166666666666667,0.0016560746624381837
2023,continuous5_temporal15,continuous5,-0.0007959697663724396,-0.0032842306489051835,0.001643038937992982,0.5555555555555556,-0.0007324182630713758
2023,continuous5_temporal15,controls,-0.0021372501548421793,-0.0056740410362583395,0.0015984553877132469,0.6944444444444444,-0.0017335116240579365
2023,continuous5_temporal15,controls_geo3,0.004815438200327028,0.0007342715586917442,0.0089207123138469,0.375,0.0022844456827997702
2023,continuous5_temporal15,continuous5_geo3,0.0034678411850714397,0.0005891452299390086,0.006572404132734246,0.3888888888888889,0.0019211034003054428
2023,controls_geo3,continuous5,-0.005611407966699469,-0.009950502929308746,-0.001395929346492435,0.6388888888888888,-0.0015949791738582297
2023,controls_geo3,controls,-0.0069526883551692086,-0.011695263029466572,-0.0025300539533804813,0.625,-0.002047897731630748
2023,controls_geo3,controls_geo3,0.0,0.0,0.0,0.0,0.0
2023,controls_geo3,continuous5_geo3,-0.0013475970152555898,-0.0036497361686885564,0.0009426002366918534,0.5833333333333334,-0.0004735115124750505
2023,continuous5_geo3,continuous5,-0.004263810951443878,-0.007153109154177795,-0.0016145977437203854,0.5972222222222222,-0.0013379425715974906
2023,continuous5_geo3,controls,-0.005605091339913619,-0.009930355804494029,-0.0015812778415182386,0.5972222222222222,-0.0017138192872693508
2023,continuous5_geo3,controls_geo3,0.0013475970152555898,-0.0009426002366918533,0.0036497361686885573,0.4166666666666667,0.0004735115124750505
2023,continuous5_geo3,continuous5_geo3,0.0,0.0,0.0,0.0,0.0
2023,continuous5_geo3_temporal15,continuous5,-0.004843639350819469,-0.008152270579826813,-0.0016314951261203717,0.6111111111111112,-0.001445701255694841
2023,continuous5_geo3_temporal15,controls,-0.0061849197392892085,-0.01008431799642223,-0.002395629249119377,0.7222222222222222,-0.003392444492049276
2023,continuous5_geo3_temporal15,controls_geo3,0.0007677686158800003,-0.0015066346153014326,0.0031938896496090993,0.5694444444444444,-0.00023103043749378178
2023,continuous5_geo3_temporal15,continuous5_geo3,-0.0005798283993755898,-0.002844822745029599,0.001442288265027014,0.5416666666666666,-0.00039818218589771776
2023,continuous5_geo3_region_weighted,continuous5,-0.004676279674822394,-0.00794053153721148,-0.0018135521493852793,0.6388888888888888,-0.002173423240514284
2023,continuous5_geo3_region_weighted,controls,-0.0060175600632921345,-0.010640113054724181,-0.0018711885091295785,0.5972222222222222,-0.0018815061656783025
2023,continuous5_geo3_region_weighted,controls_geo3,0.0009351282918770744,-0.0015757070613975192,0.00353885391242408,0.3611111111111111,0.0010601505935038391
2023,continuous5_geo3_region_weighted,continuous5_geo3,-0.0004124687233785155,-0.0017819439473007314,0.0008409590466992553,0.4861111111111111,8.396222376743853e-05
2024,controls,continuous5,0.0034367085979887285,-0.0011299388826406592,0.008376944061332775,0.45588235294117646,0.0018072408598343711
2024,controls,controls,0.0,0.0,0.0,0.0,0.0
2024,controls,controls_geo3,0.006317887459861581,-0.0005543699000802728,0.013697110286898602,0.47058823529411764,0.000961954362189231
2024,controls,continuous5_geo3,0.006109182577235621,0.0001160791552092294,0.01270273859086303,0.4852941176470588,0.0010073266511056375
2024,continuous5,continuous5,0.0,0.0,0.0,0.0,0.0
2024,continuous5,controls,-0.0034367085979887285,-0.008376944061332773,0.0011299388826406611,0.5441176470588235,-0.0018072408598343711
2024,continuous5,controls_geo3,0.0028811788618728525,-0.002789252702086689,0.008713366410309757,0.4852941176470588,0.00032115999966203165
2024,continuous5,continuous5_geo3,0.0026724739792468926,-0.0012134479828835737,0.006922149286478406,0.5,-0.00018680553939207784
2024,mixture4,continuous5,0.0014433542755251747,-0.001783762244463299,0.005065546242454953,0.4852941176470588,0.00010630107431127203
2024,mixture4,controls,-0.0019933543224635534,-0.00476716080989323,0.0008306684196753841,0.6029411764705882,-0.0013699826507645582
2024,mixture4,controls_geo3,0.004324533137398027,-0.00211623256556679,0.011080486842790846,0.5294117647058824,-0.0006173799220552702
2024,mixture4,continuous5_geo3,0.004115828254772069,-0.0008928304279153591,0.009624209562893336,0.47058823529411764,0.0004584744113753248
2024,continuous5_temporal15,continuous5,0.0004695849948611118,-0.002244267478890031,0.0033592079694135515,0.5882352941176471,-0.0007360661413409906
2024,continuous5_temporal15,controls,-0.0029671236031276163,-0.008416275051281683,0.0025480960770923504,0.6029411764705882,-0.003712561227983696
2024,continuous5_temporal15,controls_geo3,0.0033507638567339647,-0.002477392168264724,0.009698735983479667,0.5147058823529411,-0.000823621669290561
2024,continuous5_temporal15,continuous5_geo3,0.003142058974108005,-0.0014143990517914275,0.008361056522502673,0.5147058823529411,-0.0002690886196727708
2024,controls_geo3,continuous5,-0.0028811788618728525,-0.008713366410309755,0.002789252702086691,0.5147058823529411,-0.00032115999966203165
2024,controls_geo3,controls,-0.006317887459861581,-0.013697110286898599,0.000554369900080273,0.5294117647058824,-0.000961954362189231
2024,controls_geo3,controls_geo3,0.0,0.0,0.0,0.0,0.0
2024,controls_geo3,continuous5_geo3,-0.00020870488262595918,-0.002898318056313675,0.0025723615663640876,0.47058823529411764,0.0006032090444218173
2024,continuous5_geo3,continuous5,-0.0026724739792468926,-0.006922149286478405,0.0012134479828835743,0.5,0.00018680553939207784
2024,continuous5_geo3,controls,-0.006109182577235621,-0.01270273859086303,-0.00011607915520922722,0.5147058823529411,-0.0010073266511056375
2024,continuous5_geo3,controls_geo3,0.00020870488262595918,-0.002572361566364085,0.0028983180563136755,0.5294117647058824,-0.0006032090444218173
2024,continuous5_geo3,continuous5_geo3,0.0,0.0,0.0,0.0,0.0
2024,continuous5_geo3_temporal15,continuous5,-0.0031118021348731594,-0.007827154370177086,0.0013826194893311555,0.5147058823529411,-0.0005838373589666622
2024,continuous5_geo3_temporal15,controls,-0.006548510732861885,-0.012873161327525383,-0.00033119177022099733,0.5882352941176471,-0.005051720215654806
2024,continuous5_geo3_temporal15,controls_geo3,-0.00023062327300030645,-0.004088477967264819,0.004056357399045788,0.6764705882352942,-0.0016676855654460272
2024,continuous5_geo3_temporal15,continuous5_geo3,-0.0004393281556262654,-0.0035209993488101313,0.0028483547473779104,0.6176470588235294,-0.0015814288304815687
2024,continuous5_geo3_region_weighted,continuous5,-0.003948054749287982,-0.008683348211358983,0.0006523734923290172,0.5147058823529411,-0.0008356949053983059
2024,continuous5_geo3_region_weighted,controls,-0.007384763347276711,-0.014437290435353469,-0.0006739855793047643,0.5588235294117647,-0.0024559698962456633
2024,continuous5_geo3_region_weighted,controls_geo3,-0.0010668758874151298,-0.004417315678750012,0.001960660079549531,0.5294117647058824,-0.00046395278048193527
2024,continuous5_geo3_region_weighted,continuous5_geo3,-0.0012755807700410892,-0.0035674292069881874,0.0009523299823475555,0.4852941176470588,0.00011717562902316663
