rank,role,entity_id,territory_id,name,region,municipality_type,profile_number,profile_name,same_profile,same_municipality_type,distance,expense_2023_rubles,expense_ratio_to_abazinsky,feature_health,health_share_pct,health_delta_pp,feature_marketplaces,marketplaces_share_pct,marketplaces_delta_pp,feature_food_service,food_service_share_pct,food_service_delta_pp,feature_food,food_share_pct,food_delta_pp,feature_transport,transport_share_pct,transport_delta_pp,main_difference_category,main_difference_delta_pp
0,selected,tid_196,196,Абазинский муниципальный район,Карачаево-Черкесская Республика,муниципальный район,3,Городской сервисный профиль,True,True,0.0,20259.5,1.0,0.44448164,6.551533,0.0,0.07413485,12.184732,0.0,0.34555389,5.857063,0.0,-0.68722126,33.537467,0.0,0.51890518,8.749309,0.0,,
1,neighbor,tid_2416,2416,внутригородская территория города федерального значения поселок Песочный,Санкт-Петербург,внутригородская территория города федерального значения,3,Городской сервисный профиль,True,False,0.18638136959352908,42377.5,2.091734741726104,0.48673168,6.722007,0.17047399999999957,-0.02835406,10.991648,-1.1930840000000007,0.37297309,6.246537,0.3894739999999999,-0.6507539,34.091627,0.5541600000000031,0.37619116,7.857211,-0.8920979999999998,Маркетплейсы,-1.1930840000000007
2,neighbor,tid_2881,2881,Предгорный муниципальный округ,Ставропольский край,муниципальный округ,3,Городской сервисный профиль,True,False,0.19177144221709677,24026.5,1.185937461437844,0.32997902,6.111078,-0.44045500000000004,0.06521783,12.075311,-0.1094210000000011,0.23844139,4.534096,-1.3229670000000002,-0.58240682,35.164078,1.626611000000004,0.48533781,8.53058,-0.21872899999999973,Продовольствие,1.626611000000004
3,neighbor,tid_201,201,Ногайский муниципальный район,Карачаево-Черкесская Республика,муниципальный район,3,Городской сервисный профиль,True,True,0.22880436128639742,20335.0,1.003726646758311,0.47899271,6.690438,0.13890500000000028,-0.01358992,11.156067,-1.0286650000000002,0.28268895,5.037975,-0.8190879999999998,-0.51064271,36.329179,2.791712000000004,0.61018936,9.372753,0.6234439999999992,Продовольствие,2.791712000000004
4,neighbor,tid_2876,2876,городской округ город-курорт Кисловодск,Ставропольский край,городской округ,3,Городской сервисный профиль,True,False,0.2350470424552815,29700.0,1.4659789234680027,0.27003398,5.89254,-0.6589929999999997,0.16236233,13.313797,1.1290649999999989,0.35474083,5.98113,0.12406700000000015,-0.72327449,32.99366,-0.543807000000001,0.393818,7.96205,-0.7872590000000006,Маркетплейсы,1.1290649999999989
5,neighbor,tid_824,824,городской округ город-курорт Пятигорск,Ставропольский край,городской округ,3,Городской сервисный профиль,True,False,0.23618196554521478,30854.5,1.5229645351563463,0.24860216,5.816058,-0.7354750000000001,0.00224102,11.334988,-0.8497440000000012,0.40373423,6.721494,0.8644309999999997,-0.77752476,32.19354,-1.3439270000000008,0.49235799,8.575883,-0.17342600000000097,Продовольствие,-1.3439270000000008
6,neighbor,tid_812,812,городской округ город-курорт Ессентуки,Ставропольский край,городской округ,3,Городской сервисный профиль,True,False,0.2363206592880375,29425.0,1.4524050445470027,0.2696491,5.891122,-0.6604109999999999,0.04066702,11.781055,-0.40367700000000006,0.32769441,5.607974,-0.24908900000000056,-0.67706989,33.688715,0.1512480000000025,0.36483075,7.790261,-0.9590480000000001,Транспорт,-0.9590480000000001
7,neighbor,tid_2412,2412,внутригородская территория города федерального значения город Сестрорецк,Санкт-Петербург,внутригородская территория города федерального значения,3,Городской сервисный профиль,True,False,0.2505522288400784,43063.5,2.125595399689035,0.24350774,5.798469,-0.7530640000000002,0.00559298,11.373388,-0.8113440000000001,0.41585987,6.918515,1.061452,-0.77856257,32.178023,-1.3594439999999963,0.45255944,8.322653,-0.4266559999999995,Продовольствие,-1.3594439999999963
8,neighbor,tid_1456,1456,городской округ Королёв,Московская область,городской округ,3,Городской сервисный профиль,True,False,0.27827596563330725,44159.0,2.1796687973543274,0.26127725,5.861227,-0.6903059999999996,-0.0520477,10.733825,-1.4509070000000008,0.38374047,6.409423,0.5523600000000002,-0.63844495,34.281851,0.7443840000000037,0.36361743,7.783522,-0.9657870000000006,Маркетплейсы,-1.4509070000000008
9,neighbor,tid_2651,2651,городской округ Одинцовский,Московская область,городской округ,3,Городской сервисный профиль,True,False,0.28536137426287495,43598.5,2.152002764135344,0.17298864,5.554769,-0.9967639999999998,0.04467264,11.829585,-0.35514700000000055,0.39906659,6.64738,0.7903169999999999,-0.72778143,32.925939,-0.6115279999999998,0.47047062,8.435536,-0.3137729999999994,Здоровье,-0.9967639999999998
10,neighbor,tid_2446,2446,внутригородская территория города федерального значения поселок Стрельна,Санкт-Петербург,внутригородская территория города федерального значения,3,Городской сервисный профиль,True,False,0.28646361778063895,38976.0,1.9238381993632616,0.28706581,5.95425,-0.597283,-0.09147469,10.316095,-1.8686369999999997,0.40606294,6.758884,0.901821,-0.61206557,34.692942,1.1554750000000027,0.37556845,7.853138,-0.8961709999999998,Маркетплейсы,-1.8686369999999997
11,neighbor,tid_167,167,городской округ Нальчик,Кабардино-Балкарская Республика,городской округ,3,Городской сервисный профиль,True,False,0.2892762219031475,23083.0,1.1393667168488857,0.59223662,7.167271,0.6157380000000003,0.12196838,12.783987,0.5992549999999994,0.3741798,6.267326,0.4102629999999996,-0.89264162,30.563708,-2.973759000000001,0.64752938,9.645477,0.8961679999999994,Продовольствие,-2.973759000000001
12,neighbor,tid_1444,1444,городской округ Долгопрудный,Московская область,городской округ,3,Городской сервисный профиль,True,False,0.28974861553077175,44090.0,2.1762629877341495,0.21697054,5.705343,-0.84619,-0.03819416,10.88549,-1.2992419999999996,0.41663071,6.931291,1.0742279999999997,-0.7302916,32.88809,-0.6493770000000012,0.40635215,8.03755,-0.7117590000000007,Маркетплейсы,-1.2992419999999996
13,neighbor,tid_2482,2482,внутригородская территория города федерального значения муниципальный округ Можайский,Москва,внутригородская территория города федерального значения,3,Городской сервисный профиль,True,False,0.2965646455986492,45134.0,2.2277943680742367,0.31590241,6.059292,-0.49224099999999993,-0.15101122,9.717095,-2.467637,0.43974978,7.323716,1.466653,-0.69085857,33.479201,-0.058265999999996154,0.41008826,8.060123,-0.6891859999999994,Маркетплейсы,-2.467637
14,neighbor,tid_809,809,городской округ город Ставрополь,Ставропольский край,городской округ,3,Городской сервисный профиль,True,False,0.2970998403616432,31393.5,1.5495693378415065,0.34913324,6.182591,-0.36894199999999966,-0.12093688,10.018247,-2.1664849999999998,0.38551529,6.436241,0.5791779999999997,-0.62814265,34.44231,0.9048429999999996,0.32907151,7.582604,-1.1667050000000003,Маркетплейсы,-2.1664849999999998
15,neighbor,tid_2447,2447,внутригородская территория города федерального значения город Пушкин,Санкт-Петербург,внутригородская территория города федерального значения,3,Городской сервисный профиль,True,False,0.3029512870964649,42429.0,2.094276759051309,0.24751834,5.81243,-0.7391030000000001,-0.07755515,10.462118,-1.722614,0.44113594,7.347967,1.4909039999999996,-0.77555055,32.222044,-1.3154230000000027,0.40472509,8.027589,-0.7217199999999995,Маркетплейсы,-1.722614
