outcome_year,training_outcome_year,predictor,n,regions,municipality_rmse,municipality_mae,equal_region_mse,equal_region_centered_error_sample_variance,equal_region_mean_error,regions_with_pairs
2023,2023,linear_controls,1797,72,0.18461837004767473,0.13821063877036957,0.035378539108098385,0.024057967966109244,-0.0015803188880726604,71
2023,2023,linear_continuous5,1797,72,0.17948656783590308,0.13414806588219458,0.03330238396052397,0.02319944250698691,-0.0019878157013550673,71
2023,2023,linear_kmeans4,1797,72,0.1801959914679703,0.1342865281789074,0.03380907590255224,0.023921811029516377,-0.002577691268116423,71
2023,2023,linear_huber75,1797,72,0.18013191961098032,0.13446593866365966,0.03363688628884443,0.02377388973491407,-0.003534972688956753,71
2023,2023,quadratic_controls,1797,72,0.18171275601414694,0.13463730617022004,0.037896092582054224,0.024483819188245066,-0.013024559311064351,71
2023,2023,quadratic_continuous5,1797,72,0.18025706354003093,0.13469699098096274,0.03595281547131942,0.02470259875121678,-0.009291592140771786,71
2023,2023,quadratic_kmeans4,1797,72,0.1784462935003539,0.13144041608247603,0.035752513246033436,0.02435343890620268,-0.011991687882552969,71
2023,2023,quadratic_huber75,1797,72,0.17797753656344648,0.13148740646650559,0.03539880664254866,0.02409387765833604,-0.0129503420182128,71
2023,2023,histogram_controls,1797,72,0.17914463971040318,0.13261610503165003,0.03487468883252822,0.024567165353416145,-0.0039651159905499216,71
2023,2023,histogram_continuous5,1797,72,0.17092470002869595,0.1268361801080806,0.031299931046997354,0.0236150366383525,-0.0017379191360160748,71
2023,2023,histogram_kmeans4,1797,72,0.1760532248199776,0.130714532462666,0.03407694657001419,0.0250381316186446,-0.003829527489250189,71
2023,2023,histogram_huber75,1797,72,0.17426382067270582,0.12881490837753815,0.03248160014732751,0.02365377724956875,-0.003617545269895763,71
2024,2023,linear_controls,1678,68,0.2521899987869103,0.1970602433347,0.0633497540745468,0.023838228504581373,0.17245067452566906,67
2024,2023,linear_continuous5,1678,68,0.2446015877186721,0.19304384182531414,0.060552454515725426,0.0227368190285174,0.17011011679188753,67
2024,2023,linear_kmeans4,1678,68,0.24958620513685997,0.19598129839217154,0.061240766867221186,0.02374940470107934,0.17050147252064388,67
2024,2023,linear_huber75,1678,68,0.2488864201696129,0.19526245530978711,0.06084951599864821,0.02366256952163072,0.16947194962520984,67
2024,2023,quadratic_controls,1678,68,0.2500416368660277,0.1955161451925545,0.06309000185647824,0.024440869029318565,0.15977498625729336,67
2024,2023,quadratic_continuous5,1678,68,0.24604658874943533,0.1936530735234299,0.06157148580398307,0.024476148296383744,0.15997807514978282,67
2024,2023,quadratic_kmeans4,1678,68,0.2482981196225156,0.1948913067084229,0.060892143711876255,0.024277476132812562,0.15996297444990326,67
2024,2023,quadratic_huber75,1678,68,0.2472578125915056,0.19406223947356444,0.06030855466444468,0.024048548563684904,0.15880086897397294,67
2024,2023,histogram_controls,1678,68,0.24805101727681875,0.19585284430437072,0.06203659907817003,0.02444899639891147,0.16815081990213315,67
2024,2023,histogram_continuous5,1678,68,0.24254438323415348,0.1921939665579693,0.05855607754714961,0.02319032589482908,0.1683317715428461,67
2024,2023,histogram_kmeans4,1678,68,0.24658584528539348,0.19437680178486078,0.06113814687059532,0.02489048454867338,0.16730126182559515,67
2024,2023,histogram_huber75,1678,68,0.24464165215031208,0.19339069985561225,0.0595767851941717,0.023535079600110094,0.16734934589117495,67
